code,long_title,precision,recall,f1,tp,fp,fn,test_count,train_frequency
00160J6,"Bypass Cerebral Ventricle to Peritoneal Cavity with Synthetic Substitute, Open Approach",0.0,0.0,0.0,0,0,4,4,19.0
00163J6,"Bypass Cerebral Ventricle to Peritoneal Cavity with Synthetic Substitute, Percutaneous Approach",0.6666666663888888,0.999999999375,0.7999999948000001,16,8,0,16,79.0
00164J6,"Bypass Cerebral Ventricle to Peritoneal Cavity with Synthetic Substitute, Percutaneous Endoscopic Approach",0.0,0.0,0.0,0,0,3,3,14.0
008Q4ZZ,"Division of Vagus Nerve, Percutaneous Endoscopic Approach",0.999999995,0.999999995,0.9999999900000001,2,0,0,2,9.0
009400Z,"Drainage of Intracranial Subdural Space with Drainage Device, Open Approach",0.0,0.0,0.0,0,3,8,8,37.0
00940ZZ,"Drainage of Intracranial Subdural Space, Open Approach",0.0,0.0,0.0,0,1,6,6,31.0
009430Z,"Drainage of Intracranial Subdural Space with Drainage Device, Percutaneous Approach",0.3333333322222222,0.1999999996,0.24999999468750006,1,2,4,5,25.0
00943ZZ,"Drainage of Intracranial Subdural Space, Percutaneous Approach",0.3999999992,0.49999999875,0.4444444385185186,2,3,2,4,17.0
009600Z,"Drainage of Cerebral Ventricle with Drainage Device, Open Approach",0.0,0.0,0.0,0,3,4,4,19.0
009630Z,"Drainage of Cerebral Ventricle with Drainage Device, Percutaneous Approach",0.8648648646311176,0.9411764703114187,0.9014084454592344,32,5,2,34,164.0
00970ZZ,"Drainage of Cerebral Hemisphere, Open Approach",0.3333333322222222,0.4999999975,0.39999999360000005,1,2,1,2,8.0
009U00Z,"Drainage of Spinal Canal with Drainage Device, Open Approach",0.0,0.0,0.0,0,1,3,3,14.0
009U0ZZ,"Drainage of Spinal Canal, Open Approach",0.0,0.0,0.0,0,1,3,3,17.0
009U30Z,"Drainage of Spinal Canal with Drainage Device, Percutaneous Approach",0.249999999375,0.16666666638888888,0.1999999948000001,1,3,5,6,27.0
009U3ZX,"Drainage of Spinal Canal, Percutaneous Approach, Diagnostic",0.7043189368536771,0.7412587412328231,0.722316860396031,212,89,74,286,1261.0
009U3ZZ,"Drainage of Spinal Canal, Percutaneous Approach",0.0,0.0,0.0,0,1,11,11,56.0
00B00ZX,"Excision of Brain, Open Approach, Diagnostic",0.0,0.0,0.0,0,2,7,7,33.0
00B00ZZ,"Excision of Brain, Open Approach",0.24999999984375,0.24999999984375,0.24999999484375007,4,12,12,16,77.0
00B03ZX,"Excision of Brain, Percutaneous Approach, Diagnostic",0.3333333329629629,0.4285714279591837,0.374999994609375,3,6,4,7,37.0
00B10ZX,"Excision of Cerebral Meninges, Open Approach, Diagnostic",0.0,0.0,0.0,0,1,3,3,12.0
00B10ZZ,"Excision of Cerebral Meninges, Open Approach",0.41935483857440164,0.7647058819031142,0.5416666618663195,13,18,4,17,85.0
00B20ZX,"Excision of Dura Mater, Open Approach, Diagnostic",0.0,0.0,0.0,0,0,2,2,11.0
00B20ZZ,"Excision of Dura Mater, Open Approach",0.0,0.0,0.0,0,0,4,4,20.0
00B60ZZ,"Excision of Cerebral Ventricle, Open Approach",0.9999999900000002,0.3333333322222222,0.49999999375000004,1,0,2,3,16.0
00B70ZX,"Excision of Cerebral Hemisphere, Open Approach, Diagnostic",0.6666666644444444,0.13333333324444444,0.22222221919753085,2,1,13,15,44.0
00B70ZZ,"Excision of Cerebral Hemisphere, Open Approach",0.47058823520184545,0.6153846152268244,0.5333333283037037,24,27,15,39,127.0
00B73ZX,"Excision of Cerebral Hemisphere, Percutaneous Approach, Diagnostic",0.5833333328472222,0.8749999989062499,0.6999999945000001,7,5,1,8,38.0
00BC0ZX,"Excision of Cerebellum, Open Approach, Diagnostic",0.0,0.0,0.0,0,1,2,2,9.0
00BC0ZZ,"Excision of Cerebellum, Open Approach",0.4999999997222222,0.9999999988888888,0.6666666617283951,9,9,0,9,43.0
00BM0ZZ,"Excision of Facial Nerve, Open Approach",0.0,0.0,0.0,0,0,3,3,16.0
00BT0ZX,"Excision of Spinal Meninges, Open Approach, Diagnostic",0.0,0.0,0.0,0,0,1,1,8.0
00BT0ZZ,"Excision of Spinal Meninges, Open Approach",0.0,0.0,0.0,0,1,4,4,19.0
00BW0ZZ,"Excision of Cervical Spinal Cord, Open Approach",0.999999995,0.999999995,0.9999999900000001,2,0,0,2,10.0
00BX0ZX,"Excision of Thoracic Spinal Cord, Open Approach, Diagnostic",0.0,0.0,0.0,0,1,3,3,8.0
00BX0ZZ,"Excision of Thoracic Spinal Cord, Open Approach",0.3636363633057851,0.7999999984,0.499999995078125,4,7,1,5,26.0
00BY0ZX,"Excision of Lumbar Spinal Cord, Open Approach, Diagnostic",0.0,0.0,0.0,0,0,5,5,12.0
00BY0ZZ,"Excision of Lumbar Spinal Cord, Open Approach",0.0,0.0,0.0,0,0,4,4,20.0
00C00ZZ,"Extirpation of Matter from Brain, Open Approach",0.0,0.0,0.0,0,2,5,5,26.0
00C30ZZ,"Extirpation of Matter from Intracranial Epidural Space, Open Approach",0.999999995,0.49999999875,0.6666666600000001,2,0,2,4,18.0
00C40ZZ,"Extirpation of Matter from Intracranial Subdural Space, Open Approach",0.5384615383234714,0.9130434778638941,0.6774193499531739,21,18,2,23,112.0
00C43ZZ,"Extirpation of Matter from Intracranial Subdural Space, Percutaneous Approach",0.18181818165289254,0.3999999992,0.249999995390625,2,9,3,5,24.0
00C70ZZ,"Extirpation of Matter from Cerebral Hemisphere, Open Approach",0.0,0.0,0.0,0,2,4,4,17.0
00CC0ZZ,"Extirpation of Matter from Cerebellum, Open Approach",0.49999999875,0.999999995,0.6666666600000001,2,2,0,2,10.0
00CU0ZZ,"Extirpation of Matter from Spinal Canal, Open Approach",0.249999999375,0.4999999975,0.33333332777777785,1,3,1,2,11.0
00H00MZ,"Insertion of Neurostimulator Lead into Brain, Open Approach",0.0,0.0,0.0,0,0,2,2,9.0
00H032Z,"Insertion of Monitoring Device into Brain, Percutaneous Approach",0.999999995,0.6666666644444444,0.799999992,2,0,1,3,14.0
00H03MZ,"Insertion of Neurostimulator Lead into Brain, Percutaneous Approach",0.9999999980000001,0.7142857132653061,0.8333333270833335,5,0,2,7,33.0
00H633Z,"Insertion of Infusion Device into Cerebral Ventricle, Percutaneous Approach",0.49999999875,0.999999995,0.6666666600000001,2,2,0,2,8.0
00HU03Z,"Insertion of Infusion Device into Spinal Canal, Open Approach",0.0,0.0,0.0,0,2,9,9,43.0
00HU33Z,"Insertion of Infusion Device into Spinal Canal, Percutaneous Approach",0.4374999997265625,0.12280701752231456,0.19178081844248454,7,9,50,57,278.0
00JU3ZZ,"Inspection of Spinal Canal, Percutaneous Approach",0.0,0.0,0.0,0,0,33,33,121.0
00N00ZZ,"Release Brain, Open Approach",0.6666666655555555,0.3999999996,0.4999999946875,4,2,6,10,47.0
00NC0ZZ,"Release Cerebellum, Open Approach",0.3333333329629629,0.9999999966666667,0.4999999954166666,3,6,0,3,15.0
00NK0ZZ,"Release Trigeminal Nerve, Open Approach",0.999999995,0.999999995,0.9999999900000001,2,0,0,2,10.0
00NW0ZZ,"Release Cervical Spinal Cord, Open Approach",0.1111111109876543,0.045454545433884296,0.06451612486992742,1,8,21,22,108.0
00NX0ZZ,"Release Thoracic Spinal Cord, Open Approach",0.49999999964285713,0.46666666635555554,0.4827586153626635,7,7,8,15,60.0
00NY0ZZ,"Release Lumbar Spinal Cord, Open Approach",0.0,0.0,0.0,0,4,17,17,85.0
00P60JZ,"Removal of Synthetic Substitute from Cerebral Ventricle, Open Approach",0.0,0.0,0.0,0,1,1,1,8.0
00P630Z,"Removal of Drainage Device from Cerebral Ventricle, Percutaneous Approach",0.0,0.0,0.0,0,0,2,2,9.0
00P63JZ,"Removal of Synthetic Substitute from Cerebral Ventricle, Percutaneous Approach",0.0,0.0,0.0,0,0,2,2,12.0
00P6X0Z,"Removal of Drainage Device from Cerebral Ventricle, External Approach",0.0,0.0,0.0,0,0,3,3,13.0
00PU0MZ,"Removal of Neurostimulator Lead from Spinal Canal, Open Approach",0.4999999975,0.9999999900000002,0.6666666577777778,1,1,0,1,8.0
00PV0MZ,"Removal of Neurostimulator Lead from Spinal Cord, Open Approach",0.4999999975,0.9999999900000002,0.6666666577777778,1,1,0,1,8.0
00Q20ZZ,"Repair Dura Mater, Open Approach",0.0,0.0,0.0,0,0,6,6,16.0
00QT0ZZ,"Repair Spinal Meninges, Open Approach",0.16666666657407406,0.2727272724793388,0.20689654687277062,3,15,8,11,52.0
00U207Z,"Supplement Dura Mater with Autologous Tissue Substitute, Open Approach",0.49999999937499995,0.3333333330555555,0.39999999480000004,4,4,8,12,61.0
00U20JZ,"Supplement Dura Mater with Synthetic Substitute, Open Approach",0.0,0.0,0.0,0,0,8,8,40.0
00U20KZ,"Supplement Dura Mater with Nonautologous Tissue Substitute, Open Approach",0.33333333277777777,0.07692307689349112,0.12499999687500009,2,4,24,26,125.0
00UT07Z,"Supplement Spinal Meninges with Autologous Tissue Substitute, Open Approach",0.0,0.0,0.0,0,1,2,2,9.0
00UT0JZ,"Supplement Spinal Meninges with Synthetic Substitute, Open Approach",0.24999999979166665,0.37499999953124996,0.2999999949,3,9,5,8,39.0
00UT0KZ,"Supplement Spinal Meninges with Nonautologous Tissue Substitute, Open Approach",0.4999999975,0.1999999996,0.28571428081632655,1,1,4,5,25.0
01N10ZZ,"Release Cervical Nerve, Open Approach",0.0,0.0,0.0,0,1,11,11,55.0
01N30ZZ,"Release Brachial Plexus, Open Approach",0.49999999875,0.6666666644444444,0.5714285648979592,2,2,1,3,7.0
01N40ZZ,"Release Ulnar Nerve, Open Approach",0.0,0.0,0.0,0,0,4,4,21.0
01N50ZZ,"Release Median Nerve, Open Approach",0.3999999992,0.16666666652777776,0.23529411321799312,2,3,10,12,53.0
01N60ZZ,"Release Radial Nerve, Open Approach",0.0,0.0,0.0,0,0,2,2,12.0
01N80ZZ,"Release Thoracic Nerve, Open Approach",0.0,0.0,0.0,0,0,8,8,24.0
01NB0ZZ,"Release Lumbar Nerve, Open Approach",0.439716312025552,0.7749999999031251,0.5610859681808318,62,79,18,80,398.0
01NR0ZZ,"Release Sacral Nerve, Open Approach",0.0,0.0,0.0,0,0,4,4,19.0
01Q40ZZ,"Repair Ulnar Nerve, Open Approach",0.0,0.0,0.0,0,1,4,4,20.0
01Q50ZZ,"Repair Median Nerve, Open Approach",0.0,0.0,0.0,0,0,2,2,11.0
01Q60ZZ,"Repair Radial Nerve, Open Approach",0.0,0.0,0.0,0,0,2,2,12.0
0210093,"Bypass Coronary Artery, One Artery from Coronary Artery with Autologous Venous Tissue, Open Approach",0.0,0.0,0.0,0,1,4,4,19.0
0210099,"Bypass Coronary Artery, One Artery from Left Internal Mammary with Autologous Venous Tissue, Open Approach",0.0,0.0,0.0,0,0,9,9,35.0
021009W,"Bypass Coronary Artery, One Artery from Aorta with Autologous Venous Tissue, Open Approach",0.7857142856207484,0.9565217389918085,0.8627450929744971,66,18,3,69,347.0
02100A3,"Bypass Coronary Artery, One Artery from Coronary Artery with Autologous Arterial Tissue, Open Approach",0.0,0.0,0.0,0,0,2,2,7.0
02100A8,"Bypass Coronary Artery, One Artery from Right Internal Mammary with Autologous Arterial Tissue, Open Approach",0.0,0.0,0.0,0,0,2,2,11.0
02100A9,"Bypass Coronary Artery, One Artery from Left Internal Mammary with Autologous Arterial Tissue, Open Approach",0.0,0.0,0.0,0,0,5,5,22.0
02100AW,"Bypass Coronary Artery, One Artery from Aorta with Autologous Arterial Tissue, Open Approach",0.7555555553876543,0.8717948715713346,0.809523804356576,34,11,5,39,198.0
02100Z8,"Bypass Coronary Artery, One Artery from Right Internal Mammary, Open Approach",0.6888888887358025,0.8611111108719136,0.765432093638165,31,14,5,36,166.0
02100Z9,"Bypass Coronary Artery, One Artery from Left Internal Mammary, Open Approach",0.9113149846816111,0.9900332225584706,0.9490445809656072,298,29,3,301,1416.0
0211093,"Bypass Coronary Artery, Two Arteries from Coronary Artery with Autologous Venous Tissue, Open Approach",0.0,0.0,0.0,0,0,2,2,11.0
021109W,"Bypass Coronary Artery, Two Arteries from Aorta with Autologous Venous Tissue, Open Approach",0.8512396693511373,0.8879310344062129,0.8691983071651623,103,18,13,116,496.0
02110A9,"Bypass Coronary Artery, Two Arteries from Left Internal Mammary with Autologous Arterial Tissue, Open Approach",0.0,0.0,0.0,0,0,2,2,9.0
02110AW,"Bypass Coronary Artery, Two Arteries from Aorta with Autologous Arterial Tissue, Open Approach",0.49999999875,0.33333333277777777,0.3999999944,2,2,4,6,30.0
02110Z8,"Bypass Coronary Artery, Two Arteries from Right Internal Mammary, Open Approach",0.6999999992999999,0.7777777769135802,0.7368420995013849,7,3,2,9,41.0
02110Z9,"Bypass Coronary Artery, Two Arteries from Left Internal Mammary, Open Approach",0.7499999997321428,0.8749999996354166,0.8076923024112426,21,7,3,24,118.0
0212093,"Bypass Coronary Artery, Three Arteries from Coronary Artery with Autologous Venous Tissue, Open Approach",0.0,0.0,0.0,0,0,3,3,17.0
021209W,"Bypass Coronary Artery, Three Arteries from Aorta with Autologous Venous Tissue, Open Approach",0.827160493725042,0.9178082190523551,0.8701298650303593,67,14,6,73,366.0
02120Z9,"Bypass Coronary Artery, Three Arteries from Left Internal Mammary, Open Approach",0.0,0.0,0.0,0,0,2,2,10.0
021309W,"Bypass Coronary Artery, Four or More Arteries from Aorta with Autologous Venous Tissue, Open Approach",0.8695652170132325,0.9523809519274377,0.9090909036880166,20,3,1,21,94.0
02570ZK,"Destruction of Left Atrial Appendage, Open Approach",0.0,0.0,0.0,0,0,7,7,19.0
02580ZZ,"Destruction of Conduction Mechanism, Open Approach",0.6857142855183673,0.9999999995833333,0.8135593169319161,24,11,0,24,114.0
02583ZZ,"Destruction of Conduction Mechanism, Percutaneous Approach",0.7719298244259772,0.9777777775604938,0.8627450929392542,44,13,1,45,214.0
025M3ZZ,"Destruction of Ventricular Septum, Percutaneous Approach",0.4999999975,0.4999999975,0.4999999925000001,1,1,1,2,7.0
025S0ZZ,"Destruction of Right Pulmonary Vein, Open Approach",0.0,0.0,0.0,0,0,2,2,7.0
0270346,"Dilation of Coronary Artery, One Artery, Bifurcation, with Drug-eluting Intraluminal Device, Percutaneous Approach",0.0,0.0,0.0,0,0,4,4,18.0
027034Z,"Dilation of Coronary Artery, One Artery with Drug-eluting Intraluminal Device, Percutaneous Approach",0.6815642457719796,0.9037037036367627,0.7770700587429511,122,57,13,135,700.0
027035Z,"Dilation of Coronary Artery, One Artery with Two Drug-eluting Intraluminal Devices, Percutaneous Approach",0.41818181810578514,0.6764705880363322,0.5168539277464969,23,32,11,34,145.0
027036Z,"Dilation of Coronary Artery, One Artery with Three Drug-eluting Intraluminal Devices, Percutaneous Approach",0.3999999992,0.3999999992,0.39999999420000004,2,3,3,5,27.0
02703DZ,"Dilation of Coronary Artery, One Artery with Intraluminal Device, Percutaneous Approach",0.9999999985714286,0.6363636357851239,0.7777777721604938,7,0,4,11,46.0
02703ZZ,"Dilation of Coronary Artery, One Artery, Percutaneous Approach",0.5957446807243096,0.7567567565522278,0.6666666615787983,28,19,9,37,164.0
027134Z,"Dilation of Coronary Artery, Two Arteries with Drug-eluting Intraluminal Device, Percutaneous Approach",0.249999999375,0.08333333326388888,0.1249999960937501,1,3,11,12,60.0
027135Z,"Dilation of Coronary Artery, Two Arteries with Two Drug-eluting Intraluminal Devices, Percutaneous Approach",0.5555555549382716,0.29411764688581316,0.38461537979289945,5,4,12,17,64.0
027136Z,"Dilation of Coronary Artery, Two Arteries with Three Drug-eluting Intraluminal Devices, Percutaneous Approach",0.0,0.0,0.0,0,13,5,5,24.0
02713ZZ,"Dilation of Coronary Artery, Two Arteries, Percutaneous Approach",0.0,0.0,0.0,0,0,2,2,12.0
027234Z,"Dilation of Coronary Artery, Three Arteries with Drug-eluting Intraluminal Device, Percutaneous Approach",0.0,0.0,0.0,0,0,2,2,9.0
027236Z,"Dilation of Coronary Artery, Three Arteries with Three Drug-eluting Intraluminal Devices, Percutaneous Approach",0.0,0.0,0.0,0,0,2,2,8.0
027F3ZZ,"Dilation of Aortic Valve, Percutaneous Approach",0.6666666655555555,0.6666666655555555,0.6666666605555556,4,2,2,6,24.0
027V3DZ,"Dilation of Superior Vena Cava with Intraluminal Device, Percutaneous Approach",0.3333333322222222,0.9999999900000002,0.49999999375000004,1,2,0,1,8.0
027V3ZZ,"Dilation of Superior Vena Cava, Percutaneous Approach",0.7999999984,0.7999999984,0.7999999934,4,1,1,5,24.0
02B50ZZ,"Excision of Atrial Septum, Open Approach",0.4999999975,0.4999999975,0.4999999925000001,1,1,1,2,9.0
02B70ZK,"Excision of Left Atrial Appendage, Open Approach",0.49999999916666665,0.5999999988,0.5454545395041324,3,3,2,5,24.0
02B70ZZ,"Excision of Left Atrium, Open Approach",0.6666666644444444,0.999999995,0.799999992,2,1,0,2,8.0
02BF0ZZ,"Excision of Aortic Valve, Open Approach",0.9999999900000002,0.9999999900000002,0.9999999850000002,1,0,0,1,8.0
02BG0ZZ,"Excision of Mitral Valve, Open Approach",0.7999999992,0.3076923075739645,0.4444444401851852,8,2,18,26,131.0
02BK3ZX,"Excision of Right Ventricle, Percutaneous Approach, Diagnostic",0.7142857137755102,0.7692307686390532,0.7407407351989027,10,4,3,13,29.0
02BN0ZZ,"Excision of Pericardium, Open Approach",0.0,0.0,0.0,0,2,3,3,13.0
02C03ZZ,"Extirpation of Matter from Coronary Artery, One Artery, Percutaneous Approach",0.7222222218209876,0.519999999792,0.6046511576419688,13,5,12,25,88.0
02C13ZZ,"Extirpation of Matter from Coronary Artery, Two Arteries, Percutaneous Approach",0.0,0.0,0.0,0,0,2,2,7.0
02CN0ZZ,"Extirpation of Matter from Pericardium, Open Approach",0.9999999900000002,0.4999999975,0.6666666577777778,1,0,1,2,9.0
02H43JZ,"Insertion of Pacemaker Lead into Coronary Vein, Percutaneous Approach",0.9999999900000002,0.3333333322222222,0.49999999375000004,1,0,2,3,17.0
02H43KZ,"Insertion of Defibrillator Lead into Coronary Vein, Percutaneous Approach",0.3333333322222222,0.3333333322222222,0.33333332722222225,1,2,2,3,16.0
02H633Z,"Insertion of Infusion Device into Right Atrium, Percutaneous Approach",0.7735849056238875,0.4969696969546373,0.6051660468751788,164,48,166,330,1477.0
02H63JZ,"Insertion of Pacemaker Lead into Right Atrium, Percutaneous Approach",0.7815126049763436,0.9789473683180056,0.8691588734863308,93,26,2,95,427.0
02H63KZ,"Insertion of Defibrillator Lead into Right Atrium, Percutaneous Approach",0.4242424241138659,0.6999999996499999,0.5283018818939124,14,19,6,20,76.0
02HA0QZ,"Insertion of Implantable Heart Assist System into Heart, Open Approach",0.9999999985714286,0.8749999989062499,0.933333327111111,7,0,1,8,24.0
02HA3RJ,"Insertion of Short-term External Heart Assist System into Heart, Intraoperative, Percutaneous Approach",0.0,0.0,0.0,0,1,3,3,12.0
02HA3RZ,"Insertion of Short-term External Heart Assist System into Heart, Percutaneous Approach",0.6521739127599243,0.9999999993333333,0.7894736790166205,15,8,0,15,76.0
02HK3JZ,"Insertion of Pacemaker Lead into Right Ventricle, Percutaneous Approach",0.8403361343831651,0.9259259258401921,0.8810572636565819,100,19,8,108,495.0
02HK3KZ,"Insertion of Defibrillator Lead into Right Ventricle, Percutaneous Approach",0.673913043331758,0.8857142854612244,0.7654320936686481,31,15,4,35,136.0
02HK3NZ,"Insertion of Intracardiac Pacemaker into Right Ventricle, Percutaneous Approach",0.9999999900000002,0.4999999975,0.6666666577777778,1,0,1,2,8.0
02HL3JZ,"Insertion of Pacemaker Lead into Left Ventricle, Percutaneous Approach",0.0,0.0,0.0,0,2,6,6,30.0
02HL3KZ,"Insertion of Defibrillator Lead into Left Ventricle, Percutaneous Approach",0.12499999984374999,0.249999999375,0.16666666194444454,1,7,3,4,19.0
02HN0KZ,"Insertion of Defibrillator Lead into Pericardium, Open Approach",0.1999999996,0.4999999975,0.28571428081632655,1,4,1,2,10.0
02HP32Z,"Insertion of Monitoring Device into Pulmonary Trunk, Percutaneous Approach",0.3999999992,0.051282051268902035,0.09090908885330583,2,3,37,39,165.0
02HQ32Z,"Insertion of Monitoring Device into Right Pulmonary Artery, Percutaneous Approach",0.29411764688581316,0.13157894733379502,0.18181817748099185,5,12,33,38,167.0
02HQ33Z,"Insertion of Infusion Device into Right Pulmonary Artery, Percutaneous Approach",0.9999999900000002,0.4999999975,0.6666666577777778,1,0,1,2,9.0
02HR33Z,"Insertion of Infusion Device into Left Pulmonary Artery, Percutaneous Approach",0.9999999900000002,0.4999999975,0.6666666577777778,1,0,1,2,10.0
02HV33Z,"Insertion of Infusion Device into Superior Vena Cava, Percutaneous Approach",0.6020997375296478,0.7296437658986664,0.6597641595517014,1147,758,425,1572,6904.0
02JA3ZZ,"Inspection of Heart, Percutaneous Approach",0.0,0.0,0.0,0,0,2,2,8.0
02K83ZZ,"Map Conduction Mechanism, Percutaneous Approach",0.5964912279655279,0.9444444441820987,0.731182790796624,34,23,2,36,154.0
02L70CK,"Occlusion of Left Atrial Appendage with Extraluminal Device, Open Approach",0.7999999994666667,0.7999999994666667,0.7999999944666668,12,3,3,15,77.0
02L70ZK,"Occlusion of Left Atrial Appendage, Open Approach",0.48484848470156106,0.8421052627146814,0.6153846105103551,16,17,3,19,74.0
02L73DK,"Occlusion of Left Atrial Appendage with Intraluminal Device, Percutaneous Approach",0.9999999900000002,0.4999999975,0.6666666577777778,1,0,1,2,11.0
02PA0MZ,"Removal of Cardiac Lead from Heart, Open Approach",0.9999999900000002,0.249999999375,0.3999999952,1,0,3,4,12.0
02PA0RZ,"Removal of Short-term External Heart Assist System from Heart, Open Approach",0.0,0.0,0.0,0,0,1,1,8.0
02PA33Z,"Removal of Infusion Device from Heart, Percutaneous Approach",0.0,0.0,0.0,0,0,5,5,14.0
02PA3MZ,"Removal of Cardiac Lead from Heart, Percutaneous Approach",0.5151515149954086,0.8499999995749999,0.6415094290210039,17,16,3,20,97.0
02PA3RZ,"Removal of Short-term External Heart Assist System from Heart, Percutaneous Approach",0.3888888886728395,0.8749999989062499,0.5384615337869822,7,11,1,8,42.0
02PAX3Z,"Removal of Infusion Device from Heart, External Approach",0.0,0.0,0.0,0,0,10,10,48.0
02PY33Z,"Removal of Infusion Device from Great Vessel, Percutaneous Approach",0.0,0.0,0.0,0,0,12,12,62.0
02PYX3Z,"Removal of Infusion Device from Great Vessel, External Approach",0.0,0.0,0.0,0,0,18,18,88.0
02Q50ZZ,"Repair Atrial Septum, Open Approach",0.6923076917751478,0.9999999988888888,0.8181818126033058,9,4,0,9,46.0
02QF0ZZ,"Repair Aortic Valve, Open Approach",0.9999999900000002,0.3333333322222222,0.49999999375000004,1,0,2,3,14.0
02QG0ZZ,"Repair Mitral Valve, Open Approach",0.0,0.0,0.0,0,2,5,5,26.0
02QK0ZZ,"Repair Right Ventricle, Open Approach",0.0,0.0,0.0,0,1,2,2,9.0
02RF08Z,"Replacement of Aortic Valve with Zooplastic Tissue, Open Approach",0.9328358208259078,0.9842519684264369,0.9578544010604659,125,9,2,127,553.0
02RF0JZ,"Replacement of Aortic Valve with Synthetic Substitute, Open Approach",0.8965517238287752,0.8666666663777778,0.8813559269060615,26,3,4,30,146.0
02RF0KZ,"Replacement of Aortic Valve with Nonautologous Tissue Substitute, Open Approach",0.0,0.0,0.0,0,0,4,4,20.0
02RF38Z,"Replacement of Aortic Valve with Zooplastic Tissue, Percutaneous Approach",0.8252427183664813,0.9550561796679713,0.8854166616010201,85,18,4,89,354.0
02RF3JZ,"Replacement of Aortic Valve with Synthetic Substitute, Percutaneous Approach",0.0,0.0,0.0,0,0,2,2,9.0
02RG08Z,"Replacement of Mitral Valve with Zooplastic Tissue, Open Approach",0.8124999997460938,0.8965517238287752,0.8524590111260415,26,6,3,29,123.0
02RG0JZ,"Replacement of Mitral Valve with Synthetic Substitute, Open Approach",0.9999999989999999,0.9999999989999999,0.999999994,10,0,0,10,46.0
02RG38Z,"Replacement of Mitral Valve with Zooplastic Tissue, Percutaneous Approach",0.7499999981250001,0.9999999966666667,0.8571428497959185,3,1,0,3,18.0
02RJ08Z,"Replacement of Tricuspid Valve with Zooplastic Tissue, Open Approach",0.9999999966666667,0.9999999966666667,0.9999999916666666,3,0,0,3,11.0
02RW0JZ,"Replacement of Thoracic Aorta, Descending with Synthetic Substitute, Open Approach",0.24999999979166665,0.29999999969999996,0.2727272675206612,3,9,7,10,49.0
02RX08Z,"Replacement of Thoracic Aorta, Ascending/Arch with Zooplastic Tissue, Open Approach",0.0,0.0,0.0,0,0,1,1,8.0
02RX0JZ,"Replacement of Thoracic Aorta, Ascending/Arch with Synthetic Substitute, Open Approach",0.6666666664444444,0.8333333329861111,0.7407407355281208,20,10,4,24,122.0
02U508Z,"Supplement Atrial Septum with Zooplastic Tissue, Open Approach",0.9999999900000002,0.4999999975,0.6666666577777778,1,0,1,2,9.0
02U53JZ,"Supplement Atrial Septum with Synthetic Substitute, Percutaneous Approach",0.33333333277777777,0.999999995,0.49999999500000003,2,4,0,2,12.0
02UG08Z,"Supplement Mitral Valve with Zooplastic Tissue, Open Approach",0.0,0.0,0.0,0,0,1,1,8.0
02UG0JZ,"Supplement Mitral Valve with Synthetic Substitute, Open Approach",0.9622641507618369,0.9999999998039215,0.9807692255824705,51,2,0,51,249.0
02UG3JZ,"Supplement Mitral Valve with Synthetic Substitute, Percutaneous Approach",0.6666666663888888,0.999999999375,0.7999999948000001,16,8,0,16,82.0
02UJ0JZ,"Supplement Tricuspid Valve with Synthetic Substitute, Open Approach",0.9166666662847222,0.9565217387145557,0.9361702073698506,22,2,1,23,94.0
02UN08Z,"Supplement Pericardium with Zooplastic Tissue, Open Approach",0.0,0.0,0.0,0,0,2,2,9.0
02UX08Z,"Supplement Thoracic Aorta, Ascending/Arch with Zooplastic Tissue, Open Approach",0.7499999981250001,0.5999999988,0.6666666602469137,3,1,2,5,25.0
02VW3DZ,"Restriction of Thoracic Aorta, Descending with Intraluminal Device, Percutaneous Approach",0.4999999997222222,0.8181818174380164,0.6206896500356718,9,9,2,11,50.0
02VX3DZ,"Restriction of Thoracic Aorta, Ascending/Arch with Intraluminal Device, Percutaneous Approach",0.0,0.0,0.0,0,0,2,2,11.0
02WA3MZ,"Revision of Cardiac Lead in Heart, Percutaneous Approach",0.7499999981250001,0.7499999981250001,0.7499999931250001,3,1,1,4,18.0
02WY33Z,"Revision of Infusion Device in Great Vessel, Percutaneous Approach",0.0,0.0,0.0,0,0,3,3,17.0
02WYX3Z,"Revision of Infusion Device in Great Vessel, External Approach",0.0,0.0,0.0,0,0,2,2,11.0
03180ZD,"Bypass Left Brachial Artery to Upper Arm Vein, Open Approach",0.0,0.0,0.0,0,0,2,2,11.0
03773ZZ,"Dilation of Right Brachial Artery, Percutaneous Approach",0.1999999996,0.4999999975,0.28571428081632655,1,4,1,2,10.0
03783ZZ,"Dilation of Left Brachial Artery, Percutaneous Approach",0.0,0.0,0.0,0,0,4,4,21.0
037G3ZZ,"Dilation of Intracranial Artery, Percutaneous Approach",0.0,0.0,0.0,0,0,2,2,7.0
037K3DZ,"Dilation of Right Internal Carotid Artery with Intraluminal Device, Percutaneous Approach",0.9999999966666667,0.5999999988,0.7499999934375,3,0,2,5,23.0
037L3DZ,"Dilation of Left Internal Carotid Artery with Intraluminal Device, Percutaneous Approach",0.2222222219753086,0.3999999992,0.2857142807142858,2,7,3,5,23.0
037Y3ZZ,"Dilation of Upper Artery, Percutaneous Approach",0.0,0.0,0.0,0,0,3,3,14.0
03B00ZZ,"Excision of Right Internal Mammary Artery, Open Approach",0.0,0.0,0.0,0,2,2,2,9.0
03B10ZZ,"Excision of Left Internal Mammary Artery, Open Approach",0.0,0.0,0.0,0,0,3,3,16.0
03BB4ZZ,"Excision of Right Radial Artery, Percutaneous Endoscopic Approach",0.0,0.0,0.0,0,0,2,2,7.0
03BC0ZZ,"Excision of Left Radial Artery, Open Approach",0.0,0.0,0.0,0,0,2,2,10.0
03BC4ZZ,"Excision of Left Radial Artery, Percutaneous Endoscopic Approach",0.8510638296061566,0.9302325579232017,0.8888888837012346,40,7,3,43,216.0
03BG0ZZ,"Excision of Intracranial Artery, Open Approach",0.4999999975,0.1999999996,0.28571428081632655,1,1,4,5,25.0
03BS0ZX,"Excision of Right Temporal Artery, Open Approach, Diagnostic",0.49999999875,0.999999995,0.6666666600000001,2,2,0,2,11.0
03C70ZZ,"Extirpation of Matter from Right Brachial Artery, Open Approach",0.9999999900000002,0.4999999975,0.6666666577777778,1,0,1,2,10.0
03C73ZZ,"Extirpation of Matter from Right Brachial Artery, Percutaneous Approach",0.0,0.0,0.0,0,0,1,1,8.0
03C80ZZ,"Extirpation of Matter from Left Brachial Artery, Open Approach",0.9999999900000002,0.4999999975,0.6666666577777778,1,0,1,2,10.0
03C83ZZ,"Extirpation of Matter from Left Brachial Artery, Percutaneous Approach",0.0,0.0,0.0,0,0,2,2,11.0
03CG3Z7,"Extirpation of Matter from Intracranial Artery using Stent Retriever, Percutaneous Approach",0.1999999998,0.2857142853061225,0.23529411252595167,2,8,5,7,32.0
03CG3ZZ,"Extirpation of Matter from Intracranial Artery, Percutaneous Approach",0.3999999998666667,0.7999999994666667,0.5333333286518519,12,18,3,15,74.0
03CH0ZZ,"Extirpation of Matter from Right Common Carotid Artery, Open Approach",0.3043478259546314,0.9999999985714286,0.46666666277777785,7,16,0,7,37.0
03CJ0ZZ,"Extirpation of Matter from Left Common Carotid Artery, Open Approach",0.3157894735180055,0.8571428559183674,0.4615384572485207,6,13,1,7,34.0
03CK0ZZ,"Extirpation of Matter from Right Internal Carotid Artery, Open Approach",0.7499999996875,0.9999999994444444,0.8571428518367347,18,6,0,18,80.0
03CK3ZZ,"Extirpation of Matter from Right Internal Carotid Artery, Percutaneous Approach",0.9999999900000002,0.4999999975,0.6666666577777778,1,0,1,2,10.0
03CL0ZZ,"Extirpation of Matter from Left Internal Carotid Artery, Open Approach",0.7499999996875,0.9999999994444444,0.8571428518367347,18,6,0,18,86.0
03CL3ZZ,"Extirpation of Matter from Left Internal Carotid Artery, Percutaneous Approach",0.0,0.0,0.0,0,1,2,2,11.0
03CM0ZZ,"Extirpation of Matter from Right External Carotid Artery, Open Approach",0.37499999984375,0.9999999988888888,0.5454545411570249,9,15,0,9,46.0
03CN0ZZ,"Extirpation of Matter from Left External Carotid Artery, Open Approach",0.38095238077097504,0.8888888879012344,0.5333333287777778,8,13,1,9,42.0
03CY3ZZ,"Extirpation of Matter from Upper Artery, Percutaneous Approach",0.0,0.0,0.0,0,0,2,2,8.0
03HB33Z,"Insertion of Infusion Device into Right Radial Artery, Percutaneous Approach",0.0,0.0,0.0,0,0,4,4,18.0
03HC33Z,"Insertion of Infusion Device into Left Radial Artery, Percutaneous Approach",0.0,0.0,0.0,0,0,3,3,15.0
03HY32Z,"Insertion of Monitoring Device into Upper Artery, Percutaneous Approach",0.0,0.0,0.0,0,0,19,19,93.0
03JY0ZZ,"Inspection of Upper Artery, Open Approach",0.0,0.0,0.0,0,0,1,1,8.0
03JY3ZZ,"Inspection of Upper Artery, Percutaneous Approach",0.0,0.0,0.0,0,0,1,1,8.0
03LG0CZ,"Occlusion of Intracranial Artery with Extraluminal Device, Open Approach",0.45161290308012486,0.874999999453125,0.5957446761068357,14,17,2,16,79.0
03LG3DZ,"Occlusion of Intracranial Artery with Intraluminal Device, Percutaneous Approach",0.6153846149112425,0.38095238077097504,0.4705882302941176,8,5,13,21,106.0
03LY3DZ,"Occlusion of Upper Artery with Intraluminal Device, Percutaneous Approach",0.5555555549382716,0.8333333319444445,0.6666666609777778,5,4,1,6,27.0
03SS0ZZ,"Reposition Right Temporal Artery, Open Approach",0.4999999975,0.4999999975,0.4999999925000001,1,1,1,2,9.0
03ST0ZZ,"Reposition Left Temporal Artery, Open Approach",0.9999999900000002,0.4999999975,0.6666666577777778,1,0,1,2,10.0
03UH0KZ,"Supplement Right Common Carotid Artery with Nonautologous Tissue Substitute, Open Approach",0.0,0.0,0.0,0,4,3,3,12.0
03UJ0KZ,"Supplement Left Common Carotid Artery with Nonautologous Tissue Substitute, Open Approach",0.3333333322222222,0.16666666638888888,0.2222222172839507,1,2,5,6,16.0
03UK0JZ,"Supplement Right Internal Carotid Artery with Synthetic Substitute, Open Approach",0.0,0.0,0.0,0,4,2,2,8.0
03UK0KZ,"Supplement Right Internal Carotid Artery with Nonautologous Tissue Substitute, Open Approach",0.47826086935727785,0.9166666659027777,0.6285714237061225,11,12,1,12,45.0
03UL0KZ,"Supplement Left Internal Carotid Artery with Nonautologous Tissue Substitute, Open Approach",0.40909090890495864,0.9999999988888888,0.5806451567950052,9,13,0,9,47.0
03VG0CZ,"Restriction of Intracranial Artery with Extraluminal Device, Open Approach",0.45454545433884297,0.5882352937716263,0.5128205076397108,10,12,7,17,87.0
03VG3DZ,"Restriction of Intracranial Artery with Intraluminal Device, Percutaneous Approach",0.40789473678843496,0.8857142854612244,0.5585585541400861,31,45,4,35,205.0
03VG3HZ,"Restriction of Intracranial Artery with Intraluminal Device, Flow Diverter, Percutaneous Approach",0.0,0.0,0.0,0,0,2,2,8.0
03VK3DZ,"Restriction of Right Internal Carotid Artery with Intraluminal Device, Percutaneous Approach",0.5909090906404958,0.8124999994921874,0.6842105210803324,13,9,3,16,62.0
03VL3DZ,"Restriction of Left Internal Carotid Artery with Intraluminal Device, Percutaneous Approach",0.5333333331555555,0.8421052627146814,0.6530612194752187,16,14,3,19,90.0
03VQ3DZ,"Restriction of Left Vertebral Artery with Intraluminal Device, Percutaneous Approach",0.999999995,0.999999995,0.9999999900000001,2,0,0,2,11.0
04100JK,"Bypass Abdominal Aorta to Bilateral Femoral Arteries with Synthetic Substitute, Open Approach",0.9999999975,0.9999999975,0.9999999925,4,0,0,4,18.0
041K09L,"Bypass Right Femoral Artery to Popliteal Artery with Autologous Venous Tissue, Open Approach",0.3571428568877551,0.9999999980000001,0.5263157850415513,5,9,0,5,25.0
041K09N,"Bypass Right Femoral Artery to Posterior Tibial Artery with Autologous Venous Tissue, Open Approach",0.0,0.0,0.0,0,0,3,3,10.0
041K0JJ,"Bypass Right Femoral Artery to Left Femoral Artery with Synthetic Substitute, Open Approach",0.3333333322222222,0.4999999975,0.39999999360000005,1,2,1,2,11.0
041K0JL,"Bypass Right Femoral Artery to Popliteal Artery with Synthetic Substitute, Open Approach",0.16666666638888888,0.3333333322222222,0.2222222172839507,1,5,2,3,17.0
041L09L,"Bypass Left Femoral Artery to Popliteal Artery with Autologous Venous Tissue, Open Approach",0.4285714279591837,0.49999999916666665,0.4615384558579882,3,4,3,6,22.0
041L09N,"Bypass Left Femoral Artery to Posterior Tibial Artery with Autologous Venous Tissue, Open Approach",0.4999999975,0.1111111109876543,0.1818181785123967,1,1,8,9,10.0
041L0JH,"Bypass Left Femoral Artery to Right Femoral Artery with Synthetic Substitute, Open Approach",0.0,0.0,0.0,0,0,2,2,7.0
041L0JL,"Bypass Left Femoral Artery to Popliteal Artery with Synthetic Substitute, Open Approach",0.7999999984,0.9999999975,0.8888888819753088,4,1,0,4,21.0
041L0JQ,"Bypass Left Femoral Artery to Lower Extremity Artery with Synthetic Substitute, Open Approach",0.999999995,0.999999995,0.9999999900000001,2,0,0,2,8.0
041M09Q,"Bypass Right Popliteal Artery to Lower Extremity Artery with Autologous Venous Tissue, Open Approach",0.0,0.0,0.0,0,0,2,2,8.0
041N09Q,"Bypass Left Popliteal Artery to Lower Extremity Artery with Autologous Venous Tissue, Open Approach",0.1999999996,0.3333333322222222,0.24999999468750006,1,4,2,3,8.0
04733DZ,"Dilation of Hepatic Artery with Intraluminal Device, Percutaneous Approach",0.9999999900000002,0.4999999975,0.6666666577777778,1,0,1,2,11.0
04733ZZ,"Dilation of Hepatic Artery, Percutaneous Approach",0.0,0.0,0.0,0,0,1,1,7.0
04753DZ,"Dilation of Superior Mesenteric Artery with Intraluminal Device, Percutaneous Approach",0.3333333322222222,0.3333333322222222,0.33333332722222225,1,2,2,3,12.0
047C3DZ,"Dilation of Right Common Iliac Artery with Intraluminal Device, Percutaneous Approach",0.0,0.0,0.0,0,4,8,8,22.0
047C3ZZ,"Dilation of Right Common Iliac Artery, Percutaneous Approach",0.0,0.0,0.0,0,0,3,3,12.0
047D34Z,"Dilation of Left Common Iliac Artery with Drug-eluting Intraluminal Device, Percutaneous Approach",0.0,0.0,0.0,0,0,2,2,8.0
047D3DZ,"Dilation of Left Common Iliac Artery with Intraluminal Device, Percutaneous Approach",0.3684210524376731,0.9999999985714286,0.538461534112426,7,12,0,7,35.0
047D3ZZ,"Dilation of Left Common Iliac Artery, Percutaneous Approach",0.0,0.0,0.0,0,0,2,2,11.0
047H0DZ,"Dilation of Right External Iliac Artery with Intraluminal Device, Open Approach",0.0,0.0,0.0,0,1,1,1,8.0
047H3DZ,"Dilation of Right External Iliac Artery with Intraluminal Device, Percutaneous Approach",0.6666666644444444,0.2857142853061225,0.39999999500000005,2,1,5,7,32.0
047H3ZZ,"Dilation of Right External Iliac Artery, Percutaneous Approach",0.0,0.0,0.0,0,0,2,2,11.0
047J3DZ,"Dilation of Left External Iliac Artery with Intraluminal Device, Percutaneous Approach",0.2857142853061225,0.3999999992,0.33333332791666676,2,5,3,5,27.0
047J3ZZ,"Dilation of Left External Iliac Artery, Percutaneous Approach",0.0,0.0,0.0,0,1,3,3,11.0
047K0DZ,"Dilation of Right Femoral Artery with Intraluminal Device, Open Approach",0.0,0.0,0.0,0,0,1,1,8.0
047K34Z,"Dilation of Right Femoral Artery with Drug-eluting Intraluminal Device, Percutaneous Approach",0.0,0.0,0.0,0,0,3,3,14.0
047K3DZ,"Dilation of Right Femoral Artery with Intraluminal Device, Percutaneous Approach",0.1999999996,0.12499999984374999,0.15384614887573977,1,4,7,8,42.0
047K3EZ,"Dilation of Right Femoral Artery with Two Intraluminal Devices, Percutaneous Approach",0.0,0.0,0.0,0,0,2,2,8.0
047K3Z1,"Dilation of Right Femoral Artery using Drug-Coated Balloon, Percutaneous Approach",0.0,0.0,0.0,0,0,4,4,19.0
047K3ZZ,"Dilation of Right Femoral Artery, Percutaneous Approach",0.0,0.0,0.0,0,0,7,7,37.0
047L34Z,"Dilation of Left Femoral Artery with Drug-eluting Intraluminal Device, Percutaneous Approach",0.0,0.0,0.0,0,0,3,3,13.0
047L3DZ,"Dilation of Left Femoral Artery with Intraluminal Device, Percutaneous Approach",0.26666666648888887,0.571428570612245,0.36363635896694213,4,11,3,7,34.0
047L3EZ,"Dilation of Left Femoral Artery with Two Intraluminal Devices, Percutaneous Approach",0.0,0.0,0.0,0,3,2,2,10.0
047L3Z1,"Dilation of Left Femoral Artery using Drug-Coated Balloon, Percutaneous Approach",0.0,0.0,0.0,0,0,4,4,11.0
047L3ZZ,"Dilation of Left Femoral Artery, Percutaneous Approach",0.3999999992,0.18181818165289254,0.249999995390625,2,3,9,11,40.0
047M34Z,"Dilation of Right Popliteal Artery with Drug-eluting Intraluminal Device, Percutaneous Approach",0.0,0.0,0.0,0,0,2,2,11.0
047M3DZ,"Dilation of Right Popliteal Artery with Intraluminal Device, Percutaneous Approach",0.9999999900000002,0.3333333322222222,0.49999999375000004,1,0,2,3,14.0
047M3Z1,"Dilation of Right Popliteal Artery using Drug-Coated Balloon, Percutaneous Approach",0.0,0.0,0.0,0,0,2,2,9.0
047M3ZZ,"Dilation of Right Popliteal Artery, Percutaneous Approach",0.249999999375,0.07692307686390532,0.11764705508650528,1,3,12,13,29.0
047N3DZ,"Dilation of Left Popliteal Artery with Intraluminal Device, Percutaneous Approach",0.28571428551020406,0.9999999975,0.4444444404938272,4,10,0,4,20.0
047N3ZZ,"Dilation of Left Popliteal Artery, Percutaneous Approach",0.37499999953124996,0.24999999979166665,0.2999999949,3,5,9,12,40.0
047P3ZZ,"Dilation of Right Anterior Tibial Artery, Percutaneous Approach",0.6249999992187499,0.49999999949999996,0.5555555500000001,5,3,5,10,53.0
047Q3ZZ,"Dilation of Left Anterior Tibial Artery, Percutaneous Approach",0.0,0.0,0.0,0,1,9,9,42.0
047R3ZZ,"Dilation of Right Posterior Tibial Artery, Percutaneous Approach",0.2857142853061225,0.24999999968749997,0.2666666613333334,2,5,6,8,38.0
047S3ZZ,"Dilation of Left Posterior Tibial Artery, Percutaneous Approach",0.0,0.0,0.0,0,1,12,12,39.0
047T3ZZ,"Dilation of Right Peroneal Artery, Percutaneous Approach",0.3999999992,0.33333333277777777,0.36363635801652905,2,3,4,6,24.0
047U3ZZ,"Dilation of Left Peroneal Artery, Percutaneous Approach",0.999999995,0.3999999992,0.5714285657142857,2,0,3,5,24.0
047Y3ZZ,"Dilation of Lower Artery, Percutaneous Approach",0.0,0.0,0.0,0,0,2,2,9.0
04BK0ZZ,"Excision of Right Femoral Artery, Open Approach",0.0,0.0,0.0,0,1,2,2,8.0
04C00ZZ,"Extirpation of Matter from Abdominal Aorta, Open Approach",0.0,0.0,0.0,0,1,3,3,18.0
04C50ZZ,"Extirpation of Matter from Superior Mesenteric Artery, Open Approach",0.0,0.0,0.0,0,0,2,2,8.0
04C53ZZ,"Extirpation of Matter from Superior Mesenteric Artery, Percutaneous Approach",0.0,0.0,0.0,0,0,1,1,7.0
04CC0ZZ,"Extirpation of Matter from Right Common Iliac Artery, Open Approach",0.0,0.0,0.0,0,3,2,2,9.0
04CD0ZZ,"Extirpation of Matter from Left Common Iliac Artery, Open Approach",0.0,0.0,0.0,0,1,1,1,8.0
04CH0ZZ,"Extirpation of Matter from Right External Iliac Artery, Open Approach",0.0,0.0,0.0,0,3,3,3,12.0
04CJ0ZZ,"Extirpation of Matter from Left External Iliac Artery, Open Approach",0.2727272724793388,0.7499999981250001,0.3999999955555556,3,8,1,4,19.0
04CJ3ZZ,"Extirpation of Matter from Left External Iliac Artery, Percutaneous Approach",0.9999999900000002,0.4999999975,0.6666666577777778,1,0,1,2,7.0
04CK0Z6,"Extirpation of Matter from Right Femoral Artery, Bifurcation, Open Approach",0.0,0.0,0.0,0,0,2,2,9.0
04CK0ZZ,"Extirpation of Matter from Right Femoral Artery, Open Approach",0.6410256408612754,0.8333333330555556,0.7246376760344465,25,14,5,30,105.0
04CK3ZZ,"Extirpation of Matter from Right Femoral Artery, Percutaneous Approach",0.49999999875,0.2857142853061225,0.36363635834710756,2,2,5,7,25.0
04CL0Z6,"Extirpation of Matter from Left Femoral Artery, Bifurcation, Open Approach",0.0,0.0,0.0,0,4,3,3,11.0
04CL0ZZ,"Extirpation of Matter from Left Femoral Artery, Open Approach",0.5757575755831037,0.6785714283290816,0.622950814501478,19,14,9,28,108.0
04CL3ZZ,"Extirpation of Matter from Left Femoral Artery, Percutaneous Approach",0.2857142853061225,0.33333333277777777,0.3076923022485208,2,5,4,6,21.0
04CM0ZZ,"Extirpation of Matter from Right Popliteal Artery, Open Approach",0.0,0.0,0.0,0,0,2,2,10.0
04CM3ZZ,"Extirpation of Matter from Right Popliteal Artery, Percutaneous Approach",0.3333333322222222,0.3333333322222222,0.33333332722222225,1,2,2,3,15.0
04CN0ZZ,"Extirpation of Matter from Left Popliteal Artery, Open Approach",0.7999999984,0.7999999984,0.7999999934,4,1,1,5,23.0
04CN3ZZ,"Extirpation of Matter from Left Popliteal Artery, Percutaneous Approach",0.3636363633057851,0.9999999975,0.533333328711111,4,7,0,4,18.0
04CQ0ZZ,"Extirpation of Matter from Left Anterior Tibial Artery, Open Approach",0.0,0.0,0.0,0,1,3,3,11.0
04CY0ZZ,"Extirpation of Matter from Lower Artery, Open Approach",0.0,0.0,0.0,0,0,2,2,9.0
04HK33Z,"Insertion of Infusion Device into Right Femoral Artery, Percutaneous Approach",0.0,0.0,0.0,0,0,3,3,15.0
04HL33Z,"Insertion of Infusion Device into Left Femoral Artery, Percutaneous Approach",0.0,0.0,0.0,0,0,3,3,7.0
04HY32Z,"Insertion of Monitoring Device into Lower Artery, Percutaneous Approach",0.0,0.0,0.0,0,0,5,5,17.0
04JY3ZZ,"Inspection of Lower Artery, Percutaneous Approach",0.0,0.0,0.0,0,0,2,2,8.0
04L03DZ,"Occlusion of Abdominal Aorta with Intraluminal Device, Percutaneous Approach",0.249999999375,0.4999999975,0.33333332777777785,1,3,1,2,12.0
04L23DZ,"Occlusion of Gastric Artery with Intraluminal Device, Percutaneous Approach",0.14285714265306124,0.1111111109876543,0.12499999492187522,1,6,8,9,44.0
04L33DZ,"Occlusion of Hepatic Artery with Intraluminal Device, Percutaneous Approach",0.4117647057612457,0.874999999453125,0.559999995424,14,20,2,16,78.0
04L43DZ,"Occlusion of Splenic Artery with Intraluminal Device, Percutaneous Approach",0.5999999993999999,0.8571428559183674,0.705882347266436,6,4,1,7,36.0
04L53DZ,"Occlusion of Superior Mesenteric Artery with Intraluminal Device, Percutaneous Approach",0.9999999900000002,0.4999999975,0.6666666577777778,1,0,1,2,8.0
04L93DZ,"Occlusion of Right Renal Artery with Intraluminal Device, Percutaneous Approach",0.6666666644444444,0.999999995,0.799999992,2,1,0,2,11.0
04LA3DZ,"Occlusion of Left Renal Artery with Intraluminal Device, Percutaneous Approach",0.0,0.0,0.0,0,0,2,2,7.0
04LB3DZ,"Occlusion of Inferior Mesenteric Artery with Intraluminal Device, Percutaneous Approach",0.4999999975,0.4999999975,0.4999999925000001,1,1,1,2,10.0
04LE3DT,"Occlusion of Right Uterine Artery with Intraluminal Device, Percutaneous Approach",0.49999999937499995,0.6666666655555555,0.5714285657142858,4,4,2,6,29.0
04LE3DZ,"Occlusion of Right Internal Iliac Artery with Intraluminal Device, Percutaneous Approach",0.5999999988,0.49999999916666665,0.5454545395041324,3,2,3,6,27.0
04LF3DU,"Occlusion of Left Uterine Artery with Intraluminal Device, Percutaneous Approach",0.5454545449586776,0.8571428559183674,0.6666666611728396,6,5,1,7,35.0
04LF3DZ,"Occlusion of Left Internal Iliac Artery with Intraluminal Device, Percutaneous Approach",0.4285714279591837,0.49999999916666665,0.4615384558579882,3,4,3,6,26.0
04LH3DZ,"Occlusion of Right External Iliac Artery with Intraluminal Device, Percutaneous Approach",0.9999999900000002,0.4999999975,0.6666666577777778,1,0,1,2,9.0
04LJ3DZ,"Occlusion of Left External Iliac Artery with Intraluminal Device, Percutaneous Approach",0.3333333322222222,0.4999999975,0.39999999360000005,1,2,1,2,11.0
04PY0DZ,"Removal of Intraluminal Device from Lower Artery, Open Approach",0.0,0.0,0.0,0,0,2,2,9.0
04PY0JZ,"Removal of Synthetic Substitute from Lower Artery, Open Approach",0.4285714279591837,0.7499999981250001,0.5454545398347109,3,4,1,4,15.0
04QK0ZZ,"Repair Right Femoral Artery, Open Approach",0.249999999375,0.3333333322222222,0.28571428000000004,1,3,2,3,16.0
04QL0ZZ,"Repair Left Femoral Artery, Open Approach",0.6666666644444444,0.49999999875,0.5714285648979592,2,1,2,4,18.0
04R00JZ,"Replacement of Abdominal Aorta with Synthetic Substitute, Open Approach",0.571428570612245,0.571428570612245,0.5714285656122451,4,3,3,7,35.0
04U00JZ,"Supplement Abdominal Aorta with Synthetic Substitute, Open Approach",0.0,0.0,0.0,0,0,2,2,8.0
04UK07Z,"Supplement Right Femoral Artery with Autologous Tissue Substitute, Open Approach",0.0,0.0,0.0,0,0,2,2,11.0
04UK0JZ,"Supplement Right Femoral Artery with Synthetic Substitute, Open Approach",0.1999999996,0.1999999996,0.19999999460000012,1,4,4,5,24.0
04UK0KZ,"Supplement Right Femoral Artery with Nonautologous Tissue Substitute, Open Approach",0.22580645154006243,0.6999999992999999,0.34146341077929804,7,24,3,10,48.0
04UL07Z,"Supplement Left Femoral Artery with Autologous Tissue Substitute, Open Approach",0.0,0.0,0.0,0,0,3,3,13.0
04UL0JZ,"Supplement Left Femoral Artery with Synthetic Substitute, Open Approach",0.3333333322222222,0.12499999984374999,0.18181817752066123,1,2,7,8,23.0
04UL0KZ,"Supplement Left Femoral Artery with Nonautologous Tissue Substitute, Open Approach",0.2727272724793388,0.4285714279591837,0.33333332820987654,3,8,4,7,37.0
04V03D6,"Restriction of Abdominal Aorta, Bifurcation, with Intraluminal Device, Percutaneous Approach",0.0,0.0,0.0,0,0,2,2,9.0
04V03DZ,"Restriction of Abdominal Aorta with Intraluminal Device, Percutaneous Approach",0.4999999998076923,0.649999999675,0.5652173861436673,13,13,7,20,100.0
04V03E6,"Restriction of Abdominal Aorta, Bifurcation, with Branched or Fenestrated Intraluminal Device, One or Two Arteries, Percutaneous Approach",0.9999999900000002,0.3333333322222222,0.49999999375000004,1,0,2,3,14.0
04V03EZ,"Restriction of Abdominal Aorta with Branched or Fenestrated Intraluminal Device, One or Two Arteries, Percutaneous Approach",0.29999999969999996,0.49999999916666665,0.37499999484375,3,7,3,6,30.0
04V03F6,"Restriction of Abdominal Aorta, Bifurcation, with Branched or Fenestrated Intraluminal Device, Three or More Arteries, Percutaneous Approach",0.0,0.0,0.0,0,0,3,3,14.0
04V03FZ,"Restriction of Abdominal Aorta with Branched or Fenestrated Intraluminal Device, Three or More Arteries, Percutaneous Approach",0.9999999900000002,0.14285714265306124,0.24999999718750004,1,0,6,7,34.0
04V23DZ,"Restriction of Gastric Artery with Intraluminal Device, Percutaneous Approach",0.0,0.0,0.0,0,1,3,3,16.0
04V33DZ,"Restriction of Hepatic Artery with Intraluminal Device, Percutaneous Approach",0.0,0.0,0.0,0,6,7,7,34.0
04V43DZ,"Restriction of Splenic Artery with Intraluminal Device, Percutaneous Approach",0.3333333330555555,0.571428570612245,0.42105262648199443,4,8,3,7,34.0
04VC3DZ,"Restriction of Right Common Iliac Artery with Intraluminal Device, Percutaneous Approach",0.0,0.0,0.0,0,0,2,2,12.0
04VC3EZ,"Restriction of Right Common Iliac Artery with Branched or Fenestrated Intraluminal Device, One or Two Arteries, Percutaneous Approach",0.9999999900000002,0.4999999975,0.6666666577777778,1,0,1,2,10.0
04VD3DZ,"Restriction of Left Common Iliac Artery with Intraluminal Device, Percutaneous Approach",0.0,0.0,0.0,0,0,3,3,14.0
04VE3DZ,"Restriction of Right Internal Iliac Artery with Intraluminal Device, Percutaneous Approach",0.16666666638888888,0.249999999375,0.1999999948000001,1,5,3,4,19.0
04VF3DZ,"Restriction of Left Internal Iliac Artery with Intraluminal Device, Percutaneous Approach",0.9999999900000002,0.249999999375,0.3999999952,1,0,3,4,17.0
04VH3DZ,"Restriction of Right External Iliac Artery with Intraluminal Device, Percutaneous Approach",0.0,0.0,0.0,0,1,2,2,12.0
04VJ3DZ,"Restriction of Left External Iliac Artery with Intraluminal Device, Percutaneous Approach",0.4999999975,0.4999999975,0.4999999925000001,1,1,1,2,11.0
04WY3DZ,"Revision of Intraluminal Device in Lower Artery, Percutaneous Approach",0.0,0.0,0.0,0,0,3,3,16.0
05733ZZ,"Dilation of Right Innominate Vein, Percutaneous Approach",0.0,0.0,0.0,0,1,1,1,8.0
05743ZZ,"Dilation of Left Innominate Vein, Percutaneous Approach",0.0,0.0,0.0,0,1,3,3,12.0
05753ZZ,"Dilation of Right Subclavian Vein, Percutaneous Approach",0.0,0.0,0.0,0,1,4,4,17.0
05763ZZ,"Dilation of Left Subclavian Vein, Percutaneous Approach",0.3333333322222222,0.3333333322222222,0.33333332722222225,1,2,2,3,16.0
05783ZZ,"Dilation of Left Axillary Vein, Percutaneous Approach",0.0,0.0,0.0,0,0,2,2,10.0
057A3ZZ,"Dilation of Left Brachial Vein, Percutaneous Approach",0.0,0.0,0.0,0,0,3,3,15.0
057C3ZZ,"Dilation of Left Basilic Vein, Percutaneous Approach",0.0,0.0,0.0,0,0,1,1,7.0
057D3ZZ,"Dilation of Right Cephalic Vein, Percutaneous Approach",0.0,0.0,0.0,0,0,3,3,16.0
057F3ZZ,"Dilation of Left Cephalic Vein, Percutaneous Approach",0.2857142853061225,0.33333333277777777,0.3076923022485208,2,5,4,6,28.0
057Y3DZ,"Dilation of Upper Vein with Intraluminal Device, Percutaneous Approach",0.0,0.0,0.0,0,0,2,2,10.0
057Y3ZZ,"Dilation of Upper Vein, Percutaneous Approach",0.3636363633057851,0.49999999937499995,0.42105262626038775,4,7,4,8,42.0
05BF0ZZ,"Excision of Left Cephalic Vein, Open Approach",0.0,0.0,0.0,0,1,2,2,9.0
05BL0ZZ,"Excision of Intracranial Vein, Open Approach",0.6666666655555555,0.7999999984,0.7272727209917357,4,2,1,5,27.0
05BM0ZZ,"Excision of Right Internal Jugular Vein, Open Approach",0.0,0.0,0.0,0,4,1,1,8.0
05BN0ZZ,"Excision of Left Internal Jugular Vein, Open Approach",0.9999999900000002,0.4999999975,0.6666666577777778,1,0,1,2,8.0
05BY0ZZ,"Excision of Upper Vein, Open Approach",0.0,0.0,0.0,0,0,1,1,8.0
05CF3ZZ,"Extirpation of Matter from Left Cephalic Vein, Percutaneous Approach",0.0,0.0,0.0,0,0,2,2,9.0
05CY3ZZ,"Extirpation of Matter from Upper Vein, Percutaneous Approach",0.0,0.0,0.0,0,1,5,5,24.0
05H433Z,"Insertion of Infusion Device into Left Innominate Vein, Percutaneous Approach",0.0,0.0,0.0,0,0,3,3,17.0
05H533Z,"Insertion of Infusion Device into Right Subclavian Vein, Percutaneous Approach",0.0,0.0,0.0,0,0,15,15,69.0
05H633Z,"Insertion of Infusion Device into Left Subclavian Vein, Percutaneous Approach",0.0,0.0,0.0,0,0,13,13,67.0
05H733Z,"Insertion of Infusion Device into Right Axillary Vein, Percutaneous Approach",0.0,0.0,0.0,0,0,3,3,14.0
05H833Z,"Insertion of Infusion Device into Left Axillary Vein, Percutaneous Approach",0.0,0.0,0.0,0,0,2,2,8.0
05H933Z,"Insertion of Infusion Device into Right Brachial Vein, Percutaneous Approach",0.0,0.0,0.0,0,0,10,10,36.0
05HA33Z,"Insertion of Infusion Device into Left Brachial Vein, Percutaneous Approach",0.0,0.0,0.0,0,0,6,6,31.0
05HB33Z,"Insertion of Infusion Device into Right Basilic Vein, Percutaneous Approach",0.0,0.0,0.0,0,0,11,11,54.0
05HC33Z,"Insertion of Infusion Device into Left Basilic Vein, Percutaneous Approach",0.0,0.0,0.0,0,0,13,13,40.0
05HD33Z,"Insertion of Infusion Device into Right Cephalic Vein, Percutaneous Approach",0.0,0.0,0.0,0,0,2,2,8.0
05HM33Z,"Insertion of Infusion Device into Right Internal Jugular Vein, Percutaneous Approach",0.0,0.0,0.0,0,0,46,46,203.0
05HN33Z,"Insertion of Infusion Device into Left Internal Jugular Vein, Percutaneous Approach",0.0,0.0,0.0,0,0,18,18,56.0
05HY33Z,"Insertion of Infusion Device into Upper Vein, Percutaneous Approach",0.0,0.0,0.0,0,0,14,14,67.0
05JY3ZZ,"Inspection of Upper Vein, Percutaneous Approach",0.0,0.0,0.0,0,0,3,3,11.0
05LY3DZ,"Occlusion of Upper Vein with Intraluminal Device, Percutaneous Approach",0.0,0.0,0.0,0,0,2,2,11.0
05PY33Z,"Removal of Infusion Device from Upper Vein, Percutaneous Approach",0.0,0.0,0.0,0,0,4,4,19.0
05PYX3Z,"Removal of Infusion Device from Upper Vein, External Approach",0.0,0.0,0.0,0,0,10,10,47.0
05WY33Z,"Revision of Infusion Device in Upper Vein, Percutaneous Approach",0.0,0.0,0.0,0,0,2,2,11.0
06183DY,"Bypass Portal Vein to Lower Vein with Intraluminal Device, Percutaneous Approach",0.3529411762629758,0.4285714282653061,0.3870967689906348,6,11,8,14,71.0
06183J4,"Bypass Portal Vein to Hepatic Vein with Synthetic Substitute, Percutaneous Approach",0.5714285712244898,0.8421052627146814,0.6808510587234043,16,12,3,19,91.0
06713ZZ,"Dilation of Splenic Vein, Percutaneous Approach",0.0,0.0,0.0,0,0,2,2,10.0
06753ZZ,"Dilation of Superior Mesenteric Vein, Percutaneous Approach",0.1999999996,0.249999999375,0.2222222167901236,1,4,3,4,18.0
06783DZ,"Dilation of Portal Vein with Intraluminal Device, Percutaneous Approach",0.7499999981250001,0.49999999916666665,0.5999999940000001,3,1,3,6,22.0
06783ZZ,"Dilation of Portal Vein, Percutaneous Approach",0.1111111109876543,0.1999999996,0.14285713806122466,1,8,4,5,22.0
067D3DZ,"Dilation of Left Common Iliac Vein with Intraluminal Device, Percutaneous Approach",0.1999999996,0.4999999975,0.28571428081632655,1,4,1,2,9.0
067G3DZ,"Dilation of Left External Iliac Vein with Intraluminal Device, Percutaneous Approach",0.0,0.0,0.0,0,1,1,1,8.0
06B80ZZ,"Excision of Portal Vein, Open Approach",0.1999999998,0.999999995,0.33333333000000004,2,8,0,2,10.0
06BP0ZZ,"Excision of Right Saphenous Vein, Open Approach",0.5294117643944637,0.4736842102770083,0.4999999947376544,9,8,10,19,95.0
06BP3ZZ,"Excision of Right Saphenous Vein, Percutaneous Approach",0.0,0.0,0.0,0,0,6,6,16.0
06BP4ZZ,"Excision of Right Saphenous Vein, Percutaneous Endoscopic Approach",0.4536082473759167,0.4731182795190196,0.4631578896903048,44,53,49,93,455.0
06BQ0ZZ,"Excision of Left Saphenous Vein, Open Approach",0.41666666649305556,0.43478260850661626,0.4255319097148031,10,14,13,23,114.0
06BQ3ZZ,"Excision of Left Saphenous Vein, Percutaneous Approach",0.0,0.0,0.0,0,0,6,6,31.0
06BQ4ZZ,"Excision of Left Saphenous Vein, Percutaneous Endoscopic Approach",0.6380597014687291,0.9243243242743608,0.75496688255174,171,97,14,185,815.0
06BY4ZZ,"Excision of Lower Vein, Percutaneous Endoscopic Approach",0.0,0.0,0.0,0,0,3,3,14.0
06C03ZZ,"Extirpation of Matter from Inferior Vena Cava, Percutaneous Approach",0.4999999975,0.4999999975,0.4999999925000001,1,1,1,2,8.0
06C13ZZ,"Extirpation of Matter from Splenic Vein, Percutaneous Approach",0.999999995,0.6666666644444444,0.799999992,2,0,1,3,15.0
06C53ZZ,"Extirpation of Matter from Superior Mesenteric Vein, Percutaneous Approach",0.49999999949999996,0.9999999980000001,0.6666666613333334,5,5,0,5,27.0
06C83ZZ,"Extirpation of Matter from Portal Vein, Percutaneous Approach",0.4999999997222222,0.8999999991,0.6428571378061225,9,9,1,10,46.0
06CD3ZZ,"Extirpation of Matter from Left Common Iliac Vein, Percutaneous Approach",0.49999999875,0.6666666644444444,0.5714285648979592,2,2,1,3,12.0
06CG3ZZ,"Extirpation of Matter from Left External Iliac Vein, Percutaneous Approach",0.0,0.0,0.0,0,3,1,1,8.0
06CN3ZZ,"Extirpation of Matter from Left Femoral Vein, Percutaneous Approach",0.249999999375,0.4999999975,0.33333332777777785,1,3,1,2,12.0
06H033Z,"Insertion of Infusion Device into Inferior Vena Cava, Percutaneous Approach",0.0,0.0,0.0,0,0,11,11,45.0
06H03DZ,"Insertion of Intraluminal Device into Inferior Vena Cava, Percutaneous Approach",0.8409090907179751,0.8604651160789616,0.8505747074488043,37,7,6,43,201.0
06H533Z,"Insertion of Infusion Device into Superior Mesenteric Vein, Percutaneous Approach",0.249999999375,0.4999999975,0.33333332777777785,1,3,1,2,8.0
06HM33Z,"Insertion of Infusion Device into Right Femoral Vein, Percutaneous Approach",0.0,0.0,0.0,0,0,16,16,63.0
06HN33Z,"Insertion of Infusion Device into Left Femoral Vein, Percutaneous Approach",0.0,0.0,0.0,0,0,5,5,27.0
06HY33Z,"Insertion of Infusion Device into Lower Vein, Percutaneous Approach",0.0,0.0,0.0,0,0,24,24,90.0
06JY4ZZ,"Inspection of Lower Vein, Percutaneous Endoscopic Approach",0.0,0.0,0.0,0,0,2,2,7.0
06L13DZ,"Occlusion of Splenic Vein with Intraluminal Device, Percutaneous Approach",0.0,0.0,0.0,0,0,3,3,12.0
06L23DZ,"Occlusion of Gastric Vein with Intraluminal Device, Percutaneous Approach",0.3333333322222222,0.1999999996,0.24999999468750006,1,2,4,5,22.0
06L34CZ,"Occlusion of Esophageal Vein with Extraluminal Device, Percutaneous Endoscopic Approach",0.2857142853061225,0.0833333332986111,0.12903225448491165,2,5,22,24,94.0
06L38CZ,"Occlusion of Esophageal Vein with Extraluminal Device, Via Natural or Artificial Opening Endoscopic",0.52499999986875,0.9130434778638941,0.6666666618190981,21,19,2,23,97.0
06L53DZ,"Occlusion of Superior Mesenteric Vein with Intraluminal Device, Percutaneous Approach",0.0,0.0,0.0,0,0,2,2,10.0
06L63DZ,"Occlusion of Inferior Mesenteric Vein with Intraluminal Device, Percutaneous Approach",0.0,0.0,0.0,0,0,2,2,9.0
06L83DZ,"Occlusion of Portal Vein with Intraluminal Device, Percutaneous Approach",0.0,0.0,0.0,0,0,1,1,8.0
06LY3DZ,"Occlusion of Lower Vein with Intraluminal Device, Percutaneous Approach",0.0,0.0,0.0,0,0,1,1,8.0
06PY33Z,"Removal of Infusion Device from Lower Vein, Percutaneous Approach",0.0,0.0,0.0,0,0,2,2,9.0
06PY3DZ,"Removal of Intraluminal Device from Lower Vein, Percutaneous Approach",0.4999999975,0.4999999975,0.4999999925000001,1,1,1,2,12.0
06PYX3Z,"Removal of Infusion Device from Lower Vein, External Approach",0.0,0.0,0.0,0,0,3,3,11.0
06U807Z,"Supplement Portal Vein with Autologous Tissue Substitute, Open Approach",0.0,0.0,0.0,0,0,2,2,8.0
06V13DZ,"Restriction of Splenic Vein with Intraluminal Device, Percutaneous Approach",0.0,0.0,0.0,0,0,2,2,8.0
06V23DZ,"Restriction of Gastric Vein with Intraluminal Device, Percutaneous Approach",0.0,0.0,0.0,0,0,2,2,9.0
06WY3DZ,"Revision of Intraluminal Device in Lower Vein, Percutaneous Approach",0.30769230745562126,0.3636363633057851,0.33333332809027777,4,9,7,11,40.0
07978ZX,"Drainage of Thorax Lymphatic, Via Natural or Artificial Opening Endoscopic Approach, Diagnostic",0.0,0.0,0.0,0,1,2,2,9.0
079P30Z,"Drainage of Spleen with Drainage Device, Percutaneous Approach",0.6666666655555555,0.9999999975,0.7999999936,4,2,0,4,18.0
07B10ZX,"Excision of Right Neck Lymphatic, Open Approach, Diagnostic",0.9999999900000002,0.4999999975,0.6666666577777778,1,0,1,2,11.0
07B13ZX,"Excision of Right Neck Lymphatic, Percutaneous Approach, Diagnostic",0.49999999875,0.999999995,0.6666666600000001,2,2,0,2,10.0
07B20ZX,"Excision of Left Neck Lymphatic, Open Approach, Diagnostic",0.9999999900000002,0.3333333322222222,0.49999999375000004,1,0,2,3,12.0
07B23ZX,"Excision of Left Neck Lymphatic, Percutaneous Approach, Diagnostic",0.0,0.0,0.0,0,2,4,4,22.0
07B50ZX,"Excision of Right Axillary Lymphatic, Open Approach, Diagnostic",0.611111110771605,0.5789473681163435,0.5945945892768445,11,7,8,19,89.0
07B50ZZ,"Excision of Right Axillary Lymphatic, Open Approach",0.0,0.0,0.0,0,0,2,2,9.0
07B53ZX,"Excision of Right Axillary Lymphatic, Percutaneous Approach, Diagnostic",0.0,0.0,0.0,0,0,3,3,14.0
07B60ZX,"Excision of Left Axillary Lymphatic, Open Approach, Diagnostic",0.46153846136094673,0.7058823525259516,0.5581395298431585,12,14,5,17,75.0
07B60ZZ,"Excision of Left Axillary Lymphatic, Open Approach",0.0,0.0,0.0,0,2,3,3,13.0
07B63ZX,"Excision of Left Axillary Lymphatic, Percutaneous Approach, Diagnostic",0.0,0.0,0.0,0,0,2,2,8.0
07B70ZX,"Excision of Thorax Lymphatic, Open Approach, Diagnostic",0.3333333331481481,0.5999999993999999,0.42857142367346934,6,12,4,10,46.0
07B70ZZ,"Excision of Thorax Lymphatic, Open Approach",0.0,0.0,0.0,0,0,8,8,34.0
07B74ZX,"Excision of Thorax Lymphatic, Percutaneous Endoscopic Approach, Diagnostic",0.32307692302721897,0.47727272716425617,0.38532109603232056,21,44,23,44,162.0
07B74ZZ,"Excision of Thorax Lymphatic, Percutaneous Endoscopic Approach",0.3913043476559546,0.5294117643944637,0.4499999948875,9,14,8,17,62.0
07BB0ZX,"Excision of Mesenteric Lymphatic, Open Approach, Diagnostic",0.0,0.0,0.0,0,0,3,3,12.0
07BB0ZZ,"Excision of Mesenteric Lymphatic, Open Approach",0.24999999979166665,0.37499999953124996,0.2999999949,3,9,5,8,41.0
07BB4ZX,"Excision of Mesenteric Lymphatic, Percutaneous Endoscopic Approach, Diagnostic",0.0,0.0,0.0,0,0,2,2,9.0
07BB4ZZ,"Excision of Mesenteric Lymphatic, Percutaneous Endoscopic Approach",0.0,0.0,0.0,0,0,3,3,12.0
07BC0ZX,"Excision of Pelvis Lymphatic, Open Approach, Diagnostic",0.29411764688581316,0.6249999992187499,0.399999995328,5,12,3,8,38.0
07BC0ZZ,"Excision of Pelvis Lymphatic, Open Approach",0.49999999875,0.24999999968749997,0.33333332833333335,2,2,6,8,34.0
07BC3ZX,"Excision of Pelvis Lymphatic, Percutaneous Approach, Diagnostic",0.0,0.0,0.0,0,2,3,3,15.0
07BC4ZX,"Excision of Pelvis Lymphatic, Percutaneous Endoscopic Approach, Diagnostic",0.249999999375,0.09090909082644627,0.13333332924444455,1,3,10,11,51.0
07BC4ZZ,"Excision of Pelvis Lymphatic, Percutaneous Endoscopic Approach",0.3333333332323232,0.7857142851530612,0.4680851020009055,11,22,3,14,70.0
07BD0ZX,"Excision of Aortic Lymphatic, Open Approach, Diagnostic",0.49999999916666665,0.37499999953124996,0.4285714230612245,3,3,5,8,38.0
07BD0ZZ,"Excision of Aortic Lymphatic, Open Approach",0.3333333329629629,0.3333333329629629,0.333333327962963,3,6,6,9,47.0
07BD3ZX,"Excision of Aortic Lymphatic, Percutaneous Approach, Diagnostic",0.6666666655555555,0.49999999937499995,0.5714285657142858,4,2,4,8,36.0
07BD4ZX,"Excision of Aortic Lymphatic, Percutaneous Endoscopic Approach, Diagnostic",0.1999999996,0.1111111109876543,0.14285713806122466,1,4,8,9,39.0
07BD4ZZ,"Excision of Aortic Lymphatic, Percutaneous Endoscopic Approach",0.3999999992,0.2857142853061225,0.33333332791666676,2,3,5,7,25.0
07BH0ZX,"Excision of Right Inguinal Lymphatic, Open Approach, Diagnostic",0.0,0.0,0.0,0,1,3,3,16.0
07BH3ZX,"Excision of Right Inguinal Lymphatic, Percutaneous Approach, Diagnostic",0.4999999975,0.4999999975,0.4999999925000001,1,1,1,2,11.0
07BJ0ZX,"Excision of Left Inguinal Lymphatic, Open Approach, Diagnostic",0.3333333322222222,0.3333333322222222,0.33333332722222225,1,2,2,3,15.0
07BJ3ZX,"Excision of Left Inguinal Lymphatic, Percutaneous Approach, Diagnostic",0.0,0.0,0.0,0,0,3,3,12.0
07D78ZX,"Extraction of Thorax Lymphatic, Via Natural or Artificial Opening Endoscopic, Diagnostic",0.23809523798185941,0.3846153843195266,0.2941176421626298,5,16,8,13,48.0
07DR3ZX,"Extraction of Iliac Bone Marrow, Percutaneous Approach, Diagnostic",0.6646341463009369,0.87199999993024,0.7543252545544236,109,55,16,125,537.0
07Q50ZZ,"Repair Right Axillary Lymphatic, Open Approach",0.0,0.0,0.0,0,0,2,2,8.0
07Q60ZZ,"Repair Left Axillary Lymphatic, Open Approach",0.9999999900000002,0.4999999975,0.6666666577777778,1,0,1,2,12.0
07T10ZZ,"Resection of Right Neck Lymphatic, Open Approach",0.6666666659259258,0.7499999990624999,0.7058823471280277,6,3,2,8,41.0
07T20ZZ,"Resection of Left Neck Lymphatic, Open Approach",0.8571428559183674,0.6666666659259258,0.749999994140625,6,1,3,9,48.0
07T50ZZ,"Resection of Right Axillary Lymphatic, Open Approach",0.0,0.0,0.0,0,1,3,3,13.0
07T60ZZ,"Resection of Left Axillary Lymphatic, Open Approach",0.0,0.0,0.0,0,1,3,3,12.0
07T70ZZ,"Resection of Thorax Lymphatic, Open Approach",0.4285714279591837,0.5999999988,0.4999999943055557,3,4,2,5,24.0
07T74ZZ,"Resection of Thorax Lymphatic, Percutaneous Endoscopic Approach",0.0,0.0,0.0,0,7,14,14,41.0
07TB0ZZ,"Resection of Mesenteric Lymphatic, Open Approach",0.0,0.0,0.0,0,0,2,2,7.0
07TC0ZZ,"Resection of Pelvis Lymphatic, Open Approach",0.3333333322222222,0.1999999996,0.24999999468750006,1,2,4,5,23.0
07TC4ZZ,"Resection of Pelvis Lymphatic, Percutaneous Endoscopic Approach",0.32653061217825907,0.8888888883950616,0.477611936226331,16,33,2,18,77.0
07TD0ZZ,"Resection of Aortic Lymphatic, Open Approach",0.12499999984374999,0.249999999375,0.16666666194444454,1,7,3,4,20.0
07TD4ZZ,"Resection of Aortic Lymphatic, Percutaneous Endoscopic Approach",0.09090909082644627,0.16666666638888888,0.11764705411764723,1,10,5,6,22.0
07TM0ZZ,"Resection of Thymus, Open Approach",0.3333333322222222,0.9999999900000002,0.49999999375000004,1,2,0,1,8.0
07TM4ZZ,"Resection of Thymus, Percutaneous Endoscopic Approach",0.9999999900000002,0.4999999975,0.6666666577777778,1,0,1,2,9.0
07TP0ZZ,"Resection of Spleen, Open Approach",0.7999999992,0.7999999992,0.7999999942000001,8,2,2,10,51.0
07TP4ZZ,"Resection of Spleen, Percutaneous Endoscopic Approach",0.8999999991,0.9999999988888888,0.9473684150692521,9,1,0,9,40.0
08N1XZZ,"Release Left Eye, External Approach",0.0,0.0,0.0,0,0,2,2,8.0
08QE3ZZ,"Repair Right Retina, Percutaneous Approach",0.4999999975,0.4999999975,0.4999999925000001,1,1,1,2,8.0
08QNXZZ,"Repair Right Upper Eyelid, External Approach",0.0,0.0,0.0,0,3,2,2,11.0
08QPXZZ,"Repair Left Upper Eyelid, External Approach",0.0,0.0,0.0,0,0,4,4,12.0
08QRXZZ,"Repair Left Lower Eyelid, External Approach",0.0,0.0,0.0,0,1,2,2,9.0
09JK8ZZ,"Inspection of Nasal Mucosa and Soft Tissue, Via Natural or Artificial Opening Endoscopic",0.0,0.0,0.0,0,0,6,6,29.0
09JKXZZ,"Inspection of Nasal Mucosa and Soft Tissue, External Approach",0.0,0.0,0.0,0,0,1,1,8.0
09JY8ZZ,"Inspection of Sinus, Via Natural or Artificial Opening Endoscopic",0.0,0.0,0.0,0,0,1,1,10.0
09QW4ZZ,"Repair Right Sphenoid Sinus, Percutaneous Endoscopic Approach",0.24999999968749997,0.999999995,0.399999996,2,6,0,2,7.0
0B110F4,"Bypass Trachea to Cutaneous with Tracheostomy Device, Open Approach",0.639999999744,0.6666666663888888,0.6530612192253229,16,9,8,24,119.0
0B113F4,"Bypass Trachea to Cutaneous with Tracheostomy Device, Percutaneous Approach",0.7209302324743105,0.91176470574827,0.8051948001585431,62,24,6,68,299.0
0B21XFZ,"Change Tracheostomy Device in Trachea, External Approach",0.4687499998535156,0.5172413791319858,0.4918032735393712,15,17,14,29,144.0
0B518ZZ,"Destruction of Trachea, Via Natural or Artificial Opening Endoscopic",0.0,0.0,0.0,0,0,8,8,34.0
0B538ZZ,"Destruction of Right Main Bronchus, Via Natural or Artificial Opening Endoscopic",0.0,0.0,0.0,0,3,5,5,22.0
0B548ZZ,"Destruction of Right Upper Lobe Bronchus, Via Natural or Artificial Opening Endoscopic",0.0,0.0,0.0,0,0,2,2,7.0
0B578ZZ,"Destruction of Left Main Bronchus, Via Natural or Artificial Opening Endoscopic",0.6666666655555555,0.571428570612245,0.6153846094674558,4,2,3,7,20.0
0B5B8ZZ,"Destruction of Left Lower Lobe Bronchus, Via Natural or Artificial Opening Endoscopic",0.0,0.0,0.0,0,0,2,2,9.0
0B5C8ZZ,"Destruction of Right Upper Lung Lobe, Via Natural or Artificial Opening Endoscopic",0.0,0.0,0.0,0,0,4,4,9.0
0B5N4ZZ,"Destruction of Right Pleura, Percutaneous Endoscopic Approach",0.7999999984,0.7999999984,0.7999999934,4,1,1,5,22.0
0B5P4ZZ,"Destruction of Left Pleura, Percutaneous Endoscopic Approach",0.9999999966666667,0.9999999966666667,0.9999999916666666,3,0,0,3,14.0
0B718DZ,"Dilation of Trachea with Intraluminal Device, Via Natural or Artificial Opening Endoscopic",0.5333333329777777,0.8888888879012344,0.6666666614236111,8,7,1,9,43.0
0B718ZZ,"Dilation of Trachea, Via Natural or Artificial Opening Endoscopic",0.0,0.0,0.0,0,0,9,9,46.0
0B738DZ,"Dilation of Right Main Bronchus with Intraluminal Device, Via Natural or Artificial Opening Endoscopic",0.3999999996,0.3999999996,0.3999999946000001,4,6,6,10,44.0
0B738ZZ,"Dilation of Right Main Bronchus, Via Natural or Artificial Opening Endoscopic",0.0,0.0,0.0,0,0,4,4,19.0
0B748ZZ,"Dilation of Right Upper Lobe Bronchus, Via Natural or Artificial Opening Endoscopic",0.0,0.0,0.0,0,0,2,2,8.0
0B778DZ,"Dilation of Left Main Bronchus with Intraluminal Device, Via Natural or Artificial Opening Endoscopic",0.4444444439506172,0.571428570612245,0.49999999445312515,4,5,3,7,36.0
0B778ZZ,"Dilation of Left Main Bronchus, Via Natural or Artificial Opening Endoscopic",0.0,0.0,0.0,0,0,4,4,20.0
0B7B8DZ,"Dilation of Left Lower Lobe Bronchus with Intraluminal Device, Via Natural or Artificial Opening Endoscopic",0.249999999375,0.4999999975,0.33333332777777785,1,3,1,2,7.0
0B918ZX,"Drainage of Trachea, Via Natural or Artificial Opening Endoscopic, Diagnostic",0.0,0.0,0.0,0,0,3,3,16.0
0B918ZZ,"Drainage of Trachea, Via Natural or Artificial Opening Endoscopic",0.0,0.0,0.0,0,0,9,9,45.0
0B938ZX,"Drainage of Right Main Bronchus, Via Natural or Artificial Opening Endoscopic, Diagnostic",0.0,0.0,0.0,0,0,15,15,67.0
0B938ZZ,"Drainage of Right Main Bronchus, Via Natural or Artificial Opening Endoscopic",0.0,0.0,0.0,0,0,10,10,42.0
0B948ZX,"Drainage of Right Upper Lobe Bronchus, Via Natural or Artificial Opening Endoscopic, Diagnostic",0.0,0.0,0.0,0,2,13,13,58.0
0B948ZZ,"Drainage of Right Upper Lobe Bronchus, Via Natural or Artificial Opening Endoscopic",0.0,0.0,0.0,0,0,2,2,9.0
0B958ZX,"Drainage of Right Middle Lobe Bronchus, Via Natural or Artificial Opening Endoscopic, Diagnostic",0.0,0.0,0.0,0,2,26,26,108.0
0B958ZZ,"Drainage of Right Middle Lobe Bronchus, Via Natural or Artificial Opening Endoscopic",0.0,0.0,0.0,0,0,2,2,9.0
0B968ZX,"Drainage of Right Lower Lobe Bronchus, Via Natural or Artificial Opening Endoscopic, Diagnostic",0.0,0.0,0.0,0,0,37,37,115.0
0B968ZZ,"Drainage of Right Lower Lobe Bronchus, Via Natural or Artificial Opening Endoscopic",0.0,0.0,0.0,0,0,7,7,24.0
0B978ZX,"Drainage of Left Main Bronchus, Via Natural or Artificial Opening Endoscopic, Diagnostic",0.0,0.0,0.0,0,0,14,14,62.0
0B978ZZ,"Drainage of Left Main Bronchus, Via Natural or Artificial Opening Endoscopic",0.0,0.0,0.0,0,0,13,13,49.0
0B988ZX,"Drainage of Left Upper Lobe Bronchus, Via Natural or Artificial Opening Endoscopic, Diagnostic",0.0,0.0,0.0,0,0,9,9,42.0
0B988ZZ,"Drainage of Left Upper Lobe Bronchus, Via Natural or Artificial Opening Endoscopic",0.0,0.0,0.0,0,0,2,2,9.0
0B998ZX,"Drainage of Lingula Bronchus, Via Natural or Artificial Opening Endoscopic, Diagnostic",0.0,0.0,0.0,0,0,8,8,38.0
0B9B8ZX,"Drainage of Left Lower Lobe Bronchus, Via Natural or Artificial Opening Endoscopic, Diagnostic",0.0,0.0,0.0,0,2,27,27,115.0
0B9B8ZZ,"Drainage of Left Lower Lobe Bronchus, Via Natural or Artificial Opening Endoscopic",0.0,0.0,0.0,0,0,4,4,19.0
0B9C8ZX,"Drainage of Right Upper Lung Lobe, Via Natural or Artificial Opening Endoscopic, Diagnostic",0.1999999996,0.039999999984,0.06666666384444457,1,4,24,25,111.0
0B9D7ZX,"Drainage of Right Middle Lung Lobe, Via Natural or Artificial Opening, Diagnostic",0.0,0.0,0.0,0,0,4,4,7.0
0B9D8ZX,"Drainage of Right Middle Lung Lobe, Via Natural or Artificial Opening Endoscopic, Diagnostic",0.0,0.0,0.0,0,0,38,38,186.0
0B9D8ZZ,"Drainage of Right Middle Lung Lobe, Via Natural or Artificial Opening Endoscopic",0.0,0.0,0.0,0,0,2,2,9.0
0B9F7ZX,"Drainage of Right Lower Lung Lobe, Via Natural or Artificial Opening, Diagnostic",0.0,0.0,0.0,0,0,2,2,8.0
0B9F8ZX,"Drainage of Right Lower Lung Lobe, Via Natural or Artificial Opening Endoscopic, Diagnostic",0.0,0.0,0.0,0,3,40,40,200.0
0B9F8ZZ,"Drainage of Right Lower Lung Lobe, Via Natural or Artificial Opening Endoscopic",0.0,0.0,0.0,0,0,4,4,20.0
0B9G7ZX,"Drainage of Left Upper Lung Lobe, Via Natural or Artificial Opening, Diagnostic",0.0,0.0,0.0,0,0,2,2,9.0
0B9G8ZX,"Drainage of Left Upper Lung Lobe, Via Natural or Artificial Opening Endoscopic, Diagnostic",0.0,0.0,0.0,0,0,17,17,69.0
0B9H8ZX,"Drainage of Lung Lingula, Via Natural or Artificial Opening Endoscopic, Diagnostic",0.0,0.0,0.0,0,0,10,10,47.0
0B9J8ZX,"Drainage of Left Lower Lung Lobe, Via Natural or Artificial Opening Endoscopic, Diagnostic",0.0,0.0,0.0,0,1,28,28,138.0
0B9J8ZZ,"Drainage of Left Lower Lung Lobe, Via Natural or Artificial Opening Endoscopic",0.0,0.0,0.0,0,0,4,4,15.0
0B9K8ZX,"Drainage of Right Lung, Via Natural or Artificial Opening Endoscopic, Diagnostic",0.0,0.0,0.0,0,0,4,4,20.0
0B9L8ZX,"Drainage of Left Lung, Via Natural or Artificial Opening Endoscopic, Diagnostic",0.0,0.0,0.0,0,0,4,4,18.0
0B9M8ZX,"Drainage of Bilateral Lungs, Via Natural or Artificial Opening Endoscopic, Diagnostic",0.0,0.0,0.0,0,0,8,8,35.0
0B9M8ZZ,"Drainage of Bilateral Lungs, Via Natural or Artificial Opening Endoscopic",0.0,0.0,0.0,0,0,3,3,16.0
0B9N30Z,"Drainage of Right Pleura with Drainage Device, Percutaneous Approach",0.0,0.0,0.0,0,1,6,6,30.0
0B9N3ZX,"Drainage of Right Pleura, Percutaneous Approach, Diagnostic",0.0,0.0,0.0,0,0,1,1,7.0
0B9N40Z,"Drainage of Right Pleura with Drainage Device, Percutaneous Endoscopic Approach",0.0,0.0,0.0,0,0,2,2,8.0
0B9P30Z,"Drainage of Left Pleura with Drainage Device, Percutaneous Approach",0.0,0.0,0.0,0,0,4,4,19.0
0BB10ZZ,"Excision of Trachea, Open Approach",0.49999999916666665,0.5999999988,0.5454545395041324,3,3,2,5,25.0
0BB18ZX,"Excision of Trachea, Via Natural or Artificial Opening Endoscopic, Diagnostic",0.49999999916666665,0.37499999953124996,0.4285714230612245,3,3,5,8,37.0
0BB18ZZ,"Excision of Trachea, Via Natural or Artificial Opening Endoscopic",0.0,0.0,0.0,0,1,4,4,21.0
0BB38ZX,"Excision of Right Main Bronchus, Via Natural or Artificial Opening Endoscopic, Diagnostic",0.0,0.0,0.0,0,1,5,5,24.0
0BB38ZZ,"Excision of Right Main Bronchus, Via Natural or Artificial Opening Endoscopic",0.0,0.0,0.0,0,0,4,4,19.0
0BB58ZX,"Excision of Right Middle Lobe Bronchus, Via Natural or Artificial Opening Endoscopic, Diagnostic",0.0,0.0,0.0,0,0,2,2,8.0
0BB68ZX,"Excision of Right Lower Lobe Bronchus, Via Natural or Artificial Opening Endoscopic, Diagnostic",0.0,0.0,0.0,0,0,2,2,10.0
0BB78ZX,"Excision of Left Main Bronchus, Via Natural or Artificial Opening Endoscopic, Diagnostic",0.0,0.0,0.0,0,2,3,3,15.0
0BB78ZZ,"Excision of Left Main Bronchus, Via Natural or Artificial Opening Endoscopic",0.0,0.0,0.0,0,0,4,4,12.0
0BBC3ZX,"Excision of Right Upper Lung Lobe, Percutaneous Approach, Diagnostic",0.24999999968749997,0.49999999875,0.33333332833333335,2,6,2,4,21.0
0BBC4ZX,"Excision of Right Upper Lung Lobe, Percutaneous Endoscopic Approach, Diagnostic",0.37499999953124996,0.49999999916666665,0.4285714230612245,3,5,3,6,30.0
0BBC4ZZ,"Excision of Right Upper Lung Lobe, Percutaneous Endoscopic Approach",0.6874999995703125,0.7333333328444444,0.7096774139021853,11,5,4,15,72.0
0BBC8ZX,"Excision of Right Upper Lung Lobe, Via Natural or Artificial Opening Endoscopic, Diagnostic",0.0,0.0,0.0,0,1,6,6,27.0
0BBD3ZX,"Excision of Right Middle Lung Lobe, Percutaneous Approach, Diagnostic",0.0,0.0,0.0,0,0,1,1,8.0
0BBD4ZX,"Excision of Right Middle Lung Lobe, Percutaneous Endoscopic Approach, Diagnostic",0.249999999375,0.4999999975,0.33333332777777785,1,3,1,2,8.0
0BBD4ZZ,"Excision of Right Middle Lung Lobe, Percutaneous Endoscopic Approach",0.2857142853061225,0.3999999992,0.33333332791666676,2,5,3,5,27.0
0BBD8ZX,"Excision of Right Middle Lung Lobe, Via Natural or Artificial Opening Endoscopic, Diagnostic",0.0,0.0,0.0,0,0,3,3,12.0
0BBF3ZX,"Excision of Right Lower Lung Lobe, Percutaneous Approach, Diagnostic",0.7499999981250001,0.9999999966666667,0.8571428497959185,3,1,0,3,15.0
0BBF4ZX,"Excision of Right Lower Lung Lobe, Percutaneous Endoscopic Approach, Diagnostic",0.3157894735180055,0.7499999990624999,0.4444444399451303,6,13,2,8,37.0
0BBF4ZZ,"Excision of Right Lower Lung Lobe, Percutaneous Endoscopic Approach",0.34999999982499996,0.9999999985714286,0.5185185142935528,7,13,0,7,71.0
0BBF8ZX,"Excision of Right Lower Lung Lobe, Via Natural or Artificial Opening Endoscopic, Diagnostic",0.0,0.0,0.0,0,0,4,4,17.0
0BBG0ZZ,"Excision of Left Upper Lung Lobe, Open Approach",0.0,0.0,0.0,0,1,2,2,7.0
0BBG3ZX,"Excision of Left Upper Lung Lobe, Percutaneous Approach, Diagnostic",0.9999999900000002,0.249999999375,0.3999999952,1,0,3,4,22.0
0BBG4ZX,"Excision of Left Upper Lung Lobe, Percutaneous Endoscopic Approach, Diagnostic",0.1874999998828125,0.7499999981250001,0.29999999650000003,3,13,1,4,22.0
0BBG4ZZ,"Excision of Left Upper Lung Lobe, Percutaneous Endoscopic Approach",0.5909090906404958,0.9285714279081632,0.7222222170679012,13,9,1,14,67.0
0BBG8ZX,"Excision of Left Upper Lung Lobe, Via Natural or Artificial Opening Endoscopic, Diagnostic",0.5999999988,0.5999999988,0.5999999938,3,2,2,5,21.0
0BBJ0ZZ,"Excision of Left Lower Lung Lobe, Open Approach",0.9999999900000002,0.3333333322222222,0.49999999375000004,1,0,2,3,13.0
0BBJ3ZX,"Excision of Left Lower Lung Lobe, Percutaneous Approach, Diagnostic",0.4285714279591837,0.9999999966666667,0.5999999946000001,3,4,0,3,17.0
0BBJ4ZX,"Excision of Left Lower Lung Lobe, Percutaneous Endoscopic Approach, Diagnostic",0.3999999992,0.49999999875,0.4444444385185186,2,3,2,4,18.0
0BBJ4ZZ,"Excision of Left Lower Lung Lobe, Percutaneous Endoscopic Approach",0.7272727266115702,0.8888888879012344,0.7999999942499999,8,3,1,9,42.0
0BBJ8ZX,"Excision of Left Lower Lung Lobe, Via Natural or Artificial Opening Endoscopic, Diagnostic",0.1999999996,0.1999999996,0.19999999460000012,1,4,4,5,22.0
0BBN4ZX,"Excision of Right Pleura, Percutaneous Endoscopic Approach, Diagnostic",0.6666666662222221,0.7692307686390532,0.7142857088010204,10,5,3,13,34.0
0BBP4ZX,"Excision of Left Pleura, Percutaneous Endoscopic Approach, Diagnostic",0.4999999995833333,0.8571428559183674,0.6315789420498615,6,6,1,7,28.0
0BBR0ZZ,"Excision of Right Diaphragm, Open Approach",0.0,0.0,0.0,0,0,2,2,9.0
0BBT0ZZ,"Excision of Diaphragm, Open Approach",0.9999999900000002,0.4999999975,0.6666666577777778,1,0,1,2,10.0
0BC18ZZ,"Extirpation of Matter from Trachea, Via Natural or Artificial Opening Endoscopic",0.9999999900000002,0.0999999999,0.18181817983471074,1,0,9,10,47.0
0BC38ZZ,"Extirpation of Matter from Right Main Bronchus, Via Natural or Artificial Opening Endoscopic",0.0,0.0,0.0,0,3,13,13,62.0
0BC48ZZ,"Extirpation of Matter from Right Upper Lobe Bronchus, Via Natural or Artificial Opening Endoscopic",0.0,0.0,0.0,0,0,4,4,22.0
0BC58ZZ,"Extirpation of Matter from Right Middle Lobe Bronchus, Via Natural or Artificial Opening Endoscopic",0.0,0.0,0.0,0,0,6,6,32.0
0BC68ZZ,"Extirpation of Matter from Right Lower Lobe Bronchus, Via Natural or Artificial Opening Endoscopic",0.0,0.0,0.0,0,0,10,10,43.0
0BC78ZZ,"Extirpation of Matter from Left Main Bronchus, Via Natural or Artificial Opening Endoscopic",0.1999999996,0.06666666662222222,0.09999999615000013,1,4,14,15,69.0
0BC88ZZ,"Extirpation of Matter from Left Upper Lobe Bronchus, Via Natural or Artificial Opening Endoscopic",0.0,0.0,0.0,0,0,4,4,20.0
0BCB8ZZ,"Extirpation of Matter from Left Lower Lobe Bronchus, Via Natural or Artificial Opening Endoscopic",0.0,0.0,0.0,0,0,11,11,54.0
0BCC8ZZ,"Extirpation of Matter from Right Upper Lung Lobe, Via Natural or Artificial Opening Endoscopic",0.0,0.0,0.0,0,0,2,2,8.0
0BCF8ZZ,"Extirpation of Matter from Right Lower Lung Lobe, Via Natural or Artificial Opening Endoscopic",0.0,0.0,0.0,0,0,1,1,8.0
0BCP4ZZ,"Extirpation of Matter from Left Pleura, Percutaneous Endoscopic Approach",0.0,0.0,0.0,0,3,1,1,8.0
0BD18ZX,"Extraction of Trachea, Via Natural or Artificial Opening Endoscopic, Diagnostic",0.0,0.0,0.0,0,0,3,3,11.0
0BD38ZX,"Extraction of Right Main Bronchus, Via Natural or Artificial Opening Endoscopic, Diagnostic",0.0,0.0,0.0,0,0,2,2,8.0
0BD78ZX,"Extraction of Left Main Bronchus, Via Natural or Artificial Opening Endoscopic, Diagnostic",0.0,0.0,0.0,0,0,2,2,8.0
0BD88ZX,"Extraction of Left Upper Lobe Bronchus, Via Natural or Artificial Opening Endoscopic, Diagnostic",0.0,0.0,0.0,0,0,2,2,8.0
0BDB8ZX,"Extraction of Left Lower Lobe Bronchus, Via Natural or Artificial Opening Endoscopic, Diagnostic",0.0,0.0,0.0,0,0,2,2,10.0
0BDC8ZX,"Extraction of Right Upper Lung Lobe, Via Natural or Artificial Opening Endoscopic, Diagnostic",0.0,0.0,0.0,0,0,2,2,11.0
0BDF8ZX,"Extraction of Right Lower Lung Lobe, Via Natural or Artificial Opening Endoscopic, Diagnostic",0.0,0.0,0.0,0,1,2,2,11.0
0BDJ8ZX,"Extraction of Left Lower Lung Lobe, Via Natural or Artificial Opening Endoscopic, Diagnostic",0.0,0.0,0.0,0,0,2,2,11.0
0BDN4ZZ,"Extraction of Right Pleura, Percutaneous Endoscopic Approach",0.24999999968749997,0.49999999875,0.33333332833333335,2,6,2,4,18.0
0BDP4ZZ,"Extraction of Left Pleura, Percutaneous Endoscopic Approach",0.4999999975,0.4999999975,0.4999999925000001,1,1,1,2,11.0
0BH17EZ,"Insertion of Endotracheal Airway into Trachea, Via Natural or Artificial Opening",0.6401515151393911,0.6525096524970558,0.6462715055043525,338,190,180,518,2358.0
0BH18EZ,"Insertion of Endotracheal Airway into Trachea, Via Natural or Artificial Opening Endoscopic",0.0,0.0,0.0,0,0,62,62,271.0
0BH48GZ,"Insertion of Endobronchial Valve into Right Upper Lobe Bronchus, Via Natural or Artificial Opening Endoscopic",0.9999999900000002,0.4999999975,0.6666666577777778,1,0,1,2,10.0
0BJ08ZZ,"Inspection of Tracheobronchial Tree, Via Natural or Artificial Opening Endoscopic",0.3764705881910035,0.30476190473287984,0.3368421002831026,32,53,73,105,489.0
0BJ18ZZ,"Inspection of Trachea, Via Natural or Artificial Opening Endoscopic",0.0,0.0,0.0,0,0,5,5,23.0
0BJK4ZZ,"Inspection of Right Lung, Percutaneous Endoscopic Approach",0.0,0.0,0.0,0,0,1,1,8.0
0BJL4ZZ,"Inspection of Left Lung, Percutaneous Endoscopic Approach",0.0,0.0,0.0,0,0,2,2,11.0
0BJQ4ZZ,"Inspection of Pleura, Percutaneous Endoscopic Approach",0.0,0.0,0.0,0,0,3,3,15.0
0BNK0ZZ,"Release Right Lung, Open Approach",0.0,0.0,0.0,0,0,2,2,9.0
0BNK4ZZ,"Release Right Lung, Percutaneous Endoscopic Approach",0.0,0.0,0.0,0,2,4,4,18.0
0BNL4ZZ,"Release Left Lung, Percutaneous Endoscopic Approach",0.0,0.0,0.0,0,2,3,3,13.0
0BNN4ZZ,"Release Right Pleura, Percutaneous Endoscopic Approach",0.0,0.0,0.0,0,0,1,1,8.0
0BP08DZ,"Removal of Intraluminal Device from Tracheobronchial Tree, Via Natural or Artificial Opening Endoscopic",0.16666666638888888,0.249999999375,0.1999999948000001,1,5,3,4,17.0
0BP18DZ,"Removal of Intraluminal Device from Trachea, Via Natural or Artificial Opening Endoscopic",0.3999999992,0.3999999992,0.39999999420000004,2,3,3,5,25.0
0BP1XFZ,"Removal of Tracheostomy Device from Trachea, External Approach",0.0,0.0,0.0,0,0,4,4,22.0
0BPQX0Z,"Removal of Drainage Device from Pleura, External Approach",0.0,0.0,0.0,0,0,2,2,8.0
0BQ10ZZ,"Repair Trachea, Open Approach",0.0,0.0,0.0,0,0,2,2,9.0
0BQR0ZZ,"Repair Right Diaphragm, Open Approach",0.3333333322222222,0.4999999975,0.39999999360000005,1,2,1,2,10.0
0BQR4ZZ,"Repair Right Diaphragm, Percutaneous Endoscopic Approach",0.21428571413265304,0.4285714279591837,0.28571428099773244,3,11,4,7,34.0
0BQS0ZZ,"Repair Left Diaphragm, Open Approach",0.4999999975,0.3333333322222222,0.39999999360000005,1,1,2,3,11.0
0BQS4ZZ,"Repair Left Diaphragm, Percutaneous Endoscopic Approach",0.28571428551020406,0.49999999937499995,0.36363635867768596,4,10,4,8,37.0
0BQT0ZZ,"Repair Diaphragm, Open Approach",0.0,0.0,0.0,0,1,2,2,9.0
0BQT4ZZ,"Repair Diaphragm, Percutaneous Endoscopic Approach",0.41666666631944443,0.45454545413223135,0.4347826033270321,5,7,6,11,52.0
0BTC0ZZ,"Resection of Right Upper Lung Lobe, Open Approach",0.5999999993999999,0.9999999983333333,0.7499999943750001,6,4,0,6,28.0
0BTC4ZZ,"Resection of Right Upper Lung Lobe, Percutaneous Endoscopic Approach",0.7142857132653061,0.8333333319444445,0.7692307630769232,5,2,1,6,30.0
0BTD0ZZ,"Resection of Right Middle Lung Lobe, Open Approach",0.9999999900000002,0.4999999975,0.6666666577777778,1,0,1,2,8.0
0BTD4ZZ,"Resection of Right Middle Lung Lobe, Percutaneous Endoscopic Approach",0.49999999875,0.6666666644444444,0.5714285648979592,2,2,1,3,12.0
0BTF4ZZ,"Resection of Right Lower Lung Lobe, Percutaneous Endoscopic Approach",0.7499999981250001,0.9999999966666667,0.8571428497959185,3,1,0,3,17.0
0BTG0ZZ,"Resection of Left Upper Lung Lobe, Open Approach",0.5999999988,0.9999999966666667,0.7499999934375,3,2,0,3,17.0
0BTG4ZZ,"Resection of Left Upper Lung Lobe, Percutaneous Endoscopic Approach",0.999999995,0.6666666644444444,0.799999992,2,0,1,3,15.0
0BTJ0ZZ,"Resection of Left Lower Lung Lobe, Open Approach",0.999999995,0.999999995,0.9999999900000001,2,0,0,2,11.0
0BTJ4ZZ,"Resection of Left Lower Lung Lobe, Percutaneous Endoscopic Approach",0.5999999988,0.7499999981250001,0.6666666602469137,3,2,1,4,19.0
0BU10JZ,"Supplement Trachea with Synthetic Substitute, Open Approach",0.749999999625,0.9999999993333333,0.8571428517551021,15,5,0,15,70.0
0BU30JZ,"Supplement Right Main Bronchus with Synthetic Substitute, Open Approach",0.8421052627146814,0.999999999375,0.9142857088,16,3,0,16,61.0
0BU70JZ,"Supplement Left Main Bronchus with Synthetic Substitute, Open Approach",0.7368421048753462,0.9999999992857143,0.8484848430853995,14,5,0,14,60.0
0BUT4JZ,"Supplement Diaphragm with Synthetic Substitute, Percutaneous Endoscopic Approach",0.0,0.0,0.0,0,0,2,2,7.0
0BW18FZ,"Revision of Tracheostomy Device in Trachea, Via Natural or Artificial Opening Endoscopic",0.0,0.0,0.0,0,0,4,4,14.0
0C7S8ZZ,"Dilation of Larynx, Via Natural or Artificial Opening Endoscopic",0.0,0.0,0.0,0,1,2,2,10.0
0CB70ZZ,"Excision of Tongue, Open Approach",0.0,0.0,0.0,0,1,2,2,10.0
0CBM0ZZ,"Excision of Pharynx, Open Approach",0.0,0.0,0.0,0,1,2,2,11.0
0CBM8ZX,"Excision of Pharynx, Via Natural or Artificial Opening Endoscopic, Diagnostic",0.5999999988,0.9999999966666667,0.7499999934375,3,2,0,3,12.0
0CBS8ZX,"Excision of Larynx, Via Natural or Artificial Opening Endoscopic, Diagnostic",0.3999999992,0.6666666644444444,0.49999999406250006,2,3,1,3,14.0
0CDWXZ0,"Extraction of Upper Tooth, Single, External Approach",0.0,0.0,0.0,0,0,5,5,26.0
0CDWXZ1,"Extraction of Upper Tooth, Multiple, External Approach",0.5624999996484374,0.6923076917751478,0.6206896497978597,9,7,4,13,64.0
0CDXXZ0,"Extraction of Lower Tooth, Single, External Approach",0.4117647056401384,0.6363636357851239,0.49999999487244906,7,10,4,11,56.0
0CDXXZ1,"Extraction of Lower Tooth, Multiple, External Approach",0.4285714282653061,0.4285714282653061,0.4285714232653061,6,8,8,14,66.0
0CJS8ZZ,"Inspection of Larynx, Via Natural or Artificial Opening Endoscopic",0.4536082473759167,0.5365853657882214,0.4916201067120253,44,53,38,82,386.0
0CJY8ZZ,"Inspection of Mouth and Throat, Via Natural or Artificial Opening Endoscopic",0.0,0.0,0.0,0,1,20,20,92.0
0CQ0XZZ,"Repair Upper Lip, External Approach",0.0,0.0,0.0,0,3,3,3,12.0
0CQ1XZZ,"Repair Lower Lip, External Approach",0.0,0.0,0.0,0,0,3,3,12.0
0CT90ZZ,"Resection of Left Parotid Gland, Open Approach",0.0,0.0,0.0,0,0,2,2,9.0
0CTS0ZZ,"Resection of Larynx, Open Approach",0.9999999966666667,0.9999999966666667,0.9999999916666666,3,0,0,3,9.0
0CTW0Z1,"Resection of Upper Tooth, Multiple, Open Approach",0.0,0.0,0.0,0,0,2,2,8.0
0CTX0Z0,"Resection of Lower Tooth, Single, Open Approach",0.0,0.0,0.0,0,3,3,3,11.0
0CTX0Z1,"Resection of Lower Tooth, Multiple, Open Approach",0.0,0.0,0.0,0,0,2,2,7.0
0D160ZA,"Bypass Stomach to Jejunum, Open Approach",0.5238095235600907,0.7333333328444444,0.6111111059104939,11,10,4,15,46.0
0D164ZA,"Bypass Stomach to Jejunum, Percutaneous Endoscopic Approach",0.6249999992187499,0.8333333319444445,0.7142857083673471,5,3,1,6,30.0
0D1A0Z4,"Bypass Jejunum to Cutaneous, Open Approach",0.249999999375,0.3333333322222222,0.28571428000000004,1,3,2,3,14.0
0D1A0ZA,"Bypass Jejunum to Jejunum, Open Approach",0.0,0.0,0.0,0,0,2,2,12.0
0D1B0Z4,"Bypass Ileum to Cutaneous, Open Approach",0.5303030302226814,0.9210526313365651,0.6730769183099115,35,31,3,38,185.0
0D1B4Z4,"Bypass Ileum to Cutaneous, Percutaneous Endoscopic Approach",0.8108108105916727,0.9374999997070312,0.8695652121655114,30,7,2,32,135.0
0D1B4ZQ,"Bypass Ileum to Anus, Percutaneous Endoscopic Approach",0.49999999937499995,0.9999999975,0.6666666611111112,4,4,0,4,20.0
0D1L0Z4,"Bypass Transverse Colon to Cutaneous, Open Approach",0.47619047596371883,0.8333333326388889,0.6060606010651975,10,11,2,12,43.0
0D1M0Z4,"Bypass Descending Colon to Cutaneous, Open Approach",0.24999999984375,0.4444444439506172,0.319999995136,4,12,5,9,48.0
0D1M4Z4,"Bypass Descending Colon to Cutaneous, Percutaneous Endoscopic Approach",0.0,0.0,0.0,0,0,2,2,10.0
0D1N0Z4,"Bypass Sigmoid Colon to Cutaneous, Open Approach",0.449999999775,0.6923076917751478,0.545454540348944,9,11,4,13,64.0
0D1N4Z4,"Bypass Sigmoid Colon to Cutaneous, Percutaneous Endoscopic Approach",0.8571428559183674,0.8571428559183674,0.8571428509183675,6,1,1,7,32.0
0D20X0Z,"Change Drainage Device in Upper Intestinal Tract, External Approach",0.0,0.0,0.0,0,0,2,2,8.0
0D20XUZ,"Change Feeding Device in Upper Intestinal Tract, External Approach",0.6521739127599243,0.4999999998333333,0.566037730722677,15,8,15,30,128.0
0D2DXUZ,"Change Feeding Device in Lower Intestinal Tract, External Approach",0.3999999999,0.5925925923731138,0.4776119353441746,16,24,11,27,109.0
0D568ZZ,"Destruction of Stomach, Via Natural or Artificial Opening Endoscopic",0.3333333329629629,0.24999999979166665,0.28571428054421777,3,6,9,12,58.0
0D578ZZ,"Destruction of Stomach, Pylorus, Via Natural or Artificial Opening Endoscopic",0.0,0.0,0.0,0,1,2,2,11.0
0D598ZZ,"Destruction of Duodenum, Via Natural or Artificial Opening Endoscopic",0.3571428568877551,0.45454545413223135,0.39999999475200004,5,9,6,11,56.0
0D5A8ZZ,"Destruction of Jejunum, Via Natural or Artificial Opening Endoscopic",0.6666666644444444,0.3999999992,0.49999999406250006,2,1,3,5,18.0
0D5H8ZZ,"Destruction of Cecum, Via Natural or Artificial Opening Endoscopic",0.0,0.0,0.0,0,1,2,2,11.0
0D5P8ZZ,"Destruction of Rectum, Via Natural or Artificial Opening Endoscopic",0.0,0.0,0.0,0,0,1,1,10.0
0D5W0ZZ,"Destruction of Peritoneum, Open Approach",0.3333333322222222,0.9999999900000002,0.49999999375000004,1,2,0,1,8.0
0D728DZ,"Dilation of Middle Esophagus with Intraluminal Device, Via Natural or Artificial Opening Endoscopic",0.0,0.0,0.0,0,0,2,2,9.0
0D738DZ,"Dilation of Lower Esophagus with Intraluminal Device, Via Natural or Artificial Opening Endoscopic",0.16666666638888888,0.3333333322222222,0.2222222172839507,1,5,2,3,12.0
0D738ZZ,"Dilation of Lower Esophagus, Via Natural or Artificial Opening Endoscopic",0.33333333277777777,0.49999999875,0.3999999944,2,4,2,4,20.0
0D748DZ,"Dilation of Esophagogastric Junction with Intraluminal Device, Via Natural or Artificial Opening Endoscopic",0.0,0.0,0.0,0,1,2,2,11.0
0D748ZZ,"Dilation of Esophagogastric Junction, Via Natural or Artificial Opening Endoscopic",0.0,0.0,0.0,0,0,3,3,17.0
0D758ZZ,"Dilation of Esophagus, Via Natural or Artificial Opening Endoscopic",0.0,0.0,0.0,0,0,6,6,18.0
0D768ZZ,"Dilation of Stomach, Via Natural or Artificial Opening Endoscopic",0.3333333322222222,0.4999999975,0.39999999360000005,1,2,1,2,11.0
0D778ZZ,"Dilation of Stomach, Pylorus, Via Natural or Artificial Opening Endoscopic",0.0,0.0,0.0,0,2,2,2,12.0
0D798DZ,"Dilation of Duodenum with Intraluminal Device, Via Natural or Artificial Opening Endoscopic",0.4999999997222222,0.9999999988888888,0.6666666617283951,9,9,0,9,44.0
0D798ZZ,"Dilation of Duodenum, Via Natural or Artificial Opening Endoscopic",0.0,0.0,0.0,0,1,3,3,16.0
0D7A8ZZ,"Dilation of Jejunum, Via Natural or Artificial Opening Endoscopic",0.0,0.0,0.0,0,1,2,2,10.0
0D7N8DZ,"Dilation of Sigmoid Colon with Intraluminal Device, Via Natural or Artificial Opening Endoscopic",0.3999999992,0.6666666644444444,0.49999999406250006,2,3,1,3,12.0
0D844ZZ,"Division of Esophagogastric Junction, Percutaneous Endoscopic Approach",0.999999995,0.6666666644444444,0.799999992,2,0,1,3,17.0
0D9600Z,"Drainage of Stomach with Drainage Device, Open Approach",0.0,0.0,0.0,0,0,1,1,8.0
0D9630Z,"Drainage of Stomach with Drainage Device, Percutaneous Approach",0.0,0.0,0.0,0,1,2,2,12.0
0D9670Z,"Drainage of Stomach with Drainage Device, Via Natural or Artificial Opening",0.0,0.0,0.0,0,0,8,8,39.0
0D9680Z,"Drainage of Stomach with Drainage Device, Via Natural or Artificial Opening Endoscopic",0.0,0.0,0.0,0,0,3,3,13.0
0D968ZZ,"Drainage of Stomach, Via Natural or Artificial Opening Endoscopic",0.0,0.0,0.0,0,0,2,2,11.0
0D9J30Z,"Drainage of Appendix with Drainage Device, Percutaneous Approach",0.0,0.0,0.0,0,0,2,2,8.0
0D9N30Z,"Drainage of Sigmoid Colon with Drainage Device, Percutaneous Approach",0.0,0.0,0.0,0,0,2,2,8.0
0D9P0ZZ,"Drainage of Rectum, Open Approach",0.0,0.0,0.0,0,0,2,2,11.0
0D9P30Z,"Drainage of Rectum with Drainage Device, Percutaneous Approach",0.0,0.0,0.0,0,0,3,3,11.0
0D9P3ZZ,"Drainage of Rectum, Percutaneous Approach",0.0,0.0,0.0,0,0,2,2,7.0
0D9Q0ZZ,"Drainage of Anus, Open Approach",0.0,0.0,0.0,0,0,2,2,7.0
0D9W30Z,"Drainage of Peritoneum with Drainage Device, Percutaneous Approach",0.0,0.0,0.0,0,0,4,4,22.0
0DB18ZX,"Excision of Upper Esophagus, Via Natural or Artificial Opening Endoscopic, Diagnostic",0.0,0.0,0.0,0,1,4,4,19.0
0DB28ZX,"Excision of Middle Esophagus, Via Natural or Artificial Opening Endoscopic, Diagnostic",0.46666666635555554,0.3333333331746032,0.38888888381172837,7,8,14,21,98.0
0DB34ZZ,"Excision of Lower Esophagus, Percutaneous Endoscopic Approach",0.0,0.0,0.0,0,0,3,3,16.0
0DB38ZX,"Excision of Lower Esophagus, Via Natural or Artificial Opening Endoscopic, Diagnostic",0.3018867923958704,0.5517241377407848,0.3902438977721594,16,37,13,29,141.0
0DB44ZZ,"Excision of Esophagogastric Junction, Percutaneous Endoscopic Approach",0.3999999992,0.49999999875,0.4444444385185186,2,3,2,4,18.0
0DB48ZX,"Excision of Esophagogastric Junction, Via Natural or Artificial Opening Endoscopic, Diagnostic",0.6874999995703125,0.5238095235600907,0.5945945893644997,11,5,10,21,99.0
0DB50ZZ,"Excision of Esophagus, Open Approach",0.0,0.0,0.0,0,0,1,1,8.0
0DB54ZZ,"Excision of Esophagus, Percutaneous Endoscopic Approach",0.0,0.0,0.0,0,2,2,2,11.0
0DB58ZX,"Excision of Esophagus, Via Natural or Artificial Opening Endoscopic, Diagnostic",0.0,0.0,0.0,0,0,13,13,58.0
0DB60ZZ,"Excision of Stomach, Open Approach",0.4827586205231867,0.6666666663492063,0.5599999949040001,14,15,7,21,85.0
0DB64Z3,"Excision of Stomach, Percutaneous Endoscopic Approach, Vertical",0.9473684208864266,0.9999999998148148,0.9729729678013148,54,3,0,54,266.0
0DB64ZZ,"Excision of Stomach, Percutaneous Endoscopic Approach",0.5833333328472222,0.5384615380473372,0.55999999456,7,5,6,13,54.0
0DB68ZX,"Excision of Stomach, Via Natural or Artificial Opening Endoscopic, Diagnostic",0.5096774193219563,0.5851851851418381,0.5448275811931035,79,76,56,135,617.0
0DB68ZZ,"Excision of Stomach, Via Natural or Artificial Opening Endoscopic",0.0,0.0,0.0,0,0,2,2,10.0
0DB70ZZ,"Excision of Stomach, Pylorus, Open Approach",0.0,0.0,0.0,0,1,2,2,11.0
0DB78ZX,"Excision of Stomach, Pylorus, Via Natural or Artificial Opening Endoscopic, Diagnostic",0.3636363633057851,0.08695652172022685,0.14035087402893204,4,7,42,46,180.0
0DB80ZZ,"Excision of Small Intestine, Open Approach",0.5263157893351801,0.5882352939446367,0.5555555504166667,20,18,14,34,143.0
0DB84ZZ,"Excision of Small Intestine, Percutaneous Endoscopic Approach",0.0,0.0,0.0,0,0,3,3,13.0
0DB90ZZ,"Excision of Duodenum, Open Approach",0.6999999997666666,0.8749999996354166,0.7777777725514403,21,9,3,24,111.0
0DB94ZZ,"Excision of Duodenum, Percutaneous Endoscopic Approach",0.0,0.0,0.0,0,0,2,2,12.0
0DB98ZX,"Excision of Duodenum, Via Natural or Artificial Opening Endoscopic, Diagnostic",0.6477272726536674,0.537735849005874,0.5876288609618451,57,31,49,106,413.0
0DBA0ZZ,"Excision of Jejunum, Open Approach",0.45454545433884297,0.5263157891966759,0.48780487283759666,10,12,9,19,95.0
0DBA8ZX,"Excision of Jejunum, Via Natural or Artificial Opening Endoscopic, Diagnostic",0.9999999900000002,0.14285714265306124,0.24999999718750004,1,0,6,7,34.0
0DBB0ZZ,"Excision of Ileum, Open Approach",0.5087719297353032,0.5471698112175151,0.5272727221834712,29,28,24,53,256.0
0DBB4ZZ,"Excision of Ileum, Percutaneous Endoscopic Approach",0.6666666644444444,0.24999999968749997,0.36363635900826446,2,1,6,8,31.0
0DBB8ZX,"Excision of Ileum, Via Natural or Artificial Opening Endoscopic, Diagnostic",0.49999999982142856,0.6363636360743802,0.5599999948480001,14,14,8,22,103.0
0DBC8ZX,"Excision of Ileocecal Valve, Via Natural or Artificial Opening Endoscopic, Diagnostic",0.0,0.0,0.0,0,0,3,3,14.0
0DBE0ZZ,"Excision of Large Intestine, Open Approach",0.0,0.0,0.0,0,0,4,4,19.0
0DBE8ZX,"Excision of Large Intestine, Via Natural or Artificial Opening Endoscopic, Diagnostic",0.49999999964285713,0.279999999888,0.35897435418803425,7,7,18,25,81.0
0DBF0ZZ,"Excision of Right Large Intestine, Open Approach",0.0,0.0,0.0,0,2,3,3,15.0
0DBF4ZZ,"Excision of Right Large Intestine, Percutaneous Endoscopic Approach",0.0,0.0,0.0,0,0,4,4,9.0
0DBF8ZX,"Excision of Right Large Intestine, Via Natural or Artificial Opening Endoscopic, Diagnostic",0.0,0.0,0.0,0,0,9,9,34.0
0DBG0ZZ,"Excision of Left Large Intestine, Open Approach",0.0,0.0,0.0,0,0,2,2,11.0
0DBG4ZZ,"Excision of Left Large Intestine, Percutaneous Endoscopic Approach",0.0,0.0,0.0,0,0,2,2,7.0
0DBG8ZX,"Excision of Left Large Intestine, Via Natural or Artificial Opening Endoscopic, Diagnostic",0.0,0.0,0.0,0,0,8,8,33.0
0DBH0ZZ,"Excision of Cecum, Open Approach",0.49999999875,0.33333333277777777,0.3999999944,2,2,4,6,26.0
0DBH4ZZ,"Excision of Cecum, Percutaneous Endoscopic Approach",0.9999999900000002,0.249999999375,0.3999999952,1,0,3,4,13.0
0DBH8ZX,"Excision of Cecum, Via Natural or Artificial Opening Endoscopic, Diagnostic",0.49999999979166665,0.5999999997,0.5454545402479338,12,12,8,20,95.0
0DBH8ZZ,"Excision of Cecum, Via Natural or Artificial Opening Endoscopic",0.0,0.0,0.0,0,0,3,3,18.0
0DBK0ZZ,"Excision of Ascending Colon, Open Approach",0.0,0.0,0.0,0,0,4,4,22.0
0DBK4ZZ,"Excision of Ascending Colon, Percutaneous Endoscopic Approach",0.0,0.0,0.0,0,0,2,2,8.0
0DBK8ZX,"Excision of Ascending Colon, Via Natural or Artificial Opening Endoscopic, Diagnostic",0.6874999995703125,0.28947368413434904,0.4074074030864198,11,5,27,38,122.0
0DBK8ZZ,"Excision of Ascending Colon, Via Natural or Artificial Opening Endoscopic",0.0,0.0,0.0,0,1,8,8,37.0
0DBL0ZZ,"Excision of Transverse Colon, Open Approach",0.8333333319444445,0.3333333331111111,0.4761904716553288,5,1,10,15,58.0
0DBL4ZZ,"Excision of Transverse Colon, Percutaneous Endoscopic Approach",0.0,0.0,0.0,0,1,2,2,8.0
0DBL8ZX,"Excision of Transverse Colon, Via Natural or Artificial Opening Endoscopic, Diagnostic",0.6249999992187499,0.17857142850765306,0.27777777416666666,5,3,23,28,124.0
0DBL8ZZ,"Excision of Transverse Colon, Via Natural or Artificial Opening Endoscopic",0.9999999966666667,0.37499999953124996,0.5454545404958677,3,0,5,8,37.0
0DBM0ZZ,"Excision of Descending Colon, Open Approach",0.0,0.0,0.0,0,0,6,6,33.0
0DBM4ZZ,"Excision of Descending Colon, Percutaneous Endoscopic Approach",0.0,0.0,0.0,0,0,2,2,7.0
0DBM8ZX,"Excision of Descending Colon, Via Natural or Artificial Opening Endoscopic, Diagnostic",0.5833333328472222,0.24999999991071428,0.349999995625,7,5,21,28,139.0
0DBM8ZZ,"Excision of Descending Colon, Via Natural or Artificial Opening Endoscopic",0.0,0.0,0.0,0,0,7,7,14.0
0DBN0ZZ,"Excision of Sigmoid Colon, Open Approach",0.47368421040166203,0.5999999998,0.5294117596193773,18,20,12,30,151.0
0DBN4ZZ,"Excision of Sigmoid Colon, Percutaneous Endoscopic Approach",0.37499999953124996,0.16666666657407406,0.23076922633136102,3,5,15,18,86.0
0DBN8ZX,"Excision of Sigmoid Colon, Via Natural or Artificial Opening Endoscopic, Diagnostic",0.6034482757580262,0.4666666666044445,0.5263157844762283,35,23,40,75,370.0
0DBN8ZZ,"Excision of Sigmoid Colon, Via Natural or Artificial Opening Endoscopic",0.3999999992,0.2222222219753086,0.2857142807142858,2,3,7,9,41.0
0DBP0ZZ,"Excision of Rectum, Open Approach",0.5555555549382716,0.3124999998046875,0.399999995072,5,4,11,16,81.0
0DBP4ZZ,"Excision of Rectum, Percutaneous Endoscopic Approach",0.999999995,0.15384615372781063,0.266666664,2,0,11,13,42.0
0DBP7ZZ,"Excision of Rectum, Via Natural or Artificial Opening",0.0,0.0,0.0,0,1,2,2,7.0
0DBP8ZX,"Excision of Rectum, Via Natural or Artificial Opening Endoscopic, Diagnostic",0.47169811311854754,0.48076923067677513,0.4761904711002268,25,28,27,52,258.0
0DBP8ZZ,"Excision of Rectum, Via Natural or Artificial Opening Endoscopic",0.4999999975,0.249999999375,0.33333332777777785,1,1,3,4,19.0
0DBS0ZX,"Excision of Greater Omentum, Open Approach, Diagnostic",0.0,0.0,0.0,0,0,3,3,14.0
0DBS0ZZ,"Excision of Greater Omentum, Open Approach",0.2222222219753086,0.33333333277777777,0.2666666615111111,2,7,4,6,27.0
0DBS3ZX,"Excision of Greater Omentum, Percutaneous Approach, Diagnostic",0.9999999900000002,0.4999999975,0.6666666577777778,1,0,1,2,11.0
0DBS4ZX,"Excision of Greater Omentum, Percutaneous Endoscopic Approach, Diagnostic",0.3999999992,0.6666666644444444,0.49999999406250006,2,3,1,3,13.0
0DBT0ZZ,"Excision of Lesser Omentum, Open Approach",0.249999999375,0.4999999975,0.33333332777777785,1,3,1,2,10.0
0DBU0ZX,"Excision of Omentum, Open Approach, Diagnostic",0.14285714265306124,0.249999999375,0.1818181768595043,1,6,3,4,20.0
0DBU0ZZ,"Excision of Omentum, Open Approach",0.11764705878892734,0.3636363633057851,0.17777777400493835,4,30,7,11,51.0
0DBU3ZX,"Excision of Omentum, Percutaneous Approach, Diagnostic",0.3636363633057851,0.7999999984,0.499999995078125,4,7,1,5,21.0
0DBU4ZX,"Excision of Omentum, Percutaneous Endoscopic Approach, Diagnostic",0.0,0.0,0.0,0,0,3,3,11.0
0DBU4ZZ,"Excision of Omentum, Percutaneous Endoscopic Approach",0.0,0.0,0.0,0,0,2,2,9.0
0DBV0ZZ,"Excision of Mesentery, Open Approach",0.0,0.0,0.0,0,5,6,6,26.0
0DBW0ZX,"Excision of Peritoneum, Open Approach, Diagnostic",0.3999999992,0.3999999992,0.39999999420000004,2,3,3,5,19.0
0DBW0ZZ,"Excision of Peritoneum, Open Approach",0.3333333331746032,0.5833333328472222,0.42424241935720847,7,14,5,12,60.0
0DBW3ZX,"Excision of Peritoneum, Percutaneous Approach, Diagnostic",0.0,0.0,0.0,0,1,2,2,9.0
0DBW4ZX,"Excision of Peritoneum, Percutaneous Endoscopic Approach, Diagnostic",0.0,0.0,0.0,0,0,5,5,19.0
0DC18ZZ,"Extirpation of Matter from Upper Esophagus, Via Natural or Artificial Opening Endoscopic",0.0,0.0,0.0,0,1,2,2,7.0
0DC28ZZ,"Extirpation of Matter from Middle Esophagus, Via Natural or Artificial Opening Endoscopic",0.0,0.0,0.0,0,0,1,1,8.0
0DC38ZZ,"Extirpation of Matter from Lower Esophagus, Via Natural or Artificial Opening Endoscopic",0.0,0.0,0.0,0,0,2,2,11.0
0DC58ZZ,"Extirpation of Matter from Esophagus, Via Natural or Artificial Opening Endoscopic",0.0,0.0,0.0,0,0,5,5,24.0
0DC68ZZ,"Extirpation of Matter from Stomach, Via Natural or Artificial Opening Endoscopic",0.0,0.0,0.0,0,1,6,6,26.0
0DC98ZZ,"Extirpation of Matter from Duodenum, Via Natural or Artificial Opening Endoscopic",0.0,0.0,0.0,0,0,2,2,11.0
0DD68ZX,"Extraction of Stomach, Via Natural or Artificial Opening Endoscopic, Diagnostic",0.0,0.0,0.0,0,0,4,4,20.0
0DD78ZX,"Extraction of Stomach, Pylorus, Via Natural or Artificial Opening Endoscopic, Diagnostic",0.0,0.0,0.0,0,0,3,3,13.0
0DD98ZX,"Extraction of Duodenum, Via Natural or Artificial Opening Endoscopic, Diagnostic",0.0,0.0,0.0,0,0,4,4,15.0
0DDN8ZX,"Extraction of Sigmoid Colon, Via Natural or Artificial Opening Endoscopic, Diagnostic",0.0,0.0,0.0,0,0,2,2,9.0
0DDP8ZX,"Extraction of Rectum, Via Natural or Artificial Opening Endoscopic, Diagnostic",0.0,0.0,0.0,0,0,1,1,8.0
0DH60UZ,"Insertion of Feeding Device into Stomach, Open Approach",0.3999999992,0.33333333277777777,0.36363635801652905,2,3,4,6,26.0
0DH63UZ,"Insertion of Feeding Device into Stomach, Percutaneous Approach",0.7719298245162614,0.8354430379218074,0.8024316059012759,132,39,26,158,733.0
0DH67UZ,"Insertion of Feeding Device into Stomach, Via Natural or Artificial Opening",0.0,0.0,0.0,0,0,27,27,132.0
0DH68UZ,"Insertion of Feeding Device into Stomach, Via Natural or Artificial Opening Endoscopic",0.0,0.0,0.0,0,0,9,9,42.0
0DH97UZ,"Insertion of Feeding Device into Duodenum, Via Natural or Artificial Opening",0.0,0.0,0.0,0,0,5,5,24.0
0DH98UZ,"Insertion of Feeding Device into Duodenum, Via Natural or Artificial Opening Endoscopic",0.0,0.0,0.0,0,1,7,7,37.0
0DHA0UZ,"Insertion of Feeding Device into Jejunum, Open Approach",0.4210526313573407,0.7272727266115702,0.5333333283333335,8,11,3,11,53.0
0DHA3UZ,"Insertion of Feeding Device into Jejunum, Percutaneous Approach",0.571428571292517,0.571428571292517,0.5714285662925171,24,18,18,42,206.0
0DHA4UZ,"Insertion of Feeding Device into Jejunum, Percutaneous Endoscopic Approach",0.4444444439506172,0.7999999984,0.5714285660204083,4,5,1,5,24.0
0DHA7UZ,"Insertion of Feeding Device into Jejunum, Via Natural or Artificial Opening",0.0,0.0,0.0,0,0,7,7,32.0
0DHA8UZ,"Insertion of Feeding Device into Jejunum, Via Natural or Artificial Opening Endoscopic",0.45161290308012486,0.5185185183264746,0.48275861554696786,14,17,13,27,112.0
0DJ07ZZ,"Inspection of Upper Intestinal Tract, Via Natural or Artificial Opening",0.484848484775023,0.8888888886419752,0.6274509757016533,32,34,4,36,177.0
0DJ08ZZ,"Inspection of Upper Intestinal Tract, Via Natural or Artificial Opening Endoscopic",0.6287878787759699,0.7048832271612551,0.6646646596676355,332,196,139,471,2178.0
0DJ68ZZ,"Inspection of Stomach, Via Natural or Artificial Opening Endoscopic",0.0,0.0,0.0,0,0,11,11,54.0
0DJD0ZZ,"Inspection of Lower Intestinal Tract, Open Approach",0.0,0.0,0.0,0,0,2,2,11.0
0DJD4ZZ,"Inspection of Lower Intestinal Tract, Percutaneous Endoscopic Approach",0.5999999993999999,0.4285714282653061,0.49999999472222234,6,4,8,14,56.0
0DJD8ZZ,"Inspection of Lower Intestinal Tract, Via Natural or Artificial Opening Endoscopic",0.6989247311577446,0.7768924302479325,0.735849051589961,195,84,56,251,1060.0
0DN60ZZ,"Release Stomach, Open Approach",0.0,0.0,0.0,0,0,2,2,11.0
0DN64ZZ,"Release Stomach, Percutaneous Endoscopic Approach",0.0,0.0,0.0,0,0,3,3,12.0
0DN80ZZ,"Release Small Intestine, Open Approach",0.3717948717472058,0.72499999981875,0.4915254191640333,29,49,11,40,240.0
0DN84ZZ,"Release Small Intestine, Percutaneous Endoscopic Approach",0.0,0.0,0.0,0,2,9,9,44.0
0DN90ZZ,"Release Duodenum, Open Approach",0.0,0.0,0.0,0,0,2,2,10.0
0DNA0ZZ,"Release Jejunum, Open Approach",0.9999999900000002,0.16666666638888888,0.2857142824489796,1,0,5,6,27.0
0DNB0ZZ,"Release Ileum, Open Approach",0.0,0.0,0.0,0,0,10,10,49.0
0DNB4ZZ,"Release Ileum, Percutaneous Endoscopic Approach",0.0,0.0,0.0,0,0,2,2,8.0
0DNE0ZZ,"Release Large Intestine, Open Approach",0.0,0.0,0.0,0,0,8,8,37.0
0DNE4ZZ,"Release Large Intestine, Percutaneous Endoscopic Approach",0.0,0.0,0.0,0,1,3,3,11.0
0DNH0ZZ,"Release Cecum, Open Approach",0.0,0.0,0.0,0,0,2,2,11.0
0DNL0ZZ,"Release Transverse Colon, Open Approach",0.0,0.0,0.0,0,0,4,4,19.0
0DNL4ZZ,"Release Transverse Colon, Percutaneous Endoscopic Approach",0.0,0.0,0.0,0,0,2,2,9.0
0DNN0ZZ,"Release Sigmoid Colon, Open Approach",0.0,0.0,0.0,0,1,5,5,23.0
0DNN4ZZ,"Release Sigmoid Colon, Percutaneous Endoscopic Approach",0.0,0.0,0.0,0,0,2,2,10.0
0DNS0ZZ,"Release Greater Omentum, Open Approach",0.0,0.0,0.0,0,0,2,2,10.0
0DNS4ZZ,"Release Greater Omentum, Percutaneous Endoscopic Approach",0.0,0.0,0.0,0,0,3,3,12.0
0DNU0ZZ,"Release Omentum, Open Approach",0.0,0.0,0.0,0,0,8,8,36.0
0DNU4ZZ,"Release Omentum, Percutaneous Endoscopic Approach",0.0,0.0,0.0,0,0,5,5,26.0
0DNW0ZZ,"Release Peritoneum, Open Approach",0.17857142850765306,0.17241379304399523,0.17543859143120974,5,23,24,29,144.0
0DNW4ZZ,"Release Peritoneum, Percutaneous Endoscopic Approach",0.0,0.0,0.0,0,2,15,15,73.0
0DP58DZ,"Removal of Intraluminal Device from Esophagus, Via Natural or Artificial Opening Endoscopic",0.0,0.0,0.0,0,0,2,2,8.0
0DP63UZ,"Removal of Feeding Device from Stomach, Percutaneous Approach",0.0,0.0,0.0,0,0,2,2,11.0
0DP64CZ,"Removal of Extraluminal Device from Stomach, Percutaneous Endoscopic Approach",0.8571428559183674,0.9999999983333333,0.9230769166863906,6,1,0,6,30.0
0DP6XUZ,"Removal of Feeding Device from Stomach, External Approach",0.0,0.0,0.0,0,0,6,6,16.0
0DQ50ZZ,"Repair Esophagus, Open Approach",0.0,0.0,0.0,0,1,1,1,8.0
0DQ60ZZ,"Repair Stomach, Open Approach",0.1111111109876543,0.249999999375,0.15384614934911253,1,8,3,4,19.0
0DQ68ZZ,"Repair Stomach, Via Natural or Artificial Opening Endoscopic",0.9999999900000002,0.1999999996,0.33333332944444444,1,0,4,5,22.0
0DQ80ZZ,"Repair Small Intestine, Open Approach",0.16666666638888888,0.14285714265306124,0.15384614863905344,1,5,6,7,34.0
0DQ90ZZ,"Repair Duodenum, Open Approach",0.0,0.0,0.0,0,1,3,3,13.0
0DQ98ZZ,"Repair Duodenum, Via Natural or Artificial Opening Endoscopic",0.0,0.0,0.0,0,0,3,3,14.0
0DQA0ZZ,"Repair Jejunum, Open Approach",0.3333333322222222,0.3333333322222222,0.33333332722222225,1,2,2,3,14.0
0DQB0ZZ,"Repair Ileum, Open Approach",0.6363636357851239,0.3888888886728395,0.4827586156480381,7,4,11,18,76.0
0DQE0ZZ,"Repair Large Intestine, Open Approach",0.0,0.0,0.0,0,0,2,2,11.0
0DQL0ZZ,"Repair Transverse Colon, Open Approach",0.4999999975,0.3333333322222222,0.39999999360000005,1,1,2,3,17.0
0DQP0ZZ,"Repair Rectum, Open Approach",0.0,0.0,0.0,0,1,2,2,8.0
0DS64ZZ,"Reposition Stomach, Percutaneous Endoscopic Approach",0.9999999900000002,0.4999999975,0.6666666577777778,1,0,1,2,9.0
0DSB0ZZ,"Reposition Ileum, Open Approach",0.0,0.0,0.0,0,0,3,3,12.0
0DSM0ZZ,"Reposition Descending Colon, Open Approach",0.9999999900000002,0.4999999975,0.6666666577777778,1,0,1,2,9.0
0DSP4ZZ,"Reposition Rectum, Percutaneous Endoscopic Approach",0.49999999875,0.999999995,0.6666666600000001,2,2,0,2,8.0
0DT64ZZ,"Resection of Stomach, Percutaneous Endoscopic Approach",0.0,0.0,0.0,0,0,2,2,11.0
0DT80ZZ,"Resection of Small Intestine, Open Approach",0.0,0.0,0.0,0,0,4,4,18.0
0DT90ZZ,"Resection of Duodenum, Open Approach",0.3181818180371901,0.7777777769135802,0.45161289881373573,7,15,2,9,35.0
0DTA0ZZ,"Resection of Jejunum, Open Approach",0.0,0.0,0.0,0,0,2,2,9.0
0DTB0ZZ,"Resection of Ileum, Open Approach",0.0,0.0,0.0,0,0,3,3,12.0
0DTB4ZZ,"Resection of Ileum, Percutaneous Endoscopic Approach",0.0,0.0,0.0,0,2,2,2,10.0
0DTE0ZZ,"Resection of Large Intestine, Open Approach",0.4999999975,0.249999999375,0.33333332777777785,1,1,3,4,21.0
0DTE4ZZ,"Resection of Large Intestine, Percutaneous Endoscopic Approach",0.49999999964285713,0.8749999989062499,0.6363636311570248,7,7,1,8,37.0
0DTF0ZZ,"Resection of Right Large Intestine, Open Approach",0.6666666663888888,0.941176470034602,0.7804877996430696,16,8,1,17,86.0
0DTF4ZZ,"Resection of Right Large Intestine, Percutaneous Endoscopic Approach",0.7857142854336735,0.7333333330888888,0.7586206843995245,22,6,8,30,90.0
0DTG0ZZ,"Resection of Left Large Intestine, Open Approach",0.5999999988,0.5999999988,0.5999999938,3,2,2,5,27.0
0DTG4ZZ,"Resection of Left Large Intestine, Percutaneous Endoscopic Approach",0.3333333322222222,0.249999999375,0.28571428000000004,1,2,3,4,22.0
0DTH0ZZ,"Resection of Cecum, Open Approach",0.6249999992187499,0.6249999992187499,0.6249999942187501,5,3,3,8,40.0
0DTH4ZZ,"Resection of Cecum, Percutaneous Endoscopic Approach",0.5999999988,0.4285714279591837,0.4999999943055557,3,2,4,7,28.0
0DTJ0ZZ,"Resection of Appendix, Open Approach",0.7619047615419501,0.941176470034602,0.842105257770083,16,5,1,17,86.0
0DTJ4ZZ,"Resection of Appendix, Percutaneous Endoscopic Approach",0.5833333328472222,0.2916666665451389,0.3888888842283951,7,5,17,24,119.0
0DTK0ZZ,"Resection of Ascending Colon, Open Approach",0.0,0.0,0.0,0,1,3,3,13.0
0DTK4ZZ,"Resection of Ascending Colon, Percutaneous Endoscopic Approach",0.0,0.0,0.0,0,0,4,4,21.0
0DTL0ZZ,"Resection of Transverse Colon, Open Approach",0.0,0.0,0.0,0,0,3,3,15.0
0DTL4ZZ,"Resection of Transverse Colon, Percutaneous Endoscopic Approach",0.3333333322222222,0.249999999375,0.28571428000000004,1,2,3,4,21.0
0DTM0ZZ,"Resection of Descending Colon, Open Approach",0.0,0.0,0.0,0,1,3,3,15.0
0DTM4ZZ,"Resection of Descending Colon, Percutaneous Endoscopic Approach",0.0,0.0,0.0,0,0,3,3,13.0
0DTN0ZZ,"Resection of Sigmoid Colon, Open Approach",0.47826086935727785,0.439999999824,0.45833332815104166,11,12,14,25,126.0
0DTN4ZZ,"Resection of Sigmoid Colon, Percutaneous Endoscopic Approach",0.6470588231487889,0.5238095235600907,0.5789473631717452,11,6,10,21,103.0
0DTP0ZZ,"Resection of Rectum, Open Approach",0.9999999900000002,0.1111111109876543,0.1999999978,1,0,8,9,42.0
0DTP4ZZ,"Resection of Rectum, Percutaneous Endoscopic Approach",0.6666666663888888,0.8888888883950616,0.7619047566439909,16,8,2,18,88.0
0DTQ0ZZ,"Resection of Anus, Open Approach",0.0,0.0,0.0,0,1,3,3,17.0
0DTQ4ZZ,"Resection of Anus, Percutaneous Endoscopic Approach",0.49999999875,0.999999995,0.6666666600000001,2,2,0,2,12.0
0DTS0ZZ,"Resection of Greater Omentum, Open Approach",0.2857142853061225,0.6666666644444444,0.39999999500000005,2,5,1,3,13.0
0DTT0ZZ,"Resection of Lesser Omentum, Open Approach",0.0,0.0,0.0,0,3,1,1,8.0
0DTU0ZZ,"Resection of Omentum, Open Approach",0.2352941175086505,0.9999999975,0.38095237750566896,4,13,0,4,20.0
0DU607Z,"Supplement Stomach with Autologous Tissue Substitute, Open Approach",0.0,0.0,0.0,0,0,3,3,11.0
0DU907Z,"Supplement Duodenum with Autologous Tissue Substitute, Open Approach",0.6666666644444444,0.3999999992,0.49999999406250006,2,1,3,5,21.0
0DV44ZZ,"Restriction of Esophagogastric Junction, Percutaneous Endoscopic Approach",0.5454545452066115,0.7999999994666667,0.6486486434769906,12,10,3,15,75.0
0DW07UZ,"Revision of Feeding Device in Upper Intestinal Tract, Via Natural or Artificial Opening",0.0,0.0,0.0,0,0,4,4,20.0
0DW0XUZ,"Revision of Feeding Device in Upper Intestinal Tract, External Approach",0.0,0.0,0.0,0,0,3,3,18.0
0DX64Z5,"Transfer Stomach to Esophagus, Percutaneous Endoscopic Approach",0.0,0.0,0.0,0,1,2,2,9.0
0F150ZB,"Bypass Right Hepatic Duct to Small Intestine, Open Approach",0.33333333277777777,0.6666666644444444,0.44444443901234576,2,4,1,3,12.0
0F160ZB,"Bypass Left Hepatic Duct to Small Intestine, Open Approach",0.3333333322222222,0.4999999975,0.39999999360000005,1,2,1,2,11.0
0F170ZB,"Bypass Common Hepatic Duct to Small Intestine, Open Approach",0.0,0.0,0.0,0,4,2,2,11.0
0F190ZB,"Bypass Common Bile Duct to Small Intestine, Open Approach",0.0,0.0,0.0,0,0,3,3,14.0
0F1G0ZB,"Bypass Pancreas to Small Intestine, Open Approach",0.4999999975,0.4999999975,0.4999999925000001,1,1,1,2,8.0
0F20X0Z,"Change Drainage Device in Liver, External Approach",0.0,0.0,0.0,0,0,3,3,15.0
0F24X0Z,"Change Drainage Device in Gallbladder, External Approach",0.0,0.0,0.0,0,0,2,2,9.0
0F2BX0Z,"Change Drainage Device in Hepatobiliary Duct, External Approach",0.40845070416782386,0.8529411762197232,0.5523809478965988,29,42,5,34,156.0
0F2GX0Z,"Change Drainage Device in Pancreas, External Approach",0.0,0.0,0.0,0,1,1,1,9.0
0F503ZZ,"Destruction of Liver, Percutaneous Approach",0.24999999979166665,0.7499999981250001,0.37499999578125004,3,9,1,4,11.0
0F513ZZ,"Destruction of Right Lobe Liver, Percutaneous Approach",0.0,0.0,0.0,0,0,2,2,8.0
0F753DZ,"Dilation of Right Hepatic Duct with Intraluminal Device, Percutaneous Approach",0.4999999975,0.1999999996,0.28571428081632655,1,1,4,5,21.0
0F753ZZ,"Dilation of Right Hepatic Duct, Percutaneous Approach",0.5999999988,0.7499999981250001,0.6666666602469137,3,2,1,4,15.0
0F758DZ,"Dilation of Right Hepatic Duct with Intraluminal Device, Via Natural or Artificial Opening Endoscopic",0.3333333330555555,0.3636363633057851,0.3478260816635161,4,8,7,11,53.0
0F758ZZ,"Dilation of Right Hepatic Duct, Via Natural or Artificial Opening Endoscopic",0.0,0.0,0.0,0,0,3,3,16.0
0F763DZ,"Dilation of Left Hepatic Duct with Intraluminal Device, Percutaneous Approach",0.3333333322222222,0.249999999375,0.28571428000000004,1,2,3,4,19.0
0F763ZZ,"Dilation of Left Hepatic Duct, Percutaneous Approach",0.0,0.0,0.0,0,1,2,2,10.0
0F768DZ,"Dilation of Left Hepatic Duct with Intraluminal Device, Via Natural or Artificial Opening Endoscopic",0.3571428568877551,0.49999999949999996,0.4166666614583334,5,9,5,10,47.0
0F768ZZ,"Dilation of Left Hepatic Duct, Via Natural or Artificial Opening Endoscopic",0.0,0.0,0.0,0,0,2,2,12.0
0F773ZZ,"Dilation of Common Hepatic Duct, Percutaneous Approach",0.0,0.0,0.0,0,1,2,2,7.0
0F778DZ,"Dilation of Common Hepatic Duct with Intraluminal Device, Via Natural or Artificial Opening Endoscopic",0.0,0.0,0.0,0,0,5,5,23.0
0F778ZZ,"Dilation of Common Hepatic Duct, Via Natural or Artificial Opening Endoscopic",0.0,0.0,0.0,0,0,2,2,10.0
0F793DZ,"Dilation of Common Bile Duct with Intraluminal Device, Percutaneous Approach",0.31578947360110804,0.7058823525259516,0.43636363193388433,12,26,5,17,51.0
0F793ZZ,"Dilation of Common Bile Duct, Percutaneous Approach",0.18749999994140626,0.6666666659259258,0.2926829232599643,6,26,3,9,44.0
0F798DZ,"Dilation of Common Bile Duct with Intraluminal Device, Via Natural or Artificial Opening Endoscopic",0.6583333333059027,0.9461077843744845,0.7764127715354756,158,82,9,167,772.0
0F798ZZ,"Dilation of Common Bile Duct, Via Natural or Artificial Opening Endoscopic",0.5833333328472222,0.1707317072754313,0.2641509397935209,7,5,34,41,138.0
0F7C3ZZ,"Dilation of Ampulla of Vater, Percutaneous Approach",0.999999995,0.6666666644444444,0.799999992,2,0,1,3,14.0
0F7C8DZ,"Dilation of Ampulla of Vater with Intraluminal Device, Via Natural or Artificial Opening Endoscopic",0.0,0.0,0.0,0,0,3,3,14.0
0F7C8ZZ,"Dilation of Ampulla of Vater, Via Natural or Artificial Opening Endoscopic",0.0,0.0,0.0,0,0,4,4,22.0
0F7D8DZ,"Dilation of Pancreatic Duct with Intraluminal Device, Via Natural or Artificial Opening Endoscopic",0.3333333332222222,0.43478260850661626,0.37735848551085793,10,20,13,23,114.0
0F7D8ZZ,"Dilation of Pancreatic Duct, Via Natural or Artificial Opening Endoscopic",0.0,0.0,0.0,0,0,2,2,9.0
0F9030Z,"Drainage of Liver with Drainage Device, Percutaneous Approach",0.4285714279591837,0.29999999969999996,0.35294117121107266,3,4,7,10,45.0
0F903ZX,"Drainage of Liver, Percutaneous Approach, Diagnostic",0.0,0.0,0.0,0,0,3,3,12.0
0F903ZZ,"Drainage of Liver, Percutaneous Approach",0.0,0.0,0.0,0,0,2,2,10.0
0F9130Z,"Drainage of Right Lobe Liver with Drainage Device, Percutaneous Approach",0.46153846136094673,0.8571428565306122,0.59999999515,12,14,2,14,50.0
0F913ZX,"Drainage of Right Lobe Liver, Percutaneous Approach, Diagnostic",0.0,0.0,0.0,0,0,1,1,7.0
0F9230Z,"Drainage of Left Lobe Liver with Drainage Device, Percutaneous Approach",0.0,0.0,0.0,0,0,3,3,11.0
0F9430Z,"Drainage of Gallbladder with Drainage Device, Percutaneous Approach",0.8076923075369823,0.9545454543285123,0.8749999948524306,42,10,2,44,196.0
0F9530Z,"Drainage of Right Hepatic Duct with Drainage Device, Percutaneous Approach",0.40740740725651575,0.7333333328444444,0.523809518968254,11,16,4,15,69.0
0F9630Z,"Drainage of Left Hepatic Duct with Drainage Device, Percutaneous Approach",0.3333333331944444,0.7272727266115702,0.4571428525714286,8,16,3,11,53.0
0F9930Z,"Drainage of Common Bile Duct with Drainage Device, Percutaneous Approach",0.4054054053506209,0.882352940916955,0.555555551138546,30,44,4,34,163.0
0F9980Z,"Drainage of Common Bile Duct with Drainage Device, Via Natural or Artificial Opening Endoscopic",0.0,0.0,0.0,0,0,2,2,11.0
0F998ZZ,"Drainage of Common Bile Duct, Via Natural or Artificial Opening Endoscopic",0.0,0.0,0.0,0,0,10,10,49.0
0F9G00Z,"Drainage of Pancreas with Drainage Device, Open Approach",0.0,0.0,0.0,0,0,1,1,8.0
0F9G30Z,"Drainage of Pancreas with Drainage Device, Percutaneous Approach",0.5999999988,0.5999999988,0.5999999938,3,2,2,5,28.0
0F9G40Z,"Drainage of Pancreas with Drainage Device, Percutaneous Endoscopic Approach",0.0,0.0,0.0,0,2,1,1,8.0
0F9G80Z,"Drainage of Pancreas with Drainage Device, Via Natural or Artificial Opening Endoscopic",0.0,0.0,0.0,0,0,3,3,8.0
0F9G8ZX,"Drainage of Pancreas, Via Natural or Artificial Opening Endoscopic, Diagnostic",0.0,0.0,0.0,0,0,2,2,7.0
0FB00ZX,"Excision of Liver, Open Approach, Diagnostic",0.2222222219753086,0.33333333277777777,0.2666666615111111,2,7,4,6,29.0
0FB00ZZ,"Excision of Liver, Open Approach",0.0,0.0,0.0,0,1,4,4,18.0
0FB03ZX,"Excision of Liver, Percutaneous Approach, Diagnostic",0.582089552151927,0.6842105261957525,0.6290322529955775,39,28,18,57,253.0
0FB04ZX,"Excision of Liver, Percutaneous Endoscopic Approach, Diagnostic",0.9999999900000002,0.16666666638888888,0.2857142824489796,1,0,5,6,25.0
0FB10ZX,"Excision of Right Lobe Liver, Open Approach, Diagnostic",0.0,0.0,0.0,0,0,4,4,19.0
0FB10ZZ,"Excision of Right Lobe Liver, Open Approach",0.6666666655555555,0.49999999937499995,0.5714285657142858,4,2,4,8,37.0
0FB13ZX,"Excision of Right Lobe Liver, Percutaneous Approach, Diagnostic",0.41176470583391006,0.7777777776049383,0.5384615338520711,35,50,10,45,221.0
0FB14ZX,"Excision of Right Lobe Liver, Percutaneous Endoscopic Approach, Diagnostic",0.0,0.0,0.0,0,2,3,3,12.0
0FB20ZX,"Excision of Left Lobe Liver, Open Approach, Diagnostic",0.0,0.0,0.0,0,1,5,5,22.0
0FB20ZZ,"Excision of Left Lobe Liver, Open Approach",0.0,0.0,0.0,0,0,4,4,17.0
0FB23ZX,"Excision of Left Lobe Liver, Percutaneous Approach, Diagnostic",0.0,0.0,0.0,0,0,10,10,45.0
0FB24ZX,"Excision of Left Lobe Liver, Percutaneous Endoscopic Approach, Diagnostic",0.0,0.0,0.0,0,1,4,4,22.0
0FB40ZZ,"Excision of Gallbladder, Open Approach",0.0,0.0,0.0,0,1,6,6,20.0
0FB78ZX,"Excision of Common Hepatic Duct, Via Natural or Artificial Opening Endoscopic, Diagnostic",0.1999999996,0.4999999975,0.28571428081632655,1,4,1,2,9.0
0FB90ZX,"Excision of Common Bile Duct, Open Approach, Diagnostic",0.0,0.0,0.0,0,2,2,2,10.0
0FB90ZZ,"Excision of Common Bile Duct, Open Approach",0.45454545413223135,0.6249999992187499,0.5263157840443214,5,6,3,8,39.0
0FB93ZX,"Excision of Common Bile Duct, Percutaneous Approach, Diagnostic",0.9999999966666667,0.5999999988,0.7499999934375,3,0,2,5,25.0
0FB98ZX,"Excision of Common Bile Duct, Via Natural or Artificial Opening Endoscopic, Diagnostic",0.39999999993333335,0.7272727270523416,0.5161290275685052,24,36,9,33,164.0
0FBC8ZX,"Excision of Ampulla of Vater, Via Natural or Artificial Opening Endoscopic, Diagnostic",0.28571428551020406,0.49999999937499995,0.36363635867768596,4,10,4,8,41.0
0FBD8ZX,"Excision of Pancreatic Duct, Via Natural or Artificial Opening Endoscopic, Diagnostic",0.0,0.0,0.0,0,0,2,2,8.0
0FBG0ZZ,"Excision of Pancreas, Open Approach",0.7999999998,0.9696969694031221,0.876712323572903,32,8,1,33,146.0
0FBG3ZX,"Excision of Pancreas, Percutaneous Approach, Diagnostic",0.9999999900000002,0.16666666638888888,0.2857142824489796,1,0,5,6,30.0
0FBG4ZX,"Excision of Pancreas, Percutaneous Endoscopic Approach, Diagnostic",0.49999999916666665,0.4285714279591837,0.4615384558579882,3,3,4,7,31.0
0FBG4ZZ,"Excision of Pancreas, Percutaneous Endoscopic Approach",0.7999999992,0.8888888879012344,0.8421052572853186,8,2,1,9,44.0
0FBG8ZX,"Excision of Pancreas, Via Natural or Artificial Opening Endoscopic, Diagnostic",0.4999999995833333,0.6666666659259258,0.5714285659863946,6,6,3,9,40.0
0FC58ZZ,"Extirpation of Matter from Right Hepatic Duct, Via Natural or Artificial Opening Endoscopic",0.0,0.0,0.0,0,0,5,5,24.0
0FC68ZZ,"Extirpation of Matter from Left Hepatic Duct, Via Natural or Artificial Opening Endoscopic",0.0,0.0,0.0,0,0,5,5,21.0
0FC78ZZ,"Extirpation of Matter from Common Hepatic Duct, Via Natural or Artificial Opening Endoscopic",0.0,0.0,0.0,0,0,4,4,16.0
0FC90ZZ,"Extirpation of Matter from Common Bile Duct, Open Approach",0.0,0.0,0.0,0,0,2,2,8.0
0FC93ZZ,"Extirpation of Matter from Common Bile Duct, Percutaneous Approach",0.0,0.0,0.0,0,1,2,2,11.0
0FC98ZZ,"Extirpation of Matter from Common Bile Duct, Via Natural or Artificial Opening Endoscopic",0.50672645737638,0.8308823528800822,0.6295264576541151,113,110,23,136,655.0
0FCC8ZZ,"Extirpation of Matter from Ampulla of Vater, Via Natural or Artificial Opening Endoscopic",0.0,0.0,0.0,0,0,2,2,12.0
0FCD8ZZ,"Extirpation of Matter from Pancreatic Duct, Via Natural or Artificial Opening Endoscopic",0.0,0.0,0.0,0,0,3,3,14.0
0FD98ZX,"Extraction of Common Bile Duct, Via Natural or Artificial Opening Endoscopic, Diagnostic",0.3333333331111111,0.3124999998046875,0.3225806399583767,5,10,11,16,71.0
0FJ44ZZ,"Inspection of Gallbladder, Percutaneous Endoscopic Approach",0.89999999955,0.8181818178099173,0.8571428517460318,18,2,4,22,99.0
0FJB0ZZ,"Inspection of Hepatobiliary Duct, Open Approach",0.0,0.0,0.0,0,1,2,2,8.0
0FJB8ZZ,"Inspection of Hepatobiliary Duct, Via Natural or Artificial Opening Endoscopic",0.14285714265306124,0.04347826085066162,0.06666666304444463,1,6,22,23,116.0
0FJD8ZZ,"Inspection of Pancreatic Duct, Via Natural or Artificial Opening Endoscopic",0.0,0.0,0.0,0,0,8,8,37.0
0FN00ZZ,"Release Liver, Open Approach",0.0,0.0,0.0,0,0,4,4,16.0
0FN04ZZ,"Release Liver, Percutaneous Endoscopic Approach",0.0,0.0,0.0,0,0,3,3,12.0
0FN44ZZ,"Release Gallbladder, Percutaneous Endoscopic Approach",0.0,0.0,0.0,0,0,4,4,19.0
0FPB0DZ,"Removal of Intraluminal Device from Hepatobiliary Duct, Open Approach",0.0,0.0,0.0,0,0,2,2,11.0
0FPB30Z,"Removal of Drainage Device from Hepatobiliary Duct, Percutaneous Approach",0.0888888888691358,0.3333333330555555,0.14035087381963687,4,41,8,12,59.0
0FPB3DZ,"Removal of Intraluminal Device from Hepatobiliary Duct, Percutaneous Approach",0.0,0.0,0.0,0,2,4,4,21.0
0FPB8DZ,"Removal of Intraluminal Device from Hepatobiliary Duct, Via Natural or Artificial Opening Endoscopic",0.5180722890942082,0.6615384614366865,0.5810810760765159,43,40,22,65,220.0
0FPBX0Z,"Removal of Drainage Device from Hepatobiliary Duct, External Approach",0.0,0.0,0.0,0,0,3,3,15.0
0FPD8DZ,"Removal of Intraluminal Device from Pancreatic Duct, Via Natural or Artificial Opening Endoscopic",0.0,0.0,0.0,0,3,6,6,32.0
0FT10ZZ,"Resection of Right Lobe Liver, Open Approach",0.5833333328472222,0.9999999985714286,0.7368420998337951,7,5,0,7,26.0
0FT20ZZ,"Resection of Left Lobe Liver, Open Approach",0.9999999900000002,0.3333333322222222,0.49999999375000004,1,0,2,3,12.0
0FT40ZZ,"Resection of Gallbladder, Open Approach",0.7575757574992348,0.9615384614151875,0.8474576220932682,75,24,3,78,353.0
0FT44ZZ,"Resection of Gallbladder, Percutaneous Endoscopic Approach",0.709677419309053,0.9482758619872177,0.8118081131248214,110,45,6,116,562.0
0FY00Z0,"Transplantation of Liver, Allogeneic, Open Approach",0.8749999996354166,0.9999999995238095,0.9333333279407408,21,3,0,21,102.0
0FYG0Z0,"Transplantation of Pancreas, Allogeneic, Open Approach",0.6666666644444444,0.6666666644444444,0.6666666594444445,2,1,1,3,15.0
0GB00ZZ,"Excision of Pituitary Gland, Open Approach",0.3999999992,0.999999995,0.5714285657142857,2,3,0,2,9.0
0GB04ZZ,"Excision of Pituitary Gland, Percutaneous Endoscopic Approach",0.5999999993999999,0.9999999983333333,0.7499999943750001,6,4,0,6,28.0
0GBG3ZX,"Excision of Left Thyroid Gland Lobe, Percutaneous Approach, Diagnostic",0.0,0.0,0.0,0,1,2,2,8.0
0GT24ZZ,"Resection of Left Adrenal Gland, Percutaneous Endoscopic Approach",0.7999999984,0.7999999984,0.7999999934,4,1,1,5,23.0
0GT34ZZ,"Resection of Right Adrenal Gland, Percutaneous Endoscopic Approach",0.7499999981250001,0.7499999981250001,0.7499999931250001,3,1,1,4,18.0
0GTG0ZZ,"Resection of Left Thyroid Gland Lobe, Open Approach",0.0,0.0,0.0,0,1,3,3,17.0
0GTH0ZZ,"Resection of Right Thyroid Gland Lobe, Open Approach",0.0,0.0,0.0,0,0,3,3,15.0
0GTK0ZZ,"Resection of Thyroid Gland, Open Approach",0.06666666662222222,0.249999999375,0.10526315445983389,1,14,3,4,21.0
0H96XZZ,"Drainage of Back Skin, External Approach",0.0,0.0,0.0,0,0,2,2,7.0
0H97XZZ,"Drainage of Abdomen Skin, External Approach",0.0,0.0,0.0,0,2,3,3,18.0
0H98XZZ,"Drainage of Buttock Skin, External Approach",0.0,0.0,0.0,0,0,3,3,17.0
0H9EXZZ,"Drainage of Left Lower Arm Skin, External Approach",0.3999999992,0.999999995,0.5714285657142857,2,3,0,2,10.0
0H9FXZZ,"Drainage of Right Hand Skin, External Approach",0.6666666644444444,0.49999999875,0.5714285648979592,2,1,2,4,16.0
0H9GXZZ,"Drainage of Left Hand Skin, External Approach",0.0,0.0,0.0,0,0,4,4,19.0
0H9KXZZ,"Drainage of Right Lower Leg Skin, External Approach",0.0,0.0,0.0,0,1,3,3,15.0
0H9MXZZ,"Drainage of Right Foot Skin, External Approach",0.0,0.0,0.0,0,0,3,3,16.0
0H9NXZZ,"Drainage of Left Foot Skin, External Approach",0.0,0.0,0.0,0,0,3,3,15.0
0H9U3ZZ,"Drainage of Left Breast, Percutaneous Approach",0.0,0.0,0.0,0,0,2,2,11.0
0HB0XZX,"Excision of Scalp Skin, External Approach, Diagnostic",0.0,0.0,0.0,0,0,1,1,8.0
0HB1XZX,"Excision of Face Skin, External Approach, Diagnostic",0.0,0.0,0.0,0,0,2,2,11.0
0HB4XZX,"Excision of Neck Skin, External Approach, Diagnostic",0.0,0.0,0.0,0,0,1,1,8.0
0HB5XZX,"Excision of Chest Skin, External Approach, Diagnostic",0.999999995,0.3999999992,0.5714285657142857,2,0,3,5,20.0
0HB5XZZ,"Excision of Chest Skin, External Approach",0.0,0.0,0.0,0,0,1,1,7.0
0HB6XZX,"Excision of Back Skin, External Approach, Diagnostic",0.0,0.0,0.0,0,2,5,5,24.0
0HB6XZZ,"Excision of Back Skin, External Approach",0.0,0.0,0.0,0,0,5,5,18.0
0HB7XZX,"Excision of Abdomen Skin, External Approach, Diagnostic",0.14285714265306124,0.0999999999,0.11764705384083066,1,6,9,10,41.0
0HB7XZZ,"Excision of Abdomen Skin, External Approach",0.37499999953124996,0.24999999979166665,0.2999999949,3,5,9,12,61.0
0HB8XZX,"Excision of Buttock Skin, External Approach, Diagnostic",0.0,0.0,0.0,0,0,2,2,10.0
0HB8XZZ,"Excision of Buttock Skin, External Approach",0.0,0.0,0.0,0,0,2,2,10.0
0HB9XZZ,"Excision of Perineum Skin, External Approach",0.0,0.0,0.0,0,0,2,2,11.0
0HBBXZX,"Excision of Right Upper Arm Skin, External Approach, Diagnostic",0.9999999900000002,0.1999999996,0.33333332944444444,1,0,4,5,26.0
0HBCXZX,"Excision of Left Upper Arm Skin, External Approach, Diagnostic",0.0,0.0,0.0,0,0,4,4,19.0
0HBDXZX,"Excision of Right Lower Arm Skin, External Approach, Diagnostic",0.0,0.0,0.0,0,1,4,4,19.0
0HBDXZZ,"Excision of Right Lower Arm Skin, External Approach",0.0,0.0,0.0,0,0,1,1,8.0
0HBEXZX,"Excision of Left Lower Arm Skin, External Approach, Diagnostic",0.0,0.0,0.0,0,0,5,5,24.0
0HBGXZX,"Excision of Left Hand Skin, External Approach, Diagnostic",0.0,0.0,0.0,0,0,2,2,7.0
0HBHXZX,"Excision of Right Upper Leg Skin, External Approach, Diagnostic",0.3846153843195266,0.6249999992187499,0.4761904710204082,5,8,3,8,39.0
0HBHXZZ,"Excision of Right Upper Leg Skin, External Approach",0.559999999776,0.8235294112802768,0.6666666615306123,14,11,3,17,87.0
0HBJXZX,"Excision of Left Upper Leg Skin, External Approach, Diagnostic",0.3999999992,0.2857142853061225,0.33333332791666676,2,3,5,7,26.0
0HBJXZZ,"Excision of Left Upper Leg Skin, External Approach",0.5135135133747261,0.6785714283290816,0.584615379531361,19,18,9,28,119.0
0HBKXZX,"Excision of Right Lower Leg Skin, External Approach, Diagnostic",0.3999999992,0.18181818165289254,0.249999995390625,2,3,9,11,43.0
0HBKXZZ,"Excision of Right Lower Leg Skin, External Approach",0.9999999900000002,0.4999999975,0.6666666577777778,1,0,1,2,11.0
0HBLXZX,"Excision of Left Lower Leg Skin, External Approach, Diagnostic",0.3333333330555555,0.3999999996,0.3636363583471074,4,8,6,10,49.0
0HBLXZZ,"Excision of Left Lower Leg Skin, External Approach",0.0,0.0,0.0,0,0,4,4,18.0
0HBMXZX,"Excision of Right Foot Skin, External Approach, Diagnostic",0.0,0.0,0.0,0,0,1,1,8.0
0HBMXZZ,"Excision of Right Foot Skin, External Approach",0.0,0.0,0.0,0,0,4,4,19.0
0HBNXZX,"Excision of Left Foot Skin, External Approach, Diagnostic",0.6666666644444444,0.999999995,0.799999992,2,1,0,2,11.0
0HBNXZZ,"Excision of Left Foot Skin, External Approach",0.0,0.0,0.0,0,0,5,5,23.0
0HBRXZZ,"Excision of Toe Nail, External Approach",0.0,0.0,0.0,0,3,3,3,14.0
0HBT0ZZ,"Excision of Right Breast, Open Approach",0.9999999900000002,0.3333333322222222,0.49999999375000004,1,0,2,3,12.0
0HBT3ZX,"Excision of Right Breast, Percutaneous Approach, Diagnostic",0.999999995,0.6666666644444444,0.799999992,2,0,1,3,12.0
0HBU0ZZ,"Excision of Left Breast, Open Approach",0.0,0.0,0.0,0,0,1,1,8.0
0HBV0ZZ,"Excision of Bilateral Breast, Open Approach",0.0,0.0,0.0,0,0,3,3,16.0
0HD5XZZ,"Extraction of Chest Skin, External Approach",0.0,0.0,0.0,0,1,2,2,10.0
0HD7XZZ,"Extraction of Abdomen Skin, External Approach",0.0,0.0,0.0,0,0,2,2,10.0
0HDLXZZ,"Extraction of Left Lower Leg Skin, External Approach",0.0,0.0,0.0,0,0,3,3,6.0
0HDMXZZ,"Extraction of Right Foot Skin, External Approach",0.0,0.0,0.0,0,0,2,2,9.0
0HDNXZZ,"Extraction of Left Foot Skin, External Approach",0.0,0.0,0.0,0,0,2,2,8.0
0HDRXZZ,"Extraction of Toe Nail, External Approach",0.0,0.0,0.0,0,1,1,1,8.0
0HHT0NZ,"Insertion of Tissue Expander into Right Breast, Open Approach",0.4999999975,0.4999999975,0.4999999925000001,1,1,1,2,11.0
0HHU0NZ,"Insertion of Tissue Expander into Left Breast, Open Approach",0.3333333322222222,0.4999999975,0.39999999360000005,1,2,1,2,11.0
0HHV0NZ,"Insertion of Tissue Expander into Bilateral Breast, Open Approach",0.571428570612245,0.6666666655555555,0.6153846094674558,4,3,2,6,30.0
0HPT0JZ,"Removal of Synthetic Substitute from Right Breast, Open Approach",0.1999999998,0.3999999992,0.2666666618666667,2,8,3,5,18.0
0HPT0NZ,"Removal of Tissue Expander from Right Breast, Open Approach",0.0,0.0,0.0,0,0,4,4,18.0
0HPU0JZ,"Removal of Synthetic Substitute from Left Breast, Open Approach",0.49999999875,0.49999999875,0.4999999937500001,2,2,2,4,17.0
0HPU0NZ,"Removal of Tissue Expander from Left Breast, Open Approach",0.29999999969999996,0.7499999981250001,0.42857142387755104,3,7,1,4,18.0
0HQ0XZZ,"Repair Scalp Skin, External Approach",0.31034482747919145,0.40909090890495864,0.3529411714263745,9,20,13,22,109.0
0HQ1XZZ,"Repair Face Skin, External Approach",0.2244897958725531,0.37931034469678954,0.2820512773076924,11,38,18,29,142.0
0HQ4XZZ,"Repair Neck Skin, External Approach",0.0,0.0,0.0,0,0,2,2,9.0
0HQ5XZZ,"Repair Chest Skin, External Approach",0.0,0.0,0.0,0,0,1,1,8.0
0HQ6XZZ,"Repair Back Skin, External Approach",0.0,0.0,0.0,0,1,2,2,10.0
0HQ7XZZ,"Repair Abdomen Skin, External Approach",0.0,0.0,0.0,0,0,2,2,10.0
0HQ9XZZ,"Repair Perineum Skin, External Approach",0.2222222219753086,0.24999999968749997,0.23529411238754333,2,7,6,8,38.0
0HQDXZZ,"Repair Right Lower Arm Skin, External Approach",0.0,0.0,0.0,0,0,2,2,8.0
0HQEXZZ,"Repair Left Lower Arm Skin, External Approach",0.0,0.0,0.0,0,0,5,5,15.0
0HQFXZZ,"Repair Right Hand Skin, External Approach",0.0,0.0,0.0,0,0,4,4,16.0
0HQGXZZ,"Repair Left Hand Skin, External Approach",0.4999999975,0.249999999375,0.33333332777777785,1,1,3,4,22.0
0HQJXZZ,"Repair Left Upper Leg Skin, External Approach",0.0,0.0,0.0,0,0,2,2,8.0
0HQKXZZ,"Repair Right Lower Leg Skin, External Approach",0.0,0.0,0.0,0,0,1,1,8.0
0HQLXZZ,"Repair Left Lower Leg Skin, External Approach",0.0,0.0,0.0,0,0,4,4,10.0
0HQMXZZ,"Repair Right Foot Skin, External Approach",0.0,0.0,0.0,0,0,2,2,9.0
0HR4X74,"Replacement of Neck Skin with Autologous Tissue Substitute, Partial Thickness, External Approach",0.4999999975,0.9999999900000002,0.6666666577777778,1,1,0,1,8.0
0HR7X74,"Replacement of Abdomen Skin with Autologous Tissue Substitute, Partial Thickness, External Approach",0.6666666644444444,0.6666666644444444,0.6666666594444445,2,1,1,3,12.0
0HRDX74,"Replacement of Right Lower Arm Skin with Autologous Tissue Substitute, Partial Thickness, External Approach",0.9999999900000002,0.3333333322222222,0.49999999375000004,1,0,2,3,14.0
0HREX74,"Replacement of Left Lower Arm Skin with Autologous Tissue Substitute, Partial Thickness, External Approach",0.5999999988,0.4285714279591837,0.4999999943055557,3,2,4,7,27.0
0HRHX74,"Replacement of Right Upper Leg Skin with Autologous Tissue Substitute, Partial Thickness, External Approach",0.0,0.0,0.0,0,0,2,2,8.0
0HRJX74,"Replacement of Left Upper Leg Skin with Autologous Tissue Substitute, Partial Thickness, External Approach",0.0,0.0,0.0,0,0,3,3,13.0
0HRKX74,"Replacement of Right Lower Leg Skin with Autologous Tissue Substitute, Partial Thickness, External Approach",0.6666666655555555,0.49999999937499995,0.5714285657142858,4,2,4,8,38.0
0HRLX74,"Replacement of Left Lower Leg Skin with Autologous Tissue Substitute, Partial Thickness, External Approach",0.5999999996,0.6923076917751478,0.6428571374234693,9,6,4,13,51.0
0HRMX74,"Replacement of Right Foot Skin with Autologous Tissue Substitute, Partial Thickness, External Approach",0.999999995,0.49999999875,0.6666666600000001,2,0,2,4,16.0
0HRNX74,"Replacement of Left Foot Skin with Autologous Tissue Substitute, Partial Thickness, External Approach",0.6666666644444444,0.49999999875,0.5714285648979592,2,1,2,4,22.0
0HRNXK3,"Replacement of Left Foot Skin with Nonautologous Tissue Substitute, Full Thickness, External Approach",0.0,0.0,0.0,0,0,2,2,8.0
0HRT077,"Replacement of Right Breast using Deep Inferior Epigastric Artery Perforator Flap, Open Approach",0.7999999984,0.7999999984,0.7999999934,4,1,1,5,21.0
0HRU077,"Replacement of Left Breast using Deep Inferior Epigastric Artery Perforator Flap, Open Approach",0.7999999984,0.7999999984,0.7999999934,4,1,1,5,26.0
0HRV077,"Replacement of Bilateral Breast using Deep Inferior Epigastric Artery Perforator Flap, Open Approach",0.8571428565306122,0.9230769223668639,0.8888888832373114,12,2,1,13,67.0
0HRV0JZ,"Replacement of Bilateral Breast with Synthetic Substitute, Open Approach",0.2857142853061225,0.49999999875,0.36363635834710756,2,5,2,4,12.0
0HTT0ZZ,"Resection of Right Breast, Open Approach",0.2857142853061225,0.24999999968749997,0.2666666613333334,2,5,6,8,30.0
0HTU0ZZ,"Resection of Left Breast, Open Approach",0.3846153843195266,0.6249999992187499,0.4761904710204082,5,8,3,8,30.0
0HTV0ZZ,"Resection of Bilateral Breast, Open Approach",0.34482758608799047,0.9999999989999999,0.5128205087442472,10,19,0,10,51.0
0HX0XZZ,"Transfer Scalp Skin, External Approach",0.0,0.0,0.0,0,0,2,2,11.0
0HX1XZZ,"Transfer Face Skin, External Approach",0.0,0.0,0.0,0,0,2,2,8.0
0HX4XZZ,"Transfer Neck Skin, External Approach",0.0,0.0,0.0,0,0,1,1,11.0
0HX7XZZ,"Transfer Abdomen Skin, External Approach",0.0,0.0,0.0,0,0,3,3,11.0
0HXJXZZ,"Transfer Left Upper Leg Skin, External Approach",0.0,0.0,0.0,0,1,2,2,11.0
0HXMXZZ,"Transfer Right Foot Skin, External Approach",0.0,0.0,0.0,0,0,2,2,8.0
0J2TXYZ,"Change Other Device in Trunk Subcutaneous Tissue and Fascia, External Approach",0.0,0.0,0.0,0,0,3,3,11.0
0J8N0ZZ,"Division of Right Lower Leg Subcutaneous Tissue and Fascia, Open Approach",0.0,0.0,0.0,0,0,2,2,8.0
0J8P0ZZ,"Division of Left Lower Leg Subcutaneous Tissue and Fascia, Open Approach",0.0,0.0,0.0,0,0,2,2,8.0
0J910ZZ,"Drainage of Face Subcutaneous Tissue and Fascia, Open Approach",0.0,0.0,0.0,0,1,2,2,11.0
0J940ZZ,"Drainage of Right Neck Subcutaneous Tissue and Fascia, Open Approach",0.0,0.0,0.0,0,1,2,2,12.0
0J943ZX,"Drainage of Right Neck Subcutaneous Tissue and Fascia, Percutaneous Approach, Diagnostic",0.0,0.0,0.0,0,8,1,1,8.0
0J970ZZ,"Drainage of Back Subcutaneous Tissue and Fascia, Open Approach",0.0,0.0,0.0,0,2,3,3,14.0
0J973ZX,"Drainage of Back Subcutaneous Tissue and Fascia, Percutaneous Approach, Diagnostic",0.0,0.0,0.0,0,0,3,3,13.0
0J973ZZ,"Drainage of Back Subcutaneous Tissue and Fascia, Percutaneous Approach",0.0,0.0,0.0,0,0,2,2,8.0
0J980ZZ,"Drainage of Abdomen Subcutaneous Tissue and Fascia, Open Approach",0.16666666638888888,0.16666666638888888,0.16666666138888903,1,5,5,6,32.0
0J9830Z,"Drainage of Abdomen Subcutaneous Tissue and Fascia with Drainage Device, Percutaneous Approach",0.0,0.0,0.0,0,0,5,5,13.0
0J983ZZ,"Drainage of Abdomen Subcutaneous Tissue and Fascia, Percutaneous Approach",0.0,0.0,0.0,0,0,3,3,12.0
0J990ZZ,"Drainage of Buttock Subcutaneous Tissue and Fascia, Open Approach",0.1111111109876543,0.3333333322222222,0.16666666263888896,1,8,2,3,17.0
0J9B0ZZ,"Drainage of Perineum Subcutaneous Tissue and Fascia, Open Approach",0.0,0.0,0.0,0,0,2,2,12.0
0J9C0ZZ,"Drainage of Pelvic Region Subcutaneous Tissue and Fascia, Open Approach",0.0,0.0,0.0,0,1,2,2,9.0
0J9C30Z,"Drainage of Pelvic Region Subcutaneous Tissue and Fascia with Drainage Device, Percutaneous Approach",0.0,0.0,0.0,0,0,2,2,12.0
0J9G0ZZ,"Drainage of Right Lower Arm Subcutaneous Tissue and Fascia, Open Approach",0.0,0.0,0.0,0,1,2,2,12.0
0J9J0ZZ,"Drainage of Right Hand Subcutaneous Tissue and Fascia, Open Approach",0.1111111109876543,0.3333333322222222,0.16666666263888896,1,8,2,3,17.0
0J9K0ZZ,"Drainage of Left Hand Subcutaneous Tissue and Fascia, Open Approach",0.0,0.0,0.0,0,3,3,3,14.0
0J9L0ZZ,"Drainage of Right Upper Leg Subcutaneous Tissue and Fascia, Open Approach",0.0,0.0,0.0,0,3,5,5,13.0
0J9M0ZZ,"Drainage of Left Upper Leg Subcutaneous Tissue and Fascia, Open Approach",0.3333333322222222,0.3333333322222222,0.33333332722222225,1,2,2,3,14.0
0J9N0ZZ,"Drainage of Right Lower Leg Subcutaneous Tissue and Fascia, Open Approach",0.0,0.0,0.0,0,0,2,2,12.0
0J9P0ZZ,"Drainage of Left Lower Leg Subcutaneous Tissue and Fascia, Open Approach",0.0,0.0,0.0,0,0,5,5,12.0
0J9Q0ZX,"Drainage of Right Foot Subcutaneous Tissue and Fascia, Open Approach, Diagnostic",0.0,0.0,0.0,0,0,2,2,9.0
0J9Q0ZZ,"Drainage of Right Foot Subcutaneous Tissue and Fascia, Open Approach",0.0,0.0,0.0,0,0,6,6,30.0
0J9R0ZZ,"Drainage of Left Foot Subcutaneous Tissue and Fascia, Open Approach",0.0,0.0,0.0,0,0,6,6,32.0
0JB00ZZ,"Excision of Scalp Subcutaneous Tissue and Fascia, Open Approach",0.0,0.0,0.0,0,0,2,2,10.0
0JB60ZZ,"Excision of Chest Subcutaneous Tissue and Fascia, Open Approach",0.0,0.0,0.0,0,0,7,7,36.0
0JB70ZZ,"Excision of Back Subcutaneous Tissue and Fascia, Open Approach",0.5555555549382716,0.3124999998046875,0.399999995072,5,4,11,16,79.0
0JB73ZX,"Excision of Back Subcutaneous Tissue and Fascia, Percutaneous Approach, Diagnostic",0.9999999900000002,0.3333333322222222,0.49999999375000004,1,0,2,3,14.0
0JB80ZX,"Excision of Abdomen Subcutaneous Tissue and Fascia, Open Approach, Diagnostic",0.12499999984374999,0.4999999975,0.19999999640000002,1,7,1,2,11.0
0JB80ZZ,"Excision of Abdomen Subcutaneous Tissue and Fascia, Open Approach",0.6666666663492063,0.49999999982142856,0.5714285662973763,14,7,14,28,124.0
0JB83ZX,"Excision of Abdomen Subcutaneous Tissue and Fascia, Percutaneous Approach, Diagnostic",0.0,0.0,0.0,0,0,4,4,9.0
0JB90ZZ,"Excision of Buttock Subcutaneous Tissue and Fascia, Open Approach",0.0,0.0,0.0,0,1,5,5,27.0
0JBB0ZZ,"Excision of Perineum Subcutaneous Tissue and Fascia, Open Approach",0.24999999968749997,0.49999999875,0.33333332833333335,2,6,2,4,23.0
0JBC0ZZ,"Excision of Pelvic Region Subcutaneous Tissue and Fascia, Open Approach",0.0,0.0,0.0,0,2,4,4,19.0
0JBC3ZX,"Excision of Pelvic Region Subcutaneous Tissue and Fascia, Percutaneous Approach, Diagnostic",0.0,0.0,0.0,0,1,2,2,9.0
0JBD0ZZ,"Excision of Right Upper Arm Subcutaneous Tissue and Fascia, Open Approach",0.0,0.0,0.0,0,0,1,1,8.0
0JBG0ZZ,"Excision of Right Lower Arm Subcutaneous Tissue and Fascia, Open Approach",0.0,0.0,0.0,0,3,3,3,18.0
0JBH0ZZ,"Excision of Left Lower Arm Subcutaneous Tissue and Fascia, Open Approach",0.3333333322222222,0.16666666638888888,0.2222222172839507,1,2,5,6,28.0
0JBJ0ZZ,"Excision of Right Hand Subcutaneous Tissue and Fascia, Open Approach",0.0,0.0,0.0,0,0,2,2,12.0
0JBK0ZZ,"Excision of Left Hand Subcutaneous Tissue and Fascia, Open Approach",0.0,0.0,0.0,0,0,2,2,8.0
0JBL0ZZ,"Excision of Right Upper Leg Subcutaneous Tissue and Fascia, Open Approach",0.16666666638888888,0.0999999999,0.12499999515625017,1,5,9,10,49.0
0JBM0ZZ,"Excision of Left Upper Leg Subcutaneous Tissue and Fascia, Open Approach",0.23809523798185941,0.41666666631944443,0.30303029821854915,5,16,7,12,62.0
0JBN0ZZ,"Excision of Right Lower Leg Subcutaneous Tissue and Fascia, Open Approach",0.49999999937499995,0.3999999996,0.4444444390123457,4,4,6,10,49.0
0JBP0ZX,"Excision of Left Lower Leg Subcutaneous Tissue and Fascia, Open Approach, Diagnostic",0.0,0.0,0.0,0,0,1,1,10.0
0JBP0ZZ,"Excision of Left Lower Leg Subcutaneous Tissue and Fascia, Open Approach",0.33333333277777777,0.16666666652777776,0.22222221753086427,2,4,10,12,55.0
0JBQ0ZZ,"Excision of Right Foot Subcutaneous Tissue and Fascia, Open Approach",0.3437499998925781,0.35483870956295527,0.34920634409674983,11,21,20,31,153.0
0JBR0ZZ,"Excision of Left Foot Subcutaneous Tissue and Fascia, Open Approach",0.4285714282653061,0.13636363633264462,0.20689654799048754,6,8,38,44,162.0
0JC60ZZ,"Extirpation of Matter from Chest Subcutaneous Tissue and Fascia, Open Approach",0.0,0.0,0.0,0,1,2,2,12.0
0JC80ZZ,"Extirpation of Matter from Abdomen Subcutaneous Tissue and Fascia, Open Approach",0.0,0.0,0.0,0,0,3,3,14.0
0JCL0ZZ,"Extirpation of Matter from Right Upper Leg Subcutaneous Tissue and Fascia, Open Approach",0.0,0.0,0.0,0,0,2,2,8.0
0JCM0ZZ,"Extirpation of Matter from Left Upper Leg Subcutaneous Tissue and Fascia, Open Approach",0.0,0.0,0.0,0,1,2,2,10.0
0JCN0ZZ,"Extirpation of Matter from Right Lower Leg Subcutaneous Tissue and Fascia, Open Approach",0.0,0.0,0.0,0,1,2,2,11.0
0JCP0ZZ,"Extirpation of Matter from Left Lower Leg Subcutaneous Tissue and Fascia, Open Approach",0.0,0.0,0.0,0,0,2,2,8.0
0JD60ZZ,"Extraction of Chest Subcutaneous Tissue and Fascia, Open Approach",0.0,0.0,0.0,0,0,4,4,18.0
0JD70ZZ,"Extraction of Back Subcutaneous Tissue and Fascia, Open Approach",0.3333333322222222,0.249999999375,0.28571428000000004,1,2,3,4,20.0
0JD80ZZ,"Extraction of Abdomen Subcutaneous Tissue and Fascia, Open Approach",0.3333333322222222,0.12499999984374999,0.18181817752066123,1,2,7,8,36.0
0JD83ZZ,"Extraction of Abdomen Subcutaneous Tissue and Fascia, Percutaneous Approach",0.0,0.0,0.0,0,1,1,1,8.0
0JDB0ZZ,"Extraction of Perineum Subcutaneous Tissue and Fascia, Open Approach",0.0,0.0,0.0,0,0,2,2,8.0
0JDK0ZZ,"Extraction of Left Hand Subcutaneous Tissue and Fascia, Open Approach",0.0,0.0,0.0,0,0,3,3,11.0
0JDL0ZZ,"Extraction of Right Upper Leg Subcutaneous Tissue and Fascia, Open Approach",0.9999999900000002,0.249999999375,0.3999999952,1,0,3,4,18.0
0JDM0ZZ,"Extraction of Left Upper Leg Subcutaneous Tissue and Fascia, Open Approach",0.0,0.0,0.0,0,2,4,4,19.0
0JDN0ZZ,"Extraction of Right Lower Leg Subcutaneous Tissue and Fascia, Open Approach",0.0,0.0,0.0,0,2,7,7,25.0
0JDP0ZZ,"Extraction of Left Lower Leg Subcutaneous Tissue and Fascia, Open Approach",0.0,0.0,0.0,0,1,8,8,25.0
0JDQ0ZZ,"Extraction of Right Foot Subcutaneous Tissue and Fascia, Open Approach",0.0,0.0,0.0,0,0,6,6,31.0
0JDR0ZZ,"Extraction of Left Foot Subcutaneous Tissue and Fascia, Open Approach",0.0,0.0,0.0,0,0,6,6,31.0
0JH602Z,"Insertion of Monitoring Device into Chest Subcutaneous Tissue and Fascia, Open Approach",0.16666666638888888,0.1999999996,0.1818181765289258,1,5,4,5,23.0
0JH604Z,"Insertion of Pacemaker, Single Chamber into Chest Subcutaneous Tissue and Fascia, Open Approach",0.7999999984,0.3333333330555555,0.47058823058823535,4,1,8,12,48.0
0JH606Z,"Insertion of Pacemaker, Dual Chamber into Chest Subcutaneous Tissue and Fascia, Open Approach",0.75892857136081,0.9340659339632895,0.8374384186163217,85,27,6,91,400.0
0JH607Z,"Insertion of Cardiac Resynchronization Pacemaker Pulse Generator into Chest Subcutaneous Tissue and Fascia, Open Approach",0.3999999992,0.2857142853061225,0.33333332791666676,2,3,5,7,35.0
0JH608Z,"Insertion of Defibrillator Generator into Chest Subcutaneous Tissue and Fascia, Open Approach",0.8484848482277318,0.8749999997265625,0.8615384562745563,28,5,4,32,130.0
0JH609Z,"Insertion of Cardiac Resynchronization Defibrillator Pulse Generator into Chest Subcutaneous Tissue and Fascia, Open Approach",0.23809523798185941,0.45454545413223135,0.3124999952929688,5,16,6,11,54.0
0JH60BZ,"Insertion of Single Array Stimulator Generator into Chest Subcutaneous Tissue and Fascia, Open Approach",0.0,0.0,0.0,0,0,2,2,7.0
0JH60PZ,"Insertion of Cardiac Rhythm Related Device into Chest Subcutaneous Tissue and Fascia, Open Approach",0.9999999900000002,0.1999999996,0.33333332944444444,1,0,4,5,22.0
0JH60WZ,"Insertion of Totally Implantable Vascular Access Device into Chest Subcutaneous Tissue and Fascia, Open Approach",0.33333333277777777,0.079999999968,0.1290322548595214,2,4,23,25,125.0
0JH60XZ,"Insertion of Tunneled Vascular Access Device into Chest Subcutaneous Tissue and Fascia, Open Approach",0.43478260850661626,0.26315789466759004,0.32786884765385654,10,13,28,38,147.0
0JH632Z,"Insertion of Monitoring Device into Chest Subcutaneous Tissue and Fascia, Percutaneous Approach",0.49999999916666665,0.5999999988,0.5454545395041324,3,3,2,5,27.0
0JH636Z,"Insertion of Pacemaker, Dual Chamber into Chest Subcutaneous Tissue and Fascia, Percutaneous Approach",0.0,0.0,0.0,0,0,5,5,24.0
0JH63WZ,"Insertion of Totally Implantable Vascular Access Device into Chest Subcutaneous Tissue and Fascia, Percutaneous Approach",0.0,0.0,0.0,0,0,8,8,32.0
0JH63XZ,"Insertion of Tunneled Vascular Access Device into Chest Subcutaneous Tissue and Fascia, Percutaneous Approach",0.4925373133593228,0.4177215189344657,0.45205478949240013,33,34,46,79,367.0
0JH80NZ,"Insertion of Tissue Expander into Abdomen Subcutaneous Tissue and Fascia, Open Approach",0.3333333322222222,0.4999999975,0.39999999360000005,1,2,1,2,10.0
0JN80ZZ,"Release Abdomen Subcutaneous Tissue and Fascia, Open Approach",0.0,0.0,0.0,0,0,2,2,10.0
0JNC0ZZ,"Release Pelvic Region Subcutaneous Tissue and Fascia, Open Approach",0.0,0.0,0.0,0,0,2,2,8.0
0JPT0MZ,"Removal of Stimulator Generator from Trunk Subcutaneous Tissue and Fascia, Open Approach",0.5999999988,0.5999999988,0.5999999938,3,2,2,5,27.0
0JPT0NZ,"Removal of Tissue Expander from Trunk Subcutaneous Tissue and Fascia, Open Approach",0.0,0.0,0.0,0,0,2,2,9.0
0JPT0PZ,"Removal of Cardiac Rhythm Related Device from Trunk Subcutaneous Tissue and Fascia, Open Approach",0.5757575755831037,0.759999999696,0.6551724086623069,19,14,6,25,121.0
0JPT0WZ,"Removal of Totally Implantable Vascular Access Device from Trunk Subcutaneous Tissue and Fascia, Open Approach",0.3043478259546314,0.6999999992999999,0.4242424197612488,7,16,3,10,50.0
0JPT0XZ,"Removal of Tunneled Vascular Access Device from Trunk Subcutaneous Tissue and Fascia, Open Approach",0.1999999998,0.2857142853061225,0.23529411252595167,2,8,5,7,33.0
0JPT3PZ,"Removal of Cardiac Rhythm Related Device from Trunk Subcutaneous Tissue and Fascia, Percutaneous Approach",0.0,0.0,0.0,0,1,3,3,9.0
0JPT3WZ,"Removal of Totally Implantable Vascular Access Device from Trunk Subcutaneous Tissue and Fascia, Percutaneous Approach",0.0,0.0,0.0,0,0,3,3,12.0
0JPT3XZ,"Removal of Tunneled Vascular Access Device from Trunk Subcutaneous Tissue and Fascia, Percutaneous Approach",0.0,0.0,0.0,0,0,7,7,31.0
0JPTXXZ,"Removal of Tunneled Vascular Access Device from Trunk Subcutaneous Tissue and Fascia, External Approach",0.0,0.0,0.0,0,0,3,3,14.0
0JQ00ZZ,"Repair Scalp Subcutaneous Tissue and Fascia, Open Approach",0.0,0.0,0.0,0,0,2,2,11.0
0JQ10ZZ,"Repair Face Subcutaneous Tissue and Fascia, Open Approach",0.0,0.0,0.0,0,0,3,3,18.0
0JQ80ZZ,"Repair Abdomen Subcutaneous Tissue and Fascia, Open Approach",0.28571428551020406,0.3636363633057851,0.31999999481600006,4,10,7,11,53.0
0JQC0ZZ,"Repair Pelvic Region Subcutaneous Tissue and Fascia, Open Approach",0.1764705881314879,0.49999999916666665,0.26086956113421556,3,14,3,6,26.0
0JQH0ZZ,"Repair Left Lower Arm Subcutaneous Tissue and Fascia, Open Approach",0.0,0.0,0.0,0,0,2,2,8.0
0JQK0ZZ,"Repair Left Hand Subcutaneous Tissue and Fascia, Open Approach",0.0,0.0,0.0,0,0,2,2,8.0
0JQN0ZZ,"Repair Right Lower Leg Subcutaneous Tissue and Fascia, Open Approach",0.0,0.0,0.0,0,0,4,4,16.0
0JQP0ZZ,"Repair Left Lower Leg Subcutaneous Tissue and Fascia, Open Approach",0.0,0.0,0.0,0,0,3,3,12.0
0JR007Z,"Replacement of Scalp Subcutaneous Tissue and Fascia with Autologous Tissue Substitute, Open Approach",0.0,0.0,0.0,0,0,1,1,8.0
0JRQ07Z,"Replacement of Right Foot Subcutaneous Tissue and Fascia with Autologous Tissue Substitute, Open Approach",0.0,0.0,0.0,0,0,1,1,8.0
0JRR07Z,"Replacement of Left Foot Subcutaneous Tissue and Fascia with Autologous Tissue Substitute, Open Approach",0.0,0.0,0.0,0,1,2,2,10.0
0JWS0JZ,"Revision of Synthetic Substitute in Head and Neck Subcutaneous Tissue and Fascia, Open Approach",0.0,0.0,0.0,0,0,1,1,6.0
0JWT0PZ,"Revision of Cardiac Rhythm Related Device in Trunk Subcutaneous Tissue and Fascia, Open Approach",0.0,0.0,0.0,0,0,2,2,7.0
0K9N30Z,"Drainage of Right Hip Muscle with Drainage Device, Percutaneous Approach",0.0,0.0,0.0,0,3,1,1,8.0
0K9N3ZZ,"Drainage of Right Hip Muscle, Percutaneous Approach",0.0,0.0,0.0,0,1,2,2,9.0
0K9P30Z,"Drainage of Left Hip Muscle with Drainage Device, Percutaneous Approach",0.0,0.0,0.0,0,0,2,2,9.0
0K9P3ZX,"Drainage of Left Hip Muscle, Percutaneous Approach, Diagnostic",0.0,0.0,0.0,0,1,1,1,8.0
0KB90ZZ,"Excision of Right Lower Arm and Wrist Muscle, Open Approach",0.4999999975,0.3333333322222222,0.39999999360000005,1,1,2,3,12.0
0KBB0ZZ,"Excision of Left Lower Arm and Wrist Muscle, Open Approach",0.3333333322222222,0.3333333322222222,0.33333332722222225,1,2,2,3,12.0
0KBD0ZZ,"Excision of Left Hand Muscle, Open Approach",0.0,0.0,0.0,0,0,2,2,8.0
0KBF0ZZ,"Excision of Right Trunk Muscle, Open Approach",0.0,0.0,0.0,0,0,3,3,15.0
0KBG0ZZ,"Excision of Left Trunk Muscle, Open Approach",0.0,0.0,0.0,0,1,3,3,13.0
0KBH0ZZ,"Excision of Right Thorax Muscle, Open Approach",0.0,0.0,0.0,0,0,3,3,12.0
0KBJ0ZZ,"Excision of Left Thorax Muscle, Open Approach",0.0,0.0,0.0,0,0,2,2,8.0
0KBK0ZZ,"Excision of Right Abdomen Muscle, Open Approach",0.0,0.0,0.0,0,0,2,2,9.0
0KBL0ZZ,"Excision of Left Abdomen Muscle, Open Approach",0.0,0.0,0.0,0,1,4,4,15.0
0KBM0ZZ,"Excision of Perineum Muscle, Open Approach",0.9999999900000002,0.4999999975,0.6666666577777778,1,0,1,2,8.0
0KBN0ZZ,"Excision of Right Hip Muscle, Open Approach",0.0,0.0,0.0,0,2,5,5,20.0
0KBP0ZZ,"Excision of Left Hip Muscle, Open Approach",0.0,0.0,0.0,0,1,4,4,19.0
0KBQ0ZZ,"Excision of Right Upper Leg Muscle, Open Approach",0.49999999916666665,0.37499999953124996,0.4285714230612245,3,3,5,8,39.0
0KBR0ZX,"Excision of Left Upper Leg Muscle, Open Approach, Diagnostic",0.0,0.0,0.0,0,0,2,2,11.0
0KBR0ZZ,"Excision of Left Upper Leg Muscle, Open Approach",0.3333333322222222,0.16666666638888888,0.2222222172839507,1,2,5,6,32.0
0KBS0ZZ,"Excision of Right Lower Leg Muscle, Open Approach",0.16666666638888888,0.16666666638888888,0.16666666138888903,1,5,5,6,31.0
0KBT0ZZ,"Excision of Left Lower Leg Muscle, Open Approach",0.14285714265306124,0.14285714265306124,0.14285713765306143,1,6,6,7,32.0
0KBV0ZZ,"Excision of Right Foot Muscle, Open Approach",0.0,0.0,0.0,0,0,5,5,27.0
0KBW0ZZ,"Excision of Left Foot Muscle, Open Approach",0.0,0.0,0.0,0,0,5,5,23.0
0KN90ZZ,"Release Right Lower Arm and Wrist Muscle, Open Approach",0.999999995,0.6666666644444444,0.799999992,2,0,1,3,15.0
0KNB0ZZ,"Release Left Lower Arm and Wrist Muscle, Open Approach",0.0,0.0,0.0,0,0,1,1,8.0
0KNK0ZZ,"Release Right Abdomen Muscle, Open Approach",0.6249999998046875,0.7692307689349113,0.6896551672294887,20,12,6,26,105.0
0KNL0ZZ,"Release Left Abdomen Muscle, Open Approach",0.5555555554012346,0.79999999968,0.6557376998656276,20,16,5,25,105.0
0KNQ0ZZ,"Release Right Upper Leg Muscle, Open Approach",0.9999999900000002,0.3333333322222222,0.49999999375000004,1,0,2,3,13.0
0KNR0ZZ,"Release Left Upper Leg Muscle, Open Approach",0.0,0.0,0.0,0,0,1,1,8.0
0KNS0ZZ,"Release Right Lower Leg Muscle, Open Approach",0.7142857132653061,0.7142857132653061,0.7142857082653062,5,2,2,7,36.0
0KNT0ZZ,"Release Left Lower Leg Muscle, Open Approach",0.5454545449586776,0.7499999990624999,0.6315789418282548,6,5,2,8,38.0
0KQ10ZZ,"Repair Facial Muscle, Open Approach",0.0,0.0,0.0,0,0,3,3,16.0
0KQM0ZZ,"Repair Perineum Muscle, Open Approach",0.479999999808,0.5999999997,0.5333333281580248,12,13,8,20,77.0
0KXF0Z5,"Transfer Right Trunk Muscle, Latissimus Dorsi Myocutaneous Flap, Open Approach",0.0,0.0,0.0,0,0,2,2,10.0
0KXF0ZZ,"Transfer Right Trunk Muscle, Open Approach",0.9999999900000002,0.9999999900000002,0.9999999850000002,1,0,0,1,10.0
0KXH0Z2,"Transfer Right Thorax Muscle with Skin and Subcutaneous Tissue, Open Approach",0.0,0.0,0.0,0,1,1,1,10.0
0KXH0ZZ,"Transfer Right Thorax Muscle, Open Approach",0.7499999990624999,0.7499999990624999,0.7499999940625,6,2,2,8,33.0
0KXJ0Z2,"Transfer Left Thorax Muscle with Skin and Subcutaneous Tissue, Open Approach",0.0,0.0,0.0,0,1,2,2,9.0
0KXJ0ZZ,"Transfer Left Thorax Muscle, Open Approach",0.6666666659259258,0.6666666659259258,0.666666660925926,6,3,3,9,32.0
0KXQ0ZZ,"Transfer Right Upper Leg Muscle, Open Approach",0.0,0.0,0.0,0,0,2,2,10.0
0KXR0ZZ,"Transfer Left Upper Leg Muscle, Open Approach",0.0,0.0,0.0,0,0,4,4,9.0
0KXS0ZZ,"Transfer Right Lower Leg Muscle, Open Approach",0.9999999900000002,0.249999999375,0.3999999952,1,0,3,4,14.0
0KXT0ZZ,"Transfer Left Lower Leg Muscle, Open Approach",0.3999999992,0.49999999875,0.4444444385185186,2,3,2,4,18.0
0L8N0ZZ,"Division of Right Lower Leg Tendon, Open Approach",0.0,0.0,0.0,0,0,2,2,10.0
0L8N3ZZ,"Division of Right Lower Leg Tendon, Percutaneous Approach",0.0,0.0,0.0,0,4,2,2,9.0
0L8P3ZZ,"Division of Left Lower Leg Tendon, Percutaneous Approach",0.1999999996,0.9999999900000002,0.33333332944444444,1,4,0,1,8.0
0L970ZZ,"Drainage of Right Hand Tendon, Open Approach",0.3333333322222222,0.4999999975,0.39999999360000005,1,2,1,2,11.0
0L980ZZ,"Drainage of Left Hand Tendon, Open Approach",0.0,0.0,0.0,0,0,2,2,12.0
0LB50ZZ,"Excision of Right Lower Arm and Wrist Tendon, Open Approach",0.0,0.0,0.0,0,0,2,2,8.0
0LB70ZZ,"Excision of Right Hand Tendon, Open Approach",0.3333333322222222,0.3333333322222222,0.33333332722222225,1,2,2,3,12.0
0LB80ZZ,"Excision of Left Hand Tendon, Open Approach",0.0,0.0,0.0,0,0,3,3,11.0
0LBP0ZZ,"Excision of Left Lower Leg Tendon, Open Approach",0.0,0.0,0.0,0,0,3,3,12.0
0LBV0ZZ,"Excision of Right Foot Tendon, Open Approach",0.0,0.0,0.0,0,0,3,3,15.0
0LBW0ZZ,"Excision of Left Foot Tendon, Open Approach",0.0,0.0,0.0,0,1,4,4,19.0
0LQ70ZZ,"Repair Right Hand Tendon, Open Approach",0.0,0.0,0.0,0,1,3,3,12.0
0LQ80ZZ,"Repair Left Hand Tendon, Open Approach",0.0,0.0,0.0,0,0,5,5,21.0
0LQL0ZZ,"Repair Right Upper Leg Tendon, Open Approach",0.3999999992,0.999999995,0.5714285657142857,2,3,0,2,7.0
0LQR0ZZ,"Repair Left Knee Tendon, Open Approach",0.0,0.0,0.0,0,0,2,2,8.0
0LS30ZZ,"Reposition Right Upper Arm Tendon, Open Approach",0.3999999992,0.3999999992,0.39999999420000004,2,3,3,5,22.0
0LS40ZZ,"Reposition Left Upper Arm Tendon, Open Approach",0.4285714279591837,0.7499999981250001,0.5454545398347109,3,4,1,4,20.0
0NB00ZZ,"Excision of Skull, Open Approach",0.0,0.0,0.0,0,0,4,4,20.0
0NBR0ZZ,"Excision of Maxilla, Open Approach",0.0,0.0,0.0,0,3,2,2,10.0
0NBT0ZZ,"Excision of Right Mandible, Open Approach",0.0,0.0,0.0,0,2,3,3,12.0
0NBV0ZZ,"Excision of Left Mandible, Open Approach",0.0,0.0,0.0,0,2,2,2,11.0
0NH004Z,"Insertion of Internal Fixation Device into Skull, Open Approach",0.0,0.0,0.0,0,0,3,3,12.0
0NP004Z,"Removal of Internal Fixation Device from Skull, Open Approach",0.9999999900000002,0.249999999375,0.3999999952,1,0,3,4,19.0
0NP00JZ,"Removal of Synthetic Substitute from Skull, Open Approach",0.0,0.0,0.0,0,0,1,1,8.0
0NPW04Z,"Removal of Internal Fixation Device from Facial Bone, Open Approach",0.0,0.0,0.0,0,0,1,1,8.0
0NR007Z,"Replacement of Skull with Autologous Tissue Substitute, Open Approach",0.0,0.0,0.0,0,0,2,2,12.0
0NR00JZ,"Replacement of Skull with Synthetic Substitute, Open Approach",0.249999999375,0.3333333322222222,0.28571428000000004,1,3,2,3,18.0
0NR10JZ,"Replacement of Frontal Bone with Synthetic Substitute, Open Approach",0.0,0.0,0.0,0,0,2,2,9.0
0NS004Z,"Reposition Skull with Internal Fixation Device, Open Approach",0.0,0.0,0.0,0,0,2,2,10.0
0NSB04Z,"Reposition Nasal Bone with Internal Fixation Device, Open Approach",0.0,0.0,0.0,0,2,2,2,9.0
0NSBXZZ,"Reposition Nasal Bone, External Approach",0.1999999996,0.4999999975,0.28571428081632655,1,4,1,2,11.0
0NSM04Z,"Reposition Right Zygomatic Bone with Internal Fixation Device, Open Approach",0.33333333277777777,0.999999995,0.49999999500000003,2,4,0,2,11.0
0NSN04Z,"Reposition Left Zygomatic Bone with Internal Fixation Device, Open Approach",0.37499999953124996,0.9999999966666667,0.5454545404958677,3,5,0,3,17.0
0NSP04Z,"Reposition Right Orbit with Internal Fixation Device, Open Approach",0.3333333322222222,0.4999999975,0.39999999360000005,1,2,1,2,11.0
0NSQ04Z,"Reposition Left Orbit with Internal Fixation Device, Open Approach",0.9999999900000002,0.3333333322222222,0.49999999375000004,1,0,2,3,14.0
0NSR04Z,"Reposition Maxilla with Internal Fixation Device, Open Approach",0.3999999996,0.9999999975,0.5714285665306122,4,6,0,4,21.0
0NSS04Z,"Reposition Left Maxilla with Internal Fixation Device, Open Approach",0.1111111109876543,0.4999999975,0.1818181785123967,1,8,1,2,11.0
0NST04Z,"Reposition Right Mandible with Internal Fixation Device, Open Approach",0.5384615380473372,0.6999999992999999,0.6086956467296786,7,6,3,10,40.0
0NST34Z,"Reposition Right Mandible with Internal Fixation Device, Percutaneous Approach",0.0,0.0,0.0,0,0,1,1,8.0
0NSV04Z,"Reposition Left Mandible with Internal Fixation Device, Open Approach",0.5789473681163435,0.999999999090909,0.7333333282,11,8,0,11,44.0
0NU007Z,"Supplement Skull with Autologous Tissue Substitute, Open Approach",0.0,0.0,0.0,0,0,2,2,9.0
0NU00JZ,"Supplement Skull with Synthetic Substitute, Open Approach",0.0,0.0,0.0,0,0,2,2,7.0
0NU70JZ,"Supplement Occipital Bone with Synthetic Substitute, Open Approach",0.0,0.0,0.0,0,1,1,1,8.0
0PB00ZZ,"Excision of Sternum, Open Approach",0.0,0.0,0.0,0,0,11,11,31.0
0PB10ZZ,"Excision of 1 to 2 Ribs, Open Approach",0.0,0.0,0.0,0,0,3,3,12.0
0PB20ZZ,"Excision of 3 or More Ribs, Open Approach",0.0,0.0,0.0,0,1,1,1,8.0
0PB30ZZ,"Excision of Cervical Vertebra, Open Approach",0.0,0.0,0.0,0,1,5,5,23.0
0PB40ZX,"Excision of Thoracic Vertebra, Open Approach, Diagnostic",0.3333333322222222,0.3333333322222222,0.33333332722222225,1,2,2,3,12.0
0PB40ZZ,"Excision of Thoracic Vertebra, Open Approach",0.0,0.0,0.0,0,0,5,5,17.0
0PB43ZX,"Excision of Thoracic Vertebra, Percutaneous Approach, Diagnostic",0.347826086805293,0.7999999992,0.48484848033057854,8,15,2,10,41.0
0PBL0ZZ,"Excision of Left Ulna, Open Approach",0.0,0.0,0.0,0,0,2,2,8.0
0PC00ZZ,"Extirpation of Matter from Sternum, Open Approach",0.0,0.0,0.0,0,0,4,4,20.0
0PP004Z,"Removal of Internal Fixation Device from Sternum, Open Approach",0.33333333277777777,0.6666666644444444,0.44444443901234576,2,4,1,3,16.0
0PP304Z,"Removal of Internal Fixation Device from Cervical Vertebra, Open Approach",0.0,0.0,0.0,0,1,2,2,10.0
0PP404Z,"Removal of Internal Fixation Device from Thoracic Vertebra, Open Approach",0.4999999975,0.3333333322222222,0.39999999360000005,1,1,2,3,16.0
0PQ00ZZ,"Repair Sternum, Open Approach",0.0,0.0,0.0,0,0,3,3,18.0
0PS304Z,"Reposition Cervical Vertebra with Internal Fixation Device, Open Approach",0.1999999998,0.49999999875,0.28571428122448983,2,8,2,4,19.0
0PS404Z,"Reposition Thoracic Vertebra with Internal Fixation Device, Open Approach",0.0,0.0,0.0,0,1,4,4,19.0
0PS40ZZ,"Reposition Thoracic Vertebra, Open Approach",0.0,0.0,0.0,0,6,2,2,11.0
0PS43ZZ,"Reposition Thoracic Vertebra, Percutaneous Approach",0.7999999984,0.9999999975,0.8888888819753088,4,1,0,4,18.0
0PSC04Z,"Reposition Right Humeral Head with Internal Fixation Device, Open Approach",0.249999999375,0.4999999975,0.33333332777777785,1,3,1,2,12.0
0PSD04Z,"Reposition Left Humeral Head with Internal Fixation Device, Open Approach",0.49999999916666665,0.7499999981250001,0.5999999940000001,3,3,1,4,18.0
0PSDXZZ,"Reposition Left Humeral Head, External Approach",0.0,0.0,0.0,0,2,2,2,8.0
0PSF04Z,"Reposition Right Humeral Shaft with Internal Fixation Device, Open Approach",0.5555555549382716,0.6249999992187499,0.5882352884429066,5,4,3,8,38.0
0PSG04Z,"Reposition Left Humeral Shaft with Internal Fixation Device, Open Approach",0.6666666655555555,0.571428570612245,0.6153846094674558,4,2,3,7,33.0
0PSH04Z,"Reposition Right Radius with Internal Fixation Device, Open Approach",0.6363636357851239,0.7777777769135802,0.69999999435,7,4,2,9,42.0
0PSHXZZ,"Reposition Right Radius, External Approach",0.49999999875,0.2857142853061225,0.36363635834710756,2,2,5,7,29.0
0PSJ04Z,"Reposition Left Radius with Internal Fixation Device, Open Approach",0.49999999982142856,0.9999999992857143,0.6666666619047619,14,14,0,14,55.0
0PSJXZZ,"Reposition Left Radius, External Approach",0.23076923059171597,0.49999999916666665,0.31578946903047095,3,10,3,6,30.0
0PSK04Z,"Reposition Right Ulna with Internal Fixation Device, Open Approach",0.5384615380473372,0.9999999985714286,0.69999999475,7,6,0,7,34.0
0PSL04Z,"Reposition Left Ulna with Internal Fixation Device, Open Approach",0.7222222218209876,0.9999999992307692,0.8387096720083247,13,5,0,13,46.0
0PSLXZZ,"Reposition Left Ulna, External Approach",0.0,0.0,0.0,0,0,2,2,8.0
0PST04Z,"Reposition Right Finger Phalanx with Internal Fixation Device, Open Approach",0.4999999975,0.3333333322222222,0.39999999360000005,1,1,2,3,15.0
0PSV04Z,"Reposition Left Finger Phalanx with Internal Fixation Device, Open Approach",0.0,0.0,0.0,0,1,4,4,18.0
0PU40JZ,"Supplement Thoracic Vertebra with Synthetic Substitute, Open Approach",0.0,0.0,0.0,0,0,2,2,8.0
0PU43JZ,"Supplement Thoracic Vertebra with Synthetic Substitute, Percutaneous Approach",0.7999999984,0.9999999975,0.8888888819753088,4,1,0,4,19.0
0QB00ZX,"Excision of Lumbar Vertebra, Open Approach, Diagnostic",0.0,0.0,0.0,0,0,4,4,17.0
0QB00ZZ,"Excision of Lumbar Vertebra, Open Approach",0.0,0.0,0.0,0,0,9,9,45.0
0QB03ZX,"Excision of Lumbar Vertebra, Percutaneous Approach, Diagnostic",0.38709677406867843,0.9230769223668639,0.5454545410433884,12,19,1,13,67.0
0QB10ZX,"Excision of Sacrum, Open Approach, Diagnostic",0.0,0.0,0.0,0,1,2,2,10.0
0QB10ZZ,"Excision of Sacrum, Open Approach",0.0,0.0,0.0,0,0,4,4,18.0
0QB13ZX,"Excision of Sacrum, Percutaneous Approach, Diagnostic",0.1999999998,0.6666666644444444,0.3076923036686391,2,8,1,3,15.0
0QB20ZZ,"Excision of Right Pelvic Bone, Open Approach",0.3333333322222222,0.14285714265306124,0.1999999954000001,1,2,6,7,32.0
0QB23ZX,"Excision of Right Pelvic Bone, Percutaneous Approach, Diagnostic",0.49999999916666665,0.7499999981250001,0.5999999940000001,3,3,1,4,19.0
0QB30ZZ,"Excision of Left Pelvic Bone, Open Approach",0.0,0.0,0.0,0,0,4,4,22.0
0QB33ZX,"Excision of Left Pelvic Bone, Percutaneous Approach, Diagnostic",0.1999999996,0.1999999996,0.19999999460000012,1,4,4,5,24.0
0QB50ZZ,"Excision of Left Acetabulum, Open Approach",0.9999999900000002,0.4999999975,0.6666666577777778,1,0,1,2,8.0
0QB60ZX,"Excision of Right Upper Femur, Open Approach, Diagnostic",0.0,0.0,0.0,0,0,2,2,8.0
0QB60ZZ,"Excision of Right Upper Femur, Open Approach",0.16666666638888888,0.3333333322222222,0.2222222172839507,1,5,2,3,16.0
0QB70ZZ,"Excision of Left Upper Femur, Open Approach",0.49999999916666665,0.7499999981250001,0.5999999940000001,3,3,1,4,20.0
0QBB0ZZ,"Excision of Right Lower Femur, Open Approach",0.0,0.0,0.0,0,1,2,2,10.0
0QBC0ZX,"Excision of Left Lower Femur, Open Approach, Diagnostic",0.0,0.0,0.0,0,0,1,1,8.0
0QBC0ZZ,"Excision of Left Lower Femur, Open Approach",0.9999999900000002,0.3333333322222222,0.49999999375000004,1,0,2,3,14.0
0QBF0ZZ,"Excision of Left Patella, Open Approach",0.0,0.0,0.0,0,1,2,2,9.0
0QBG0ZX,"Excision of Right Tibia, Open Approach, Diagnostic",0.0,0.0,0.0,0,0,4,4,21.0
0QBG0ZZ,"Excision of Right Tibia, Open Approach",0.6666666644444444,0.16666666652777776,0.2666666631111111,2,1,10,12,57.0
0QBH0ZX,"Excision of Left Tibia, Open Approach, Diagnostic",0.0,0.0,0.0,0,0,3,3,16.0
0QBH0ZZ,"Excision of Left Tibia, Open Approach",0.3999999992,0.15384615372781063,0.22222221796296296,2,3,11,13,55.0
0QBJ0ZZ,"Excision of Right Fibula, Open Approach",0.0,0.0,0.0,0,1,5,5,26.0
0QBK0ZZ,"Excision of Left Fibula, Open Approach",0.0,0.0,0.0,0,0,4,4,21.0
0QBL0ZX,"Excision of Right Tarsal, Open Approach, Diagnostic",0.0,0.0,0.0,0,0,2,2,9.0
0QBL0ZZ,"Excision of Right Tarsal, Open Approach",0.3333333330555555,0.3636363633057851,0.3478260816635161,4,8,7,11,50.0
0QBM0ZX,"Excision of Left Tarsal, Open Approach, Diagnostic",0.0,0.0,0.0,0,0,3,3,14.0
0QBM0ZZ,"Excision of Left Tarsal, Open Approach",0.5333333329777777,0.5333333329777777,0.5333333279777779,8,7,7,15,73.0
0QBN0ZX,"Excision of Right Metatarsal, Open Approach, Diagnostic",0.0,0.0,0.0,0,0,3,3,12.0
0QBN0ZZ,"Excision of Right Metatarsal, Open Approach",0.6363636360743802,0.5384615382544379,0.583333328125,14,8,12,26,107.0
0QBP0ZX,"Excision of Left Metatarsal, Open Approach, Diagnostic",0.0,0.0,0.0,0,0,2,2,11.0
0QBP0ZZ,"Excision of Left Metatarsal, Open Approach",0.649999999675,0.5652173910586011,0.6046511575338022,13,7,10,23,97.0
0QBQ0ZZ,"Excision of Right Toe Phalanx, Open Approach",0.9999999900000002,0.14285714265306124,0.24999999718750004,1,0,6,7,32.0
0QBR0ZZ,"Excision of Left Toe Phalanx, Open Approach",0.0,0.0,0.0,0,0,7,7,34.0
0QH604Z,"Insertion of Internal Fixation Device into Right Upper Femur, Open Approach",0.0,0.0,0.0,0,0,1,1,8.0
0QH606Z,"Insertion of Intramedullary Internal Fixation Device into Right Upper Femur, Open Approach",0.9999999900000002,0.9999999900000002,0.9999999850000002,1,0,0,1,8.0
0QH634Z,"Insertion of Internal Fixation Device into Right Upper Femur, Percutaneous Approach",0.0,0.0,0.0,0,0,5,5,11.0
0QH636Z,"Insertion of Intramedullary Internal Fixation Device into Right Upper Femur, Percutaneous Approach",0.0,0.0,0.0,0,0,3,3,13.0
0QH704Z,"Insertion of Internal Fixation Device into Left Upper Femur, Open Approach",0.0,0.0,0.0,0,0,2,2,9.0
0QH734Z,"Insertion of Internal Fixation Device into Left Upper Femur, Percutaneous Approach",0.0,0.0,0.0,0,4,5,5,20.0
0QH736Z,"Insertion of Intramedullary Internal Fixation Device into Left Upper Femur, Percutaneous Approach",0.0,0.0,0.0,0,0,2,2,11.0
0QH936Z,"Insertion of Intramedullary Internal Fixation Device into Left Femoral Shaft, Percutaneous Approach",0.0,0.0,0.0,0,3,2,2,8.0
0QHG04Z,"Insertion of Internal Fixation Device into Right Tibia, Open Approach",0.0,0.0,0.0,0,0,2,2,8.0
0QHG35Z,"Insertion of External Fixation Device into Right Tibia, Percutaneous Approach",0.0,0.0,0.0,0,0,3,3,13.0
0QHH04Z,"Insertion of Internal Fixation Device into Left Tibia, Open Approach",0.0,0.0,0.0,0,0,2,2,7.0
0QHH35Z,"Insertion of External Fixation Device into Left Tibia, Percutaneous Approach",0.0,0.0,0.0,0,0,2,2,10.0
0QP004Z,"Removal of Internal Fixation Device from Lumbar Vertebra, Open Approach",0.374999999765625,0.6666666659259258,0.47999999500800006,6,10,3,9,48.0
0QP104Z,"Removal of Internal Fixation Device from Sacrum, Open Approach",0.0,0.0,0.0,0,0,2,2,9.0
0QP604Z,"Removal of Internal Fixation Device from Right Upper Femur, Open Approach",0.2857142853061225,0.3999999992,0.33333332791666676,2,5,3,5,25.0
0QP704Z,"Removal of Internal Fixation Device from Left Upper Femur, Open Approach",0.49999999875,0.3999999992,0.4444444385185186,2,2,3,5,26.0
0QP804Z,"Removal of Internal Fixation Device from Right Femoral Shaft, Open Approach",0.0,0.0,0.0,0,1,2,2,8.0
0QPB04Z,"Removal of Internal Fixation Device from Right Lower Femur, Open Approach",0.9999999900000002,0.3333333322222222,0.49999999375000004,1,0,2,3,13.0
0QPC04Z,"Removal of Internal Fixation Device from Left Lower Femur, Open Approach",0.0,0.0,0.0,0,0,3,3,14.0
0QPG04Z,"Removal of Internal Fixation Device from Right Tibia, Open Approach",0.6666666644444444,0.2222222219753086,0.3333333290277778,2,1,7,9,39.0
0QPGX5Z,"Removal of External Fixation Device from Right Tibia, External Approach",0.0,0.0,0.0,0,1,3,3,16.0
0QPH04Z,"Removal of Internal Fixation Device from Left Tibia, Open Approach",0.45454545413223135,0.7142857132653061,0.5555555501851852,5,6,2,7,30.0
0QPH05Z,"Removal of External Fixation Device from Left Tibia, Open Approach",0.0,0.0,0.0,0,0,1,1,8.0
0QPHX5Z,"Removal of External Fixation Device from Left Tibia, External Approach",0.0,0.0,0.0,0,1,6,6,24.0
0QPJ04Z,"Removal of Internal Fixation Device from Right Fibula, Open Approach",0.0,0.0,0.0,0,0,2,2,11.0
0QPK04Z,"Removal of Internal Fixation Device from Left Fibula, Open Approach",0.0,0.0,0.0,0,0,2,2,12.0
0QS004Z,"Reposition Lumbar Vertebra with Internal Fixation Device, Open Approach",0.0,0.0,0.0,0,2,4,4,19.0
0QS00ZZ,"Reposition Lumbar Vertebra, Open Approach",0.0,0.0,0.0,0,2,2,2,9.0
0QS03ZZ,"Reposition Lumbar Vertebra, Percutaneous Approach",0.9999999975,0.9999999975,0.9999999925,4,0,0,4,16.0
0QS204Z,"Reposition Right Pelvic Bone with Internal Fixation Device, Open Approach",0.0,0.0,0.0,0,1,1,1,7.0
0QS404Z,"Reposition Right Acetabulum with Internal Fixation Device, Open Approach",0.6666666659259258,0.9999999983333333,0.7999999941333333,6,3,0,6,33.0
0QS504Z,"Reposition Left Acetabulum with Internal Fixation Device, Open Approach",0.6666666655555555,0.6666666655555555,0.6666666605555556,4,2,2,6,22.0
0QS604Z,"Reposition Right Upper Femur with Internal Fixation Device, Open Approach",0.2916666666059028,0.7368421048753462,0.4179104435731789,14,34,5,19,96.0
0QS606Z,"Reposition Right Upper Femur with Intramedullary Internal Fixation Device, Open Approach",0.38095238077097504,0.4999999996875,0.4324324272899927,8,13,8,16,55.0
0QS634Z,"Reposition Right Upper Femur with Internal Fixation Device, Percutaneous Approach",0.7999999984,0.49999999937499995,0.615384609704142,4,1,4,8,38.0
0QS636Z,"Reposition Right Upper Femur with Intramedullary Internal Fixation Device, Percutaneous Approach",0.2592592591632373,0.8749999989062499,0.39999999624489796,7,20,1,8,42.0
0QS704Z,"Reposition Left Upper Femur with Internal Fixation Device, Open Approach",0.4285714282653061,0.3157894735180055,0.36363635853076215,6,8,13,19,94.0
0QS706Z,"Reposition Left Upper Femur with Intramedullary Internal Fixation Device, Open Approach",0.3666666665444444,0.8461538455029586,0.5116279025202812,11,19,2,13,64.0
0QS734Z,"Reposition Left Upper Femur with Internal Fixation Device, Percutaneous Approach",0.5999999988,0.2727272724793388,0.374999995234375,3,2,8,11,52.0
0QS736Z,"Reposition Left Upper Femur with Intramedullary Internal Fixation Device, Percutaneous Approach",0.0,0.0,0.0,0,1,8,8,40.0
0QS804Z,"Reposition Right Femoral Shaft with Internal Fixation Device, Open Approach",0.3157894735180055,0.8571428559183674,0.4615384572485207,6,13,1,7,35.0
0QS806Z,"Reposition Right Femoral Shaft with Intramedullary Internal Fixation Device, Open Approach",0.3333333329629629,0.5999999988,0.42857142336734694,3,6,2,5,23.0
0QS836Z,"Reposition Right Femoral Shaft with Intramedullary Internal Fixation Device, Percutaneous Approach",0.0,0.0,0.0,0,1,2,2,7.0
0QS904Z,"Reposition Left Femoral Shaft with Internal Fixation Device, Open Approach",0.5999999993999999,0.6666666659259258,0.6315789417174515,6,4,3,9,28.0
0QS906Z,"Reposition Left Femoral Shaft with Intramedullary Internal Fixation Device, Open Approach",0.49999999916666665,0.5999999988,0.5454545395041324,3,3,2,5,24.0
0QS936Z,"Reposition Left Femoral Shaft with Intramedullary Internal Fixation Device, Percutaneous Approach",0.0,0.0,0.0,0,0,2,2,12.0
0QSB04Z,"Reposition Right Lower Femur with Internal Fixation Device, Open Approach",0.6666666659259258,0.4999999995833333,0.5714285659863946,6,3,6,12,43.0
0QSC04Z,"Reposition Left Lower Femur with Internal Fixation Device, Open Approach",0.5999999996,0.6923076917751478,0.6428571374234693,9,6,4,13,61.0
0QSC06Z,"Reposition Left Lower Femur with Intramedullary Internal Fixation Device, Open Approach",0.0,0.0,0.0,0,1,2,2,8.0
0QSD04Z,"Reposition Right Patella with Internal Fixation Device, Open Approach",0.4285714279591837,0.9999999966666667,0.5999999946000001,3,4,0,3,12.0
0QSF04Z,"Reposition Left Patella with Internal Fixation Device, Open Approach",0.7499999981250001,0.7499999981250001,0.7499999931250001,3,1,1,4,15.0
0QSG04Z,"Reposition Right Tibia with Internal Fixation Device, Open Approach",0.5624999999121094,0.9230769228402367,0.6990291213724197,36,28,3,39,174.0
0QSG06Z,"Reposition Right Tibia with Intramedullary Internal Fixation Device, Open Approach",0.45454545413223135,0.7142857132653061,0.5555555501851852,5,6,2,7,36.0
0QSG35Z,"Reposition Right Tibia with External Fixation Device, Percutaneous Approach",0.4999999975,0.249999999375,0.33333332777777785,1,1,3,4,20.0
0QSG36Z,"Reposition Right Tibia with Intramedullary Internal Fixation Device, Percutaneous Approach",0.4999999975,0.3333333322222222,0.39999999360000005,1,1,2,3,16.0
0QSGXZZ,"Reposition Right Tibia, External Approach",0.0,0.0,0.0,0,0,6,6,30.0
0QSH04Z,"Reposition Left Tibia with Internal Fixation Device, Open Approach",0.4871794871170283,0.9743589741091387,0.6495726450171672,38,40,1,39,191.0
0QSH06Z,"Reposition Left Tibia with Intramedullary Internal Fixation Device, Open Approach",0.4999999995833333,0.4999999995833333,0.4999999945833334,6,6,6,12,37.0
0QSH34Z,"Reposition Left Tibia with Internal Fixation Device, Percutaneous Approach",0.0,0.0,0.0,0,0,2,2,8.0
0QSH35Z,"Reposition Left Tibia with External Fixation Device, Percutaneous Approach",0.9999999966666667,0.3333333329629629,0.4999999954166666,3,0,6,9,27.0
0QSH36Z,"Reposition Left Tibia with Intramedullary Internal Fixation Device, Percutaneous Approach",0.0,0.0,0.0,0,0,3,3,13.0
0QSHXZZ,"Reposition Left Tibia, External Approach",0.0,0.0,0.0,0,3,6,6,32.0
0QSJ04Z,"Reposition Right Fibula with Internal Fixation Device, Open Approach",0.3999999999111111,0.8571428567346938,0.5454545409504133,18,27,3,21,90.0
0QSJXZZ,"Reposition Right Fibula, External Approach",0.0,0.0,0.0,0,2,7,7,34.0
0QSK04Z,"Reposition Left Fibula with Internal Fixation Device, Open Approach",0.4999999998529412,0.894736841634349,0.6415094291206836,17,17,2,19,88.0
0QSK35Z,"Reposition Left Fibula with External Fixation Device, Percutaneous Approach",0.0,0.0,0.0,0,0,2,2,8.0
0QSKXZZ,"Reposition Left Fibula, External Approach",0.09999999995,0.2857142853061225,0.14814814419753095,2,18,5,7,36.0
0QSL04Z,"Reposition Right Tarsal with Internal Fixation Device, Open Approach",0.7499999981250001,0.7499999981250001,0.7499999931250001,3,1,1,4,22.0
0QSM04Z,"Reposition Left Tarsal with Internal Fixation Device, Open Approach",0.49999999875,0.6666666644444444,0.5714285648979592,2,2,1,3,12.0
0QSP04Z,"Reposition Left Metatarsal with Internal Fixation Device, Open Approach",0.0,0.0,0.0,0,0,1,1,8.0
0QU00JZ,"Supplement Lumbar Vertebra with Synthetic Substitute, Open Approach",0.0,0.0,0.0,0,0,2,2,8.0
0QU03JZ,"Supplement Lumbar Vertebra with Synthetic Substitute, Percutaneous Approach",0.9999999975,0.9999999975,0.9999999925,4,0,0,4,18.0
0QUG07Z,"Supplement Right Tibia with Autologous Tissue Substitute, Open Approach",0.0,0.0,0.0,0,0,2,2,10.0
0R9J0ZZ,"Drainage of Right Shoulder Joint, Open Approach",0.3333333322222222,0.9999999900000002,0.49999999375000004,1,2,0,1,8.0
0R9J3ZX,"Drainage of Right Shoulder Joint, Percutaneous Approach, Diagnostic",0.0,0.0,0.0,0,3,5,5,23.0
0R9K3ZX,"Drainage of Left Shoulder Joint, Percutaneous Approach, Diagnostic",0.0,0.0,0.0,0,1,4,4,22.0
0R9L3ZX,"Drainage of Right Elbow Joint, Percutaneous Approach, Diagnostic",0.9999999966666667,0.9999999966666667,0.9999999916666666,3,0,0,3,13.0
0R9M3ZX,"Drainage of Left Elbow Joint, Percutaneous Approach, Diagnostic",0.9999999900000002,0.9999999900000002,0.9999999850000002,1,0,0,1,8.0
0R9N3ZX,"Drainage of Right Wrist Joint, Percutaneous Approach, Diagnostic",0.249999999375,0.3333333322222222,0.28571428000000004,1,3,2,3,12.0
0R9P3ZX,"Drainage of Left Wrist Joint, Percutaneous Approach, Diagnostic",0.0,0.0,0.0,0,2,3,3,12.0
0RB30ZZ,"Excision of Cervical Vertebral Disc, Open Approach",0.5147058822772492,0.87499999978125,0.6481481433641976,35,33,5,40,220.0
0RB50ZZ,"Excision of Cervicothoracic Vertebral Disc, Open Approach",0.0,0.0,0.0,0,1,3,3,11.0
0RB90ZZ,"Excision of Thoracic Vertebral Disc, Open Approach",0.49999999875,0.3999999992,0.4444444385185186,2,2,3,5,24.0
0RBJ0ZZ,"Excision of Right Shoulder Joint, Open Approach",0.6666666644444444,0.999999995,0.799999992,2,1,0,2,8.0
0RG0071,"Fusion of Occipital-cervical Joint with Autologous Tissue Substitute, Posterior Approach, Posterior Column, Open Approach",0.0,0.0,0.0,0,0,2,2,7.0
0RG1070,"Fusion of Cervical Vertebral Joint with Autologous Tissue Substitute, Anterior Approach, Anterior Column, Open Approach",0.0,0.0,0.0,0,1,3,3,17.0
0RG1071,"Fusion of Cervical Vertebral Joint with Autologous Tissue Substitute, Posterior Approach, Posterior Column, Open Approach",0.0,0.0,0.0,0,0,5,5,24.0
0RG10A0,"Fusion of Cervical Vertebral Joint with Interbody Fusion Device, Anterior Approach, Anterior Column, Open Approach",0.49999999916666665,0.16666666657407406,0.24999999604166667,3,3,15,18,90.0
0RG10K0,"Fusion of Cervical Vertebral Joint with Nonautologous Tissue Substitute, Anterior Approach, Anterior Column, Open Approach",0.9999999900000002,0.16666666638888888,0.2857142824489796,1,0,5,6,31.0
0RG2070,"Fusion of 2 or more Cervical Vertebral Joints with Autologous Tissue Substitute, Anterior Approach, Anterior Column, Open Approach",0.0,0.0,0.0,0,0,7,7,35.0
0RG2071,"Fusion of 2 or more Cervical Vertebral Joints with Autologous Tissue Substitute, Posterior Approach, Posterior Column, Open Approach",0.47619047607709747,0.6896551721759809,0.5633802766990678,20,22,9,29,144.0
0RG207J,"Fusion of 2 or more Cervical Vertebral Joints with Autologous Tissue Substitute, Posterior Approach, Anterior Column, Open Approach",0.0,0.0,0.0,0,0,5,5,11.0
0RG20A0,"Fusion of 2 or more Cervical Vertebral Joints with Interbody Fusion Device, Anterior Approach, Anterior Column, Open Approach",0.4523809522732426,0.7037037034430726,0.5507246327578239,19,23,8,27,108.0
0RG20AJ,"Fusion of 2 or more Cervical Vertebral Joints with Interbody Fusion Device, Posterior Approach, Anterior Column, Open Approach",0.0,0.0,0.0,0,0,2,2,11.0
0RG20K0,"Fusion of 2 or more Cervical Vertebral Joints with Nonautologous Tissue Substitute, Anterior Approach, Anterior Column, Open Approach",0.0,0.0,0.0,0,1,4,4,18.0
0RG20K1,"Fusion of 2 or more Cervical Vertebral Joints with Nonautologous Tissue Substitute, Posterior Approach, Posterior Column, Open Approach",0.0,0.0,0.0,0,1,3,3,15.0
0RG4071,"Fusion of Cervicothoracic Vertebral Joint with Autologous Tissue Substitute, Posterior Approach, Posterior Column, Open Approach",0.5384615380473372,0.5384615380473372,0.5384615330473373,7,6,6,13,62.0
0RG40A0,"Fusion of Cervicothoracic Vertebral Joint with Interbody Fusion Device, Anterior Approach, Anterior Column, Open Approach",0.6666666644444444,0.6666666644444444,0.6666666594444445,2,1,1,3,16.0
0RG6071,"Fusion of Thoracic Vertebral Joint with Autologous Tissue Substitute, Posterior Approach, Posterior Column, Open Approach",0.4999999975,0.1111111109876543,0.1818181785123967,1,1,8,9,42.0
0RG60A0,"Fusion of Thoracic Vertebral Joint with Interbody Fusion Device, Anterior Approach, Anterior Column, Open Approach",0.18181818165289254,0.999999995,0.3076923046153846,2,9,0,2,11.0
0RG7071,"Fusion of 2 to 7 Thoracic Vertebral Joints with Autologous Tissue Substitute, Posterior Approach, Posterior Column, Open Approach",0.479999999808,0.5999999997,0.5333333281580248,12,13,8,20,81.0
0RG70K1,"Fusion of 2 to 7 Thoracic Vertebral Joints with Nonautologous Tissue Substitute, Posterior Approach, Posterior Column, Open Approach",0.0999999999,0.3333333322222222,0.15384615005917168,1,9,2,3,12.0
0RG8071,"Fusion of 8 or more Thoracic Vertebral Joints with Autologous Tissue Substitute, Posterior Approach, Posterior Column, Open Approach",0.1999999996,0.3333333322222222,0.24999999468750006,1,4,2,3,17.0
0RGA071,"Fusion of Thoracolumbar Vertebral Joint with Autologous Tissue Substitute, Posterior Approach, Posterior Column, Open Approach",0.39534883711736074,0.894736841634349,0.5483870923465141,17,26,2,19,79.0
0RGA0A0,"Fusion of Thoracolumbar Vertebral Joint with Interbody Fusion Device, Anterior Approach, Anterior Column, Open Approach",0.249999999375,0.3333333322222222,0.28571428000000004,1,3,2,3,15.0
0RP104Z,"Removal of Internal Fixation Device from Cervical Vertebral Joint, Open Approach",0.0,0.0,0.0,0,3,4,4,10.0
0RPJ0JZ,"Removal of Synthetic Substitute from Right Shoulder Joint, Open Approach",0.9999999966666667,0.9999999966666667,0.9999999916666666,3,0,0,3,12.0
0RPK0JZ,"Removal of Synthetic Substitute from Left Shoulder Joint, Open Approach",0.9999999900000002,0.9999999900000002,0.9999999850000002,1,0,0,1,7.0
0RRJ00Z,"Replacement of Right Shoulder Joint with Reverse Ball and Socket Synthetic Substitute, Open Approach",0.7692307686390532,0.9999999989999999,0.8695652117202268,10,3,0,10,50.0
0RRJ0J6,"Replacement of Right Shoulder Joint with Synthetic Substitute, Humeral Surface, Open Approach",0.3333333322222222,0.9999999900000002,0.49999999375000004,1,2,0,1,8.0
0RRJ0JZ,"Replacement of Right Shoulder Joint with Synthetic Substitute, Open Approach",0.9999999900000002,0.4999999975,0.6666666577777778,1,0,1,2,8.0
0RRK00Z,"Replacement of Left Shoulder Joint with Reverse Ball and Socket Synthetic Substitute, Open Approach",0.9999999985714286,0.9999999985714286,0.9999999935714285,7,0,0,7,36.0
0RRK0JZ,"Replacement of Left Shoulder Joint with Synthetic Substitute, Open Approach",0.8333333319444445,0.9999999980000001,0.909090902479339,5,1,0,5,17.0
0RSJXZZ,"Reposition Right Shoulder Joint, External Approach",0.2857142853061225,0.6666666644444444,0.39999999500000005,2,5,1,3,11.0
0RT30ZZ,"Resection of Cervical Vertebral Disc, Open Approach",0.19999999993333334,0.3333333331481481,0.24999999520833338,6,24,12,18,73.0
0RT90ZZ,"Resection of Thoracic Vertebral Disc, Open Approach",0.0,0.0,0.0,0,5,2,2,12.0
0S990ZZ,"Drainage of Right Hip Joint, Open Approach",0.0,0.0,0.0,0,1,1,1,8.0
0S993ZX,"Drainage of Right Hip Joint, Percutaneous Approach, Diagnostic",0.3529411762629758,0.5454545449586776,0.42857142349489796,6,11,5,11,53.0
0S993ZZ,"Drainage of Right Hip Joint, Percutaneous Approach",0.0,0.0,0.0,0,0,2,2,11.0
0S9B0ZZ,"Drainage of Left Hip Joint, Open Approach",0.1999999996,0.4999999975,0.28571428081632655,1,4,1,2,13.0
0S9B3ZX,"Drainage of Left Hip Joint, Percutaneous Approach, Diagnostic",0.8749999989062499,0.7777777769135802,0.8235294058131488,7,1,2,9,45.0
0S9C0ZZ,"Drainage of Right Knee Joint, Open Approach",0.0,0.0,0.0,0,3,3,3,13.0
0S9C3ZX,"Drainage of Right Knee Joint, Percutaneous Approach, Diagnostic",0.4333333331888889,0.5416666664409722,0.4814814763648834,13,17,11,24,122.0
0S9C3ZZ,"Drainage of Right Knee Joint, Percutaneous Approach",0.0,0.0,0.0,0,0,8,8,39.0
0S9D0ZX,"Drainage of Left Knee Joint, Open Approach, Diagnostic",0.0,0.0,0.0,0,0,2,2,8.0
0S9D0ZZ,"Drainage of Left Knee Joint, Open Approach",0.49999999875,0.6666666644444444,0.5714285648979592,2,2,1,3,12.0
0S9D3ZX,"Drainage of Left Knee Joint, Percutaneous Approach, Diagnostic",0.4999999998076923,0.5652173910586011,0.530612239700125,13,13,10,23,104.0
0S9D3ZZ,"Drainage of Left Knee Joint, Percutaneous Approach",0.0,0.0,0.0,0,0,7,7,24.0
0S9F3ZX,"Drainage of Right Ankle Joint, Percutaneous Approach, Diagnostic",0.6666666644444444,0.3999999992,0.49999999406250006,2,1,3,5,22.0
0S9G3ZX,"Drainage of Left Ankle Joint, Percutaneous Approach, Diagnostic",0.3999999992,0.6666666644444444,0.49999999406250006,2,3,1,3,16.0
0SB20ZZ,"Excision of Lumbar Vertebral Disc, Open Approach",0.5538461537609468,0.5901639343294813,0.5714285663429077,36,29,25,61,257.0
0SB40ZZ,"Excision of Lumbosacral Disc, Open Approach",0.3999999998857143,0.6999999996499999,0.509090904277686,14,21,6,20,100.0
0SB90ZZ,"Excision of Right Hip Joint, Open Approach",0.6666666644444444,0.3999999992,0.49999999406250006,2,1,3,5,24.0
0SBB0ZZ,"Excision of Left Hip Joint, Open Approach",0.2857142853061225,0.49999999875,0.36363635834710756,2,5,2,4,21.0
0SBC0ZX,"Excision of Right Knee Joint, Open Approach, Diagnostic",0.0,0.0,0.0,0,3,2,2,9.0
0SBC0ZZ,"Excision of Right Knee Joint, Open Approach",0.3666666665444444,0.7333333328444444,0.48888888422716054,11,19,4,15,61.0
0SBC4ZZ,"Excision of Right Knee Joint, Percutaneous Endoscopic Approach",0.0,0.0,0.0,0,2,2,2,11.0
0SBD0ZX,"Excision of Left Knee Joint, Open Approach, Diagnostic",0.0,0.0,0.0,0,0,2,2,9.0
0SBD0ZZ,"Excision of Left Knee Joint, Open Approach",0.3333333331944444,0.666666666111111,0.44444443975308645,8,16,4,12,53.0
0SBD4ZZ,"Excision of Left Knee Joint, Percutaneous Endoscopic Approach",0.6666666644444444,0.3999999992,0.49999999406250006,2,1,3,5,14.0
0SBG0ZZ,"Excision of Left Ankle Joint, Open Approach",0.0,0.0,0.0,0,0,1,1,8.0
0SCC0ZZ,"Extirpation of Matter from Right Knee Joint, Open Approach",0.0,0.0,0.0,0,2,2,2,11.0
0SG0070,"Fusion of Lumbar Vertebral Joint with Autologous Tissue Substitute, Anterior Approach, Anterior Column, Open Approach",0.0,0.0,0.0,0,1,2,2,11.0
0SG0071,"Fusion of Lumbar Vertebral Joint with Autologous Tissue Substitute, Posterior Approach, Posterior Column, Open Approach",0.3695652173109641,0.5666666664777777,0.44736841615650974,17,29,13,30,184.0
0SG00A0,"Fusion of Lumbar Vertebral Joint with Interbody Fusion Device, Anterior Approach, Anterior Column, Open Approach",0.1666666666111111,0.29411764688581316,0.21276595273879592,5,25,12,17,84.0
0SG00A1,"Fusion of Lumbar Vertebral Joint with Interbody Fusion Device, Posterior Approach, Posterior Column, Open Approach",0.0,0.0,0.0,0,0,3,3,13.0
0SG00AJ,"Fusion of Lumbar Vertebral Joint with Interbody Fusion Device, Posterior Approach, Anterior Column, Open Approach",0.999999995,0.24999999968749997,0.399999996,2,0,6,8,36.0
0SG00K1,"Fusion of Lumbar Vertebral Joint with Nonautologous Tissue Substitute, Posterior Approach, Posterior Column, Open Approach",0.0,0.0,0.0,0,0,2,2,8.0
0SG00Z1,"Fusion of Lumbar Vertebral Joint, Posterior Approach, Posterior Column, Open Approach",0.0,0.0,0.0,0,0,2,2,7.0
0SG1070,"Fusion of 2 or more Lumbar Vertebral Joints with Autologous Tissue Substitute, Anterior Approach, Anterior Column, Open Approach",0.4999999975,0.1999999996,0.28571428081632655,1,1,4,5,22.0
0SG1071,"Fusion of 2 or more Lumbar Vertebral Joints with Autologous Tissue Substitute, Posterior Approach, Posterior Column, Open Approach",0.5555555554526749,0.8333333331018519,0.6666666617185185,30,24,6,36,174.0
0SG10A0,"Fusion of 2 or more Lumbar Vertebral Joints with Interbody Fusion Device, Anterior Approach, Anterior Column, Open Approach",0.5185185183264746,0.874999999453125,0.6511627857220119,14,13,2,16,80.0
0SG10AJ,"Fusion of 2 or more Lumbar Vertebral Joints with Interbody Fusion Device, Posterior Approach, Anterior Column, Open Approach",0.0,0.0,0.0,0,0,2,2,8.0
0SG10K1,"Fusion of 2 or more Lumbar Vertebral Joints with Nonautologous Tissue Substitute, Posterior Approach, Posterior Column, Open Approach",0.3333333322222222,0.1999999996,0.24999999468750006,1,2,4,5,12.0
0SG3070,"Fusion of Lumbosacral Joint with Autologous Tissue Substitute, Anterior Approach, Anterior Column, Open Approach",0.0,0.0,0.0,0,0,4,4,14.0
0SG3071,"Fusion of Lumbosacral Joint with Autologous Tissue Substitute, Posterior Approach, Posterior Column, Open Approach",0.5749999998562499,0.8214285711352041,0.6764705831920416,23,17,5,28,127.0
0SG30A0,"Fusion of Lumbosacral Joint with Interbody Fusion Device, Anterior Approach, Anterior Column, Open Approach",0.624999999609375,0.6666666662222221,0.6451612849115506,10,6,5,15,72.0
0SG30A1,"Fusion of Lumbosacral Joint with Interbody Fusion Device, Posterior Approach, Posterior Column, Open Approach",0.0,0.0,0.0,0,0,2,2,11.0
0SG30AJ,"Fusion of Lumbosacral Joint with Interbody Fusion Device, Posterior Approach, Anterior Column, Open Approach",0.3999999992,0.24999999968749997,0.3076923024852071,2,3,6,8,18.0
0SGF07Z,"Fusion of Right Ankle Joint with Autologous Tissue Substitute, Open Approach",0.0,0.0,0.0,0,2,2,2,7.0
0SGH04Z,"Fusion of Right Tarsal Joint with Internal Fixation Device, Open Approach",0.0,0.0,0.0,0,0,2,2,11.0
0SGJ04Z,"Fusion of Left Tarsal Joint with Internal Fixation Device, Open Approach",0.0,0.0,0.0,0,1,1,1,8.0
0SH908Z,"Insertion of Spacer into Right Hip Joint, Open Approach",0.4285714279591837,0.7499999981250001,0.5454545398347109,3,4,1,4,18.0
0SHB08Z,"Insertion of Spacer into Left Hip Joint, Open Approach",0.6666666644444444,0.6666666644444444,0.6666666594444445,2,1,1,3,15.0
0SHC08Z,"Insertion of Spacer into Right Knee Joint, Open Approach",0.6666666659259258,0.9999999983333333,0.7999999941333333,6,3,0,6,22.0
0SHD08Z,"Insertion of Spacer into Left Knee Joint, Open Approach",0.571428570612245,0.7999999984,0.6666666606944446,4,3,1,5,23.0
0SNCXZZ,"Release Right Knee Joint, External Approach",0.33333333277777777,0.999999995,0.49999999500000003,2,4,0,2,7.0
0SNDXZZ,"Release Left Knee Joint, External Approach",0.0,0.0,0.0,0,1,2,2,10.0
0SP004Z,"Removal of Internal Fixation Device from Lumbar Vertebral Joint, Open Approach",0.49999999964285713,0.6999999992999999,0.5833333279861111,7,7,3,10,48.0
0SP304Z,"Removal of Internal Fixation Device from Lumbosacral Joint, Open Approach",0.0,0.0,0.0,0,1,3,3,18.0
0SP904Z,"Removal of Internal Fixation Device from Right Hip Joint, Open Approach",0.0,0.0,0.0,0,0,2,2,9.0
0SP908Z,"Removal of Spacer from Right Hip Joint, Open Approach",0.2857142853061225,0.999999995,0.44444444000000005,2,5,0,2,12.0
0SP909Z,"Removal of Liner from Right Hip Joint, Open Approach",0.571428570612245,0.6666666655555555,0.6153846094674558,4,3,2,6,29.0
0SP90JZ,"Removal of Synthetic Substitute from Right Hip Joint, Open Approach",0.4999999996875,0.7999999992,0.6153846101775148,8,8,2,10,44.0
0SPB08Z,"Removal of Spacer from Left Hip Joint, Open Approach",0.0,0.0,0.0,0,0,3,3,11.0
0SPB09Z,"Removal of Liner from Left Hip Joint, Open Approach",0.49999999937499995,0.7999999984,0.615384609704142,4,4,1,5,24.0
0SPB0JZ,"Removal of Synthetic Substitute from Left Hip Joint, Open Approach",0.3846153843195266,0.7142857132653061,0.4999999949499999,5,8,2,7,37.0
0SPC08Z,"Removal of Spacer from Right Knee Joint, Open Approach",0.3999999996,0.9999999975,0.5714285665306122,4,6,0,4,18.0
0SPC09Z,"Removal of Liner from Right Knee Joint, Open Approach",0.4444444441975308,0.7272727266115702,0.551724132841855,8,10,3,11,48.0
0SPC0JZ,"Removal of Synthetic Substitute from Right Knee Joint, Open Approach",0.2857142855782313,0.8571428559183674,0.4285714245153062,6,15,1,7,27.0
0SPD08Z,"Removal of Spacer from Left Knee Joint, Open Approach",0.1999999996,0.3333333322222222,0.24999999468750006,1,4,2,3,17.0
0SPD09Z,"Removal of Liner from Left Knee Joint, Open Approach",0.6923076917751478,0.9999999988888888,0.8181818126033058,9,4,0,9,41.0
0SPD0JZ,"Removal of Synthetic Substitute from Left Knee Joint, Open Approach",0.7499999981250001,0.4285714279591837,0.5454545398347109,3,1,4,7,31.0
0SPF04Z,"Removal of Internal Fixation Device from Right Ankle Joint, Open Approach",0.0,0.0,0.0,0,0,2,2,9.0
0SPR0JZ,"Removal of Synthetic Substitute from Right Hip Joint, Femoral Surface, Open Approach",0.249999999375,0.16666666638888888,0.1999999948000001,1,3,5,6,27.0
0SPS0JZ,"Removal of Synthetic Substitute from Left Hip Joint, Femoral Surface, Open Approach",0.2857142853061225,0.3999999992,0.33333332791666676,2,5,3,5,19.0
0SPT0JZ,"Removal of Synthetic Substitute from Right Knee Joint, Femoral Surface, Open Approach",0.0,0.0,0.0,0,0,2,2,7.0
0SQC0ZZ,"Repair Right Knee Joint, Open Approach",0.0,0.0,0.0,0,0,1,1,8.0
0SQD0ZZ,"Repair Left Knee Joint, Open Approach",0.0,0.0,0.0,0,0,4,4,18.0
0SR902A,"Replacement of Right Hip Joint with Metal on Polyethylene Synthetic Substitute, Uncemented, Open Approach",0.0,0.0,0.0,0,0,3,3,18.0
0SR902Z,"Replacement of Right Hip Joint with Metal on Polyethylene Synthetic Substitute, Open Approach",0.0,0.0,0.0,0,0,4,4,7.0
0SR903A,"Replacement of Right Hip Joint with Ceramic Synthetic Substitute, Uncemented, Open Approach",0.0,0.0,0.0,0,0,2,2,10.0
0SR904A,"Replacement of Right Hip Joint with Ceramic on Polyethylene Synthetic Substitute, Uncemented, Open Approach",0.3260869564508507,0.8333333328703704,0.46874999581054694,15,31,3,18,87.0
0SR904Z,"Replacement of Right Hip Joint with Ceramic on Polyethylene Synthetic Substitute, Open Approach",0.0,0.0,0.0,0,0,10,10,45.0
0SR90J9,"Replacement of Right Hip Joint with Synthetic Substitute, Cemented, Open Approach",0.0,0.0,0.0,0,0,2,2,11.0
0SR90JA,"Replacement of Right Hip Joint with Synthetic Substitute, Uncemented, Open Approach",0.0,0.0,0.0,0,1,9,9,45.0
0SR90JZ,"Replacement of Right Hip Joint with Synthetic Substitute, Open Approach",0.4999999975,0.0999999999,0.16666666361111113,1,1,9,10,50.0
0SRB02A,"Replacement of Left Hip Joint with Metal on Polyethylene Synthetic Substitute, Uncemented, Open Approach",0.0,0.0,0.0,0,0,2,2,10.0
0SRB03A,"Replacement of Left Hip Joint with Ceramic Synthetic Substitute, Uncemented, Open Approach",0.0,0.0,0.0,0,0,2,2,12.0
0SRB04A,"Replacement of Left Hip Joint with Ceramic on Polyethylene Synthetic Substitute, Uncemented, Open Approach",0.1999999996,0.0624999999609375,0.09523809151927451,1,4,15,16,82.0
0SRB04Z,"Replacement of Left Hip Joint with Ceramic on Polyethylene Synthetic Substitute, Open Approach",0.0,0.0,0.0,0,0,9,9,38.0
0SRB0J9,"Replacement of Left Hip Joint with Synthetic Substitute, Cemented, Open Approach",0.0,0.0,0.0,0,1,2,2,11.0
0SRB0JA,"Replacement of Left Hip Joint with Synthetic Substitute, Uncemented, Open Approach",0.0,0.0,0.0,0,0,5,5,26.0
0SRB0JZ,"Replacement of Left Hip Joint with Synthetic Substitute, Open Approach",0.36363636347107436,0.4999999996875,0.42105262648199443,8,14,8,16,51.0
0SRC0J9,"Replacement of Right Knee Joint with Synthetic Substitute, Cemented, Open Approach",0.9186046510559762,0.963414634028852,0.9404761853670636,79,7,3,82,409.0
0SRC0JA,"Replacement of Right Knee Joint with Synthetic Substitute, Uncemented, Open Approach",0.0,0.0,0.0,0,0,3,3,16.0
0SRC0JZ,"Replacement of Right Knee Joint with Synthetic Substitute, Open Approach",0.0,0.0,0.0,0,0,1,1,8.0
0SRD0J9,"Replacement of Left Knee Joint with Synthetic Substitute, Cemented, Open Approach",0.862068965418153,0.9999999998666668,0.925925920839049,75,12,0,75,380.0
0SRD0JA,"Replacement of Left Knee Joint with Synthetic Substitute, Uncemented, Open Approach",0.0,0.0,0.0,0,0,2,2,12.0
0SRR03A,"Replacement of Right Hip Joint, Femoral Surface with Ceramic Synthetic Substitute, Uncemented, Open Approach",0.0,0.0,0.0,0,0,1,1,8.0
0SRR03Z,"Replacement of Right Hip Joint, Femoral Surface with Ceramic Synthetic Substitute, Open Approach",0.0,0.0,0.0,0,0,2,2,8.0
0SRR0J9,"Replacement of Right Hip Joint, Femoral Surface with Synthetic Substitute, Cemented, Open Approach",0.249999999375,0.0999999999,0.14285713857142868,1,3,9,10,51.0
0SRR0JA,"Replacement of Right Hip Joint, Femoral Surface with Synthetic Substitute, Uncemented, Open Approach",0.29999999969999996,0.49999999916666665,0.37499999484375,3,7,3,6,30.0
0SRR0JZ,"Replacement of Right Hip Joint, Femoral Surface with Synthetic Substitute, Open Approach",0.0,0.0,0.0,0,0,6,6,31.0
0SRS01A,"Replacement of Left Hip Joint, Femoral Surface with Metal Synthetic Substitute, Uncemented, Open Approach",0.0,0.0,0.0,0,0,2,2,7.0
0SRS0J9,"Replacement of Left Hip Joint, Femoral Surface with Synthetic Substitute, Cemented, Open Approach",0.33333333277777777,0.1999999998,0.24999999500000003,2,4,8,10,48.0
0SRS0JA,"Replacement of Left Hip Joint, Femoral Surface with Synthetic Substitute, Uncemented, Open Approach",0.29999999969999996,0.37499999953124996,0.3333333280246914,3,7,5,8,40.0
0SRS0JZ,"Replacement of Left Hip Joint, Femoral Surface with Synthetic Substitute, Open Approach",0.0,0.0,0.0,0,0,9,9,33.0
0SS9XZZ,"Reposition Right Hip Joint, External Approach",0.0,0.0,0.0,0,0,2,2,8.0
0SSCXZZ,"Reposition Right Knee Joint, External Approach",0.0,0.0,0.0,0,2,1,1,8.0
0SSF04Z,"Reposition Right Ankle Joint with Internal Fixation Device, Open Approach",0.1999999996,0.249999999375,0.2222222167901236,1,4,3,4,20.0
0SSG04Z,"Reposition Left Ankle Joint with Internal Fixation Device, Open Approach",0.0,0.0,0.0,0,0,2,2,12.0
0ST20ZZ,"Resection of Lumbar Vertebral Disc, Open Approach",0.0,0.0,0.0,0,1,15,15,71.0
0ST40ZZ,"Resection of Lumbosacral Disc, Open Approach",0.0,0.0,0.0,0,1,5,5,24.0
0SUA09Z,"Supplement Right Hip Joint, Acetabular Surface with Liner, Open Approach",0.4999999975,0.1999999996,0.28571428081632655,1,1,4,5,21.0
0SUE09Z,"Supplement Left Hip Joint, Acetabular Surface with Liner, Open Approach",0.4999999975,0.3333333322222222,0.39999999360000005,1,1,2,3,14.0
0SUV09Z,"Supplement Right Knee Joint, Tibial Surface with Liner, Open Approach",0.39999999973333333,0.7499999990624999,0.5217391254442344,6,9,2,8,38.0
0SUW09Z,"Supplement Left Knee Joint, Tibial Surface with Liner, Open Approach",0.46666666635555554,0.9999999985714286,0.636363631446281,7,8,0,7,34.0
0SWBXJZ,"Revision of Synthetic Substitute in Left Hip Joint, External Approach",0.4999999975,0.9999999900000002,0.6666666577777778,1,1,0,1,8.0
0T133JD,"Bypass Right Kidney Pelvis to Cutaneous with Synthetic Substitute, Percutaneous Approach",0.0,0.0,0.0,0,0,3,3,13.0
0T143JD,"Bypass Left Kidney Pelvis to Cutaneous with Synthetic Substitute, Percutaneous Approach",0.0,0.0,0.0,0,0,2,2,8.0
0T1807C,"Bypass Bilateral Ureters to Ileocutaneous with Autologous Tissue Substitute, Open Approach",0.3333333322222222,0.3333333322222222,0.33333332722222225,1,2,2,3,12.0
0T180ZC,"Bypass Bilateral Ureters to Ileocutaneous, Open Approach",0.0,0.0,0.0,0,0,2,2,11.0
0T1847C,"Bypass Bilateral Ureters to Ileocutaneous with Autologous Tissue Substitute, Percutaneous Endoscopic Approach",0.37499999953124996,0.9999999966666667,0.5454545404958677,3,5,0,3,16.0
0T184ZC,"Bypass Bilateral Ureters to Ileocutaneous, Percutaneous Endoscopic Approach",0.37499999953124996,0.7499999981250001,0.49999999472222234,3,5,1,4,22.0
0T25X0Z,"Change Drainage Device in Kidney, External Approach",0.7173913041918715,0.9705882350086505,0.8249999949062501,33,13,1,34,169.0
0T2BX0Z,"Change Drainage Device in Bladder, External Approach",0.4999999995833333,0.5454545449586776,0.5217391249905482,6,6,5,11,56.0
0T5B8ZZ,"Destruction of Bladder, Via Natural or Artificial Opening Endoscopic",0.49999999875,0.49999999875,0.4999999937500001,2,2,2,4,14.0
0T760DZ,"Dilation of Right Ureter with Intraluminal Device, Open Approach",0.0,0.0,0.0,0,0,3,3,15.0
0T763DZ,"Dilation of Right Ureter with Intraluminal Device, Percutaneous Approach",0.0,0.0,0.0,0,0,3,3,17.0
0T768DZ,"Dilation of Right Ureter with Intraluminal Device, Via Natural or Artificial Opening Endoscopic",0.4693877550062474,0.9583333329340278,0.6301369817151437,23,26,1,24,121.0
0T773DZ,"Dilation of Left Ureter with Intraluminal Device, Percutaneous Approach",0.0,0.0,0.0,0,0,3,3,15.0
0T778DZ,"Dilation of Left Ureter with Intraluminal Device, Via Natural or Artificial Opening Endoscopic",0.49999999975,0.49999999975,0.49999999475000007,10,10,10,20,94.0
0T780DZ,"Dilation of Bilateral Ureters with Intraluminal Device, Open Approach",0.0,0.0,0.0,0,1,2,2,9.0
0T784DZ,"Dilation of Bilateral Ureters with Intraluminal Device, Percutaneous Endoscopic Approach",0.0,0.0,0.0,0,0,3,3,11.0
0T788DZ,"Dilation of Bilateral Ureters with Intraluminal Device, Via Natural or Artificial Opening Endoscopic",0.3888888886728395,0.49999999964285713,0.4374999948046875,7,11,7,14,52.0
0T7D7ZZ,"Dilation of Urethra, Via Natural or Artificial Opening",0.0,0.0,0.0,0,0,2,2,11.0
0T7D8ZZ,"Dilation of Urethra, Via Natural or Artificial Opening Endoscopic",0.6666666655555555,0.9999999975,0.7999999936,4,2,0,4,17.0
0T9030Z,"Drainage of Right Kidney with Drainage Device, Percutaneous Approach",0.4318181817200413,0.8260869561625709,0.5671641744263756,19,25,4,23,116.0
0T9130Z,"Drainage of Left Kidney with Drainage Device, Percutaneous Approach",0.44736842093490303,0.7391304344612476,0.5573770442999194,17,21,6,23,114.0
0T9330Z,"Drainage of Right Kidney Pelvis with Drainage Device, Percutaneous Approach",0.0,0.0,0.0,0,2,10,10,43.0
0T9430Z,"Drainage of Left Kidney Pelvis with Drainage Device, Percutaneous Approach",0.347826086805293,0.4999999996875,0.4102564052071006,8,15,8,16,54.0
0T9B30Z,"Drainage of Bladder with Drainage Device, Percutaneous Approach",0.6666666644444444,0.3999999992,0.49999999406250006,2,1,3,5,22.0
0T9B70Z,"Drainage of Bladder with Drainage Device, Via Natural or Artificial Opening",0.0,0.0,0.0,0,0,6,6,28.0
0T9B80Z,"Drainage of Bladder with Drainage Device, Via Natural or Artificial Opening Endoscopic",0.0,0.0,0.0,0,0,7,7,29.0
0TB00ZZ,"Excision of Right Kidney, Open Approach",0.0,0.0,0.0,0,0,2,2,10.0
0TB03ZX,"Excision of Right Kidney, Percutaneous Approach, Diagnostic",0.32258064505723205,0.7142857137755102,0.4444444399604939,10,21,4,14,67.0
0TB04ZZ,"Excision of Right Kidney, Percutaneous Endoscopic Approach",0.8666666660888889,0.9285714279081632,0.8965517185255648,13,2,1,14,27.0
0TB10ZZ,"Excision of Left Kidney, Open Approach",0.9999999900000002,0.4999999975,0.6666666577777778,1,0,1,2,8.0
0TB13ZX,"Excision of Left Kidney, Percutaneous Approach, Diagnostic",0.6086956519092628,0.6363636360743802,0.6222222169481482,14,9,8,22,104.0
0TB14ZZ,"Excision of Left Kidney, Percutaneous Endoscopic Approach",0.772727272376033,0.894736841634349,0.8292682873051757,17,5,2,19,44.0
0TB60ZZ,"Excision of Right Ureter, Open Approach",0.0,0.0,0.0,0,0,2,2,11.0
0TB64ZZ,"Excision of Right Ureter, Percutaneous Endoscopic Approach",0.1999999996,0.3333333322222222,0.24999999468750006,1,4,2,3,16.0
0TB74ZZ,"Excision of Left Ureter, Percutaneous Endoscopic Approach",0.9999999900000002,0.4999999975,0.6666666577777778,1,0,1,2,9.0
0TBB0ZZ,"Excision of Bladder, Open Approach",0.0,0.0,0.0,0,1,3,3,16.0
0TBB4ZZ,"Excision of Bladder, Percutaneous Endoscopic Approach",0.24999999968749997,0.6666666644444444,0.36363635900826446,2,6,1,3,15.0
0TBB8ZX,"Excision of Bladder, Via Natural or Artificial Opening Endoscopic, Diagnostic",0.3999999992,0.6666666644444444,0.49999999406250006,2,3,1,3,17.0
0TBB8ZZ,"Excision of Bladder, Via Natural or Artificial Opening Endoscopic",0.6666666644444444,0.24999999968749997,0.36363635900826446,2,1,6,8,26.0
0TC08ZZ,"Extirpation of Matter from Right Kidney, Via Natural or Artificial Opening Endoscopic",0.0,0.0,0.0,0,0,2,2,9.0
0TC68ZZ,"Extirpation of Matter from Right Ureter, Via Natural or Artificial Opening Endoscopic",0.4999999975,0.249999999375,0.33333332777777785,1,1,3,4,19.0
0TC78ZZ,"Extirpation of Matter from Left Ureter, Via Natural or Artificial Opening Endoscopic",0.0,0.0,0.0,0,0,3,3,15.0
0TCB8ZZ,"Extirpation of Matter from Bladder, Via Natural or Artificial Opening Endoscopic",0.49999999875,0.2222222219753086,0.3076923029585799,2,2,7,9,44.0
0TJ98ZZ,"Inspection of Ureter, Via Natural or Artificial Opening Endoscopic",0.0,0.0,0.0,0,0,2,2,8.0
0TJB8ZZ,"Inspection of Bladder, Via Natural or Artificial Opening Endoscopic",0.4455445544113322,0.6428571427653061,0.526315784576451,45,56,25,70,310.0
0TN60ZZ,"Release Right Ureter, Open Approach",0.0,0.0,0.0,0,0,3,3,15.0
0TN70ZZ,"Release Left Ureter, Open Approach",0.0,0.0,0.0,0,0,3,3,16.0
0TNB0ZZ,"Release Bladder, Open Approach",0.0,0.0,0.0,0,0,5,5,12.0
0TP5X0Z,"Removal of Drainage Device from Kidney, External Approach",0.0,0.0,0.0,0,4,6,6,27.0
0TP93DZ,"Removal of Intraluminal Device from Ureter, Percutaneous Approach",0.0,0.0,0.0,0,0,2,2,11.0
0TP98DZ,"Removal of Intraluminal Device from Ureter, Via Natural or Artificial Opening Endoscopic",0.3529411762629758,0.4285714282653061,0.3870967689906348,6,11,8,14,60.0
0TQB0ZZ,"Repair Bladder, Open Approach",0.7499999990624999,0.8571428559183674,0.7999999939555555,6,2,1,7,33.0
0TSD0ZZ,"Reposition Urethra, Open Approach",0.0,0.0,0.0,0,2,3,3,11.0
0TSD4ZZ,"Reposition Urethra, Percutaneous Endoscopic Approach",0.0,0.0,0.0,0,1,2,2,11.0
0TT00ZZ,"Resection of Right Kidney, Open Approach",0.4444444439506172,0.7999999984,0.5714285660204083,4,5,1,5,19.0
0TT04ZZ,"Resection of Right Kidney, Percutaneous Endoscopic Approach",0.6923076917751478,0.9999999988888888,0.8181818126033058,9,4,0,9,44.0
0TT10ZZ,"Resection of Left Kidney, Open Approach",0.9999999900000002,0.3333333322222222,0.49999999375000004,1,0,2,3,15.0
0TT14ZZ,"Resection of Left Kidney, Percutaneous Endoscopic Approach",0.8333333326388889,0.9090909082644627,0.8695652116446124,10,2,1,11,55.0
0TT64ZZ,"Resection of Right Ureter, Percutaneous Endoscopic Approach",0.7499999981250001,0.9999999966666667,0.8571428497959185,3,1,0,3,10.0
0TT74ZZ,"Resection of Left Ureter, Percutaneous Endoscopic Approach",0.7499999981250001,0.9999999966666667,0.8571428497959185,3,1,0,3,18.0
0TTB0ZZ,"Resection of Bladder, Open Approach",0.6666666644444444,0.49999999875,0.5714285648979592,2,1,2,4,19.0
0TTB4ZZ,"Resection of Bladder, Percutaneous Endoscopic Approach",0.9090909082644627,0.9999999989999999,0.9523809464852607,10,1,0,10,44.0
0TY00Z0,"Transplantation of Right Kidney, Allogeneic, Open Approach",0.5517241377407848,0.7999999996,0.6530612193919201,16,13,4,20,99.0
0TY10Z0,"Transplantation of Left Kidney, Allogeneic, Open Approach",0.5999999993999999,0.4999999995833333,0.5454545399999999,6,4,6,12,63.0
0U7C7DZ,"Dilation of Cervix with Intraluminal Device, Via Natural or Artificial Opening",0.0,0.0,0.0,0,0,2,2,11.0
0U7C7ZZ,"Dilation of Cervix, Via Natural or Artificial Opening",0.16666666638888888,0.1999999996,0.1818181765289258,1,5,4,5,23.0
0UB10ZZ,"Excision of Left Ovary, Open Approach",0.9999999900000002,0.4999999975,0.6666666577777778,1,0,1,2,11.0
0UB70ZZ,"Excision of Bilateral Fallopian Tubes, Open Approach",0.49999999875,0.3999999992,0.4444444385185186,2,2,3,5,24.0
0UB90ZZ,"Excision of Uterus, Open Approach",0.74999999953125,0.8571428565306122,0.7999999944888889,12,4,2,14,68.0
0UBC7ZX,"Excision of Cervix, Via Natural or Artificial Opening, Diagnostic",0.9999999900000002,0.4999999975,0.6666666577777778,1,0,1,2,9.0
0UBF0ZZ,"Excision of Cul-de-sac, Open Approach",0.0,0.0,0.0,0,0,3,3,11.0
0UBG0ZZ,"Excision of Vagina, Open Approach",0.0,0.0,0.0,0,4,3,3,15.0
0UBG4ZZ,"Excision of Vagina, Percutaneous Endoscopic Approach",0.9999999900000002,0.9999999900000002,0.9999999850000002,1,0,0,1,8.0
0UC97ZZ,"Extirpation of Matter from Uterus, Via Natural or Artificial Opening",0.0,0.0,0.0,0,2,2,2,9.0
0UDB7ZX,"Extraction of Endometrium, Via Natural or Artificial Opening, Diagnostic",0.5555555549382716,0.6249999992187499,0.5882352884429066,5,4,3,8,31.0
0UDB7ZZ,"Extraction of Endometrium, Via Natural or Artificial Opening",0.0,0.0,0.0,0,0,2,2,8.0
0UH90HZ,"Insertion of Contraceptive Device into Uterus, Open Approach",0.4999999975,0.4999999975,0.4999999925000001,1,1,1,2,9.0
0UH97HZ,"Insertion of Contraceptive Device into Uterus, Via Natural or Artificial Opening",0.4444444439506172,0.49999999937499995,0.4705882297577854,4,5,4,8,22.0
0UJD4ZZ,"Inspection of Uterus and Cervix, Percutaneous Endoscopic Approach",0.0,0.0,0.0,0,1,5,5,23.0
0UN90ZZ,"Release Uterus, Open Approach",0.2857142853061225,0.3999999992,0.33333332791666676,2,5,3,5,26.0
0UPD7HZ,"Removal of Contraceptive Device from Uterus and Cervix, Via Natural or Artificial Opening",0.3333333322222222,0.1999999996,0.24999999468750006,1,2,4,5,12.0
0UQG7ZZ,"Repair Vagina, Via Natural or Artificial Opening",0.0,0.0,0.0,0,0,2,2,8.0
0UQMXZZ,"Repair Vulva, External Approach",0.0,0.0,0.0,0,0,4,4,18.0
0USG0ZZ,"Reposition Vagina, Open Approach",0.0,0.0,0.0,0,1,3,3,11.0
0USG4ZZ,"Reposition Vagina, Percutaneous Endoscopic Approach",0.0,0.0,0.0,0,2,3,3,16.0
0UT00ZZ,"Resection of Right Ovary, Open Approach",0.7999999984,0.9999999975,0.8888888819753088,4,1,0,4,22.0
0UT04ZZ,"Resection of Right Ovary, Percutaneous Endoscopic Approach",0.9999999966666667,0.9999999966666667,0.9999999916666666,3,0,0,3,11.0
0UT10ZZ,"Resection of Left Ovary, Open Approach",0.6249999992187499,0.9999999980000001,0.7692307633136094,5,3,0,5,26.0
0UT14ZZ,"Resection of Left Ovary, Percutaneous Endoscopic Approach",0.3333333322222222,0.9999999900000002,0.49999999375000004,1,2,0,1,8.0
0UT20ZZ,"Resection of Bilateral Ovaries, Open Approach",0.7608695650519849,0.9459459456902849,0.8433734888314706,35,11,2,37,183.0
0UT24ZZ,"Resection of Bilateral Ovaries, Percutaneous Endoscopic Approach",0.4117647057612457,0.777777777345679,0.5384615337278107,14,20,4,18,90.0
0UT2FZZ,"Resection of Bilateral Ovaries, Via Natural or Artificial Opening With Percutaneous Endoscopic Assistance",0.08333333326388888,0.1999999996,0.11764705453287211,1,11,4,5,26.0
0UT50ZZ,"Resection of Right Fallopian Tube, Open Approach",0.571428570612245,0.7999999984,0.6666666606944446,4,3,1,5,20.0
0UT54ZZ,"Resection of Right Fallopian Tube, Percutaneous Endoscopic Approach",0.0,0.0,0.0,0,0,2,2,9.0
0UT60ZZ,"Resection of Left Fallopian Tube, Open Approach",0.9999999980000001,0.9999999980000001,0.9999999930000001,5,0,0,5,22.0
0UT64ZZ,"Resection of Left Fallopian Tube, Percutaneous Endoscopic Approach",0.4999999975,0.4999999975,0.4999999925000001,1,1,1,2,9.0
0UT70ZZ,"Resection of Bilateral Fallopian Tubes, Open Approach",0.7758620688317479,0.89999999982,0.8333333282064473,45,13,5,50,247.0
0UT74ZZ,"Resection of Bilateral Fallopian Tubes, Percutaneous Endoscopic Approach",0.3673469387005414,0.7826086953119092,0.49999999551311736,18,31,5,23,114.0
0UT77ZZ,"Resection of Bilateral Fallopian Tubes, Via Natural or Artificial Opening",0.2857142853061225,0.999999995,0.44444444000000005,2,5,0,2,7.0
0UT7FZZ,"Resection of Bilateral Fallopian Tubes, Via Natural or Artificial Opening With Percutaneous Endoscopic Assistance",0.13636363630165288,0.49999999916666665,0.21428571076530614,3,19,3,6,29.0
0UT90ZL,"Resection of Uterus, Supracervical, Open Approach",0.14285714265306124,0.4999999975,0.22222221827160496,1,6,1,2,9.0
0UT90ZZ,"Resection of Uterus, Open Approach",0.8153846152591717,0.963636363461157,0.8833333282208333,53,12,2,55,243.0
0UT94ZZ,"Resection of Uterus, Percutaneous Endoscopic Approach",0.4255319148030783,0.79999999968,0.5555555508680556,20,27,5,25,102.0
0UT97ZZ,"Resection of Uterus, Via Natural or Artificial Opening",0.45454545413223135,0.9999999980000001,0.6249999949218751,5,6,0,5,20.0
0UT9FZZ,"Resection of Uterus, Via Natural or Artificial Opening With Percutaneous Endoscopic Assistance",0.06666666662222222,0.14285714265306124,0.09090908648760351,1,14,6,7,36.0
0UTC0ZZ,"Resection of Cervix, Open Approach",0.5185185184224965,0.9655172410463734,0.6746987904717665,28,26,1,29,138.0
0UTC4ZZ,"Resection of Cervix, Percutaneous Endoscopic Approach",0.352941176366782,0.6666666662962962,0.4615384568343196,12,22,6,18,57.0
0UTC7ZZ,"Resection of Cervix, Via Natural or Artificial Opening",0.1739130434026465,0.571428570612245,0.26666666291111113,4,19,3,7,36.0
0UUG4JZ,"Supplement Vagina with Synthetic Substitute, Percutaneous Endoscopic Approach",0.4999999975,0.3333333322222222,0.39999999360000005,1,1,2,3,13.0
0V508ZZ,"Destruction of Prostate, Via Natural or Artificial Opening Endoscopic",0.0,0.0,0.0,0,0,2,2,9.0
0V950ZZ,"Drainage of Scrotum, Open Approach",0.1999999996,0.4999999975,0.28571428081632655,1,4,1,2,8.0
0VB04ZZ,"Excision of Prostate, Percutaneous Endoscopic Approach",0.3333333322222222,0.4999999975,0.39999999360000005,1,2,1,2,9.0
0VB08ZZ,"Excision of Prostate, Via Natural or Artificial Opening Endoscopic",0.0,0.0,0.0,0,4,4,4,22.0
0VB50ZZ,"Excision of Scrotum, Open Approach",0.14285714265306124,0.4999999975,0.22222221827160496,1,6,1,2,11.0
0VBQ4ZZ,"Excision of Bilateral Vas Deferens, Percutaneous Endoscopic Approach",0.0,0.0,0.0,0,0,2,2,10.0
0VT00ZZ,"Resection of Prostate, Open Approach",0.49999999875,0.999999995,0.6666666600000001,2,2,0,2,11.0
0VT04ZZ,"Resection of Prostate, Percutaneous Endoscopic Approach",0.7999999998222223,0.9729729727100073,0.8780487753212374,36,9,1,37,154.0
0VT08ZZ,"Resection of Prostate, Via Natural or Artificial Opening Endoscopic",0.0,0.0,0.0,0,0,3,3,18.0
0VT34ZZ,"Resection of Bilateral Seminal Vesicles, Percutaneous Endoscopic Approach",0.34482758608799047,0.9090909082644627,0.4999999957625,10,19,1,11,57.0
0VUS0JZ,"Supplement Penis with Synthetic Substitute, Open Approach",0.0,0.0,0.0,0,1,2,2,10.0
0W2FX0Z,"Change Drainage Device in Abdominal Wall, External Approach",0.0,0.0,0.0,0,0,1,1,8.0
0W2GX0Z,"Change Drainage Device in Peritoneal Cavity, External Approach",0.37499999953124996,0.4285714279591837,0.3999999944888889,3,5,4,7,29.0
0W2JX0Z,"Change Drainage Device in Pelvic Cavity, External Approach",0.0,0.0,0.0,0,2,2,2,11.0
0W310ZZ,"Control Bleeding in Cranial Cavity, Open Approach",0.0,0.0,0.0,0,0,3,3,17.0
0W360ZZ,"Control Bleeding in Neck, Open Approach",0.0,0.0,0.0,0,0,3,3,17.0
0W380ZZ,"Control Bleeding in Chest Wall, Open Approach",0.3333333322222222,0.249999999375,0.28571428000000004,1,2,3,4,19.0
0W3C0ZZ,"Control Bleeding in Mediastinum, Open Approach",0.1999999996,0.0999999999,0.13333332871111125,1,4,9,10,33.0
0W3F0ZZ,"Control Bleeding in Abdominal Wall, Open Approach",0.0,0.0,0.0,0,0,2,2,11.0
0W3G0ZZ,"Control Bleeding in Peritoneal Cavity, Open Approach",0.0,0.0,0.0,0,3,7,7,33.0
0W3H0ZZ,"Control Bleeding in Retroperitoneum, Open Approach",0.0,0.0,0.0,0,0,4,4,18.0
0W3J0ZZ,"Control Bleeding in Pelvic Cavity, Open Approach",0.0,0.0,0.0,0,0,2,2,10.0
0W3P0ZZ,"Control Bleeding in Gastrointestinal Tract, Open Approach",0.0,0.0,0.0,0,0,6,6,21.0
0W3P7ZZ,"Control Bleeding in Gastrointestinal Tract, Via Natural or Artificial Opening",0.0,0.0,0.0,0,0,1,1,8.0
0W3P8ZZ,"Control Bleeding in Gastrointestinal Tract, Via Natural or Artificial Opening Endoscopic",0.49999999995098043,0.5862068964843441,0.5396825346569246,51,51,36,87,388.0
0W3Q8ZZ,"Control Bleeding in Respiratory Tract, Via Natural or Artificial Opening Endoscopic",0.0,0.0,0.0,0,0,3,3,16.0
0W3R0ZZ,"Control Bleeding in Genitourinary Tract, Open Approach",0.0,0.0,0.0,0,1,3,3,12.0
0W3R7ZZ,"Control Bleeding in Genitourinary Tract, Via Natural or Artificial Opening",0.49999999937499995,0.49999999937499995,0.49999999437500003,4,4,4,8,37.0
0W930ZZ,"Drainage of Oral Cavity and Throat, Open Approach",0.0,0.0,0.0,0,0,2,2,11.0
0W9500Z,"Drainage of Lower Jaw with Drainage Device, Open Approach",0.0,0.0,0.0,0,1,2,2,9.0
0W950ZZ,"Drainage of Lower Jaw, Open Approach",0.0,0.0,0.0,0,0,2,2,9.0
0W960ZZ,"Drainage of Neck, Open Approach",0.3333333322222222,0.4999999975,0.39999999360000005,1,2,1,2,9.0
0W983ZX,"Drainage of Chest Wall, Percutaneous Approach, Diagnostic",0.0,0.0,0.0,0,0,1,1,8.0
0W9900Z,"Drainage of Right Pleural Cavity with Drainage Device, Open Approach",0.0,0.0,0.0,0,0,5,5,26.0
0W9930Z,"Drainage of Right Pleural Cavity with Drainage Device, Percutaneous Approach",0.6912442395994818,0.7936507936088015,0.7389162511450169,150,67,39,189,800.0
0W993ZX,"Drainage of Right Pleural Cavity, Percutaneous Approach, Diagnostic",0.0,0.0,0.0,0,1,36,36,140.0
0W993ZZ,"Drainage of Right Pleural Cavity, Percutaneous Approach",0.545454545392562,0.7619047617838246,0.6357615844568222,48,40,15,63,247.0
0W9940Z,"Drainage of Right Pleural Cavity with Drainage Device, Percutaneous Endoscopic Approach",0.45454545413223135,0.7142857132653061,0.5555555501851852,5,6,2,7,35.0
0W9B00Z,"Drainage of Left Pleural Cavity with Drainage Device, Open Approach",0.0,0.0,0.0,0,0,5,5,20.0
0W9B30Z,"Drainage of Left Pleural Cavity with Drainage Device, Percutaneous Approach",0.7414965985890138,0.7841726618140883,0.7622377571883711,109,38,30,139,581.0
0W9B3ZX,"Drainage of Left Pleural Cavity, Percutaneous Approach, Diagnostic",0.4999999995833333,0.26086956510396975,0.34285713815510205,6,6,17,23,116.0
0W9B3ZZ,"Drainage of Left Pleural Cavity, Percutaneous Approach",0.4999999997222222,0.2647058822750865,0.3461538414940829,9,9,25,34,168.0
0W9B40Z,"Drainage of Left Pleural Cavity with Drainage Device, Percutaneous Endoscopic Approach",0.3333333330555555,0.571428570612245,0.42105262648199443,4,8,3,7,35.0
0W9D00Z,"Drainage of Pericardial Cavity with Drainage Device, Open Approach",0.2857142853061225,0.49999999875,0.36363635834710756,2,5,2,4,22.0
0W9D0ZZ,"Drainage of Pericardial Cavity, Open Approach",0.0,0.0,0.0,0,0,3,3,17.0
0W9D30Z,"Drainage of Pericardial Cavity with Drainage Device, Percutaneous Approach",0.8043478259120983,0.9487179484746877,0.8705882301231834,37,9,2,39,192.0
0W9D3ZX,"Drainage of Pericardial Cavity, Percutaneous Approach, Diagnostic",0.0,0.0,0.0,0,0,2,2,8.0
0W9D3ZZ,"Drainage of Pericardial Cavity, Percutaneous Approach",0.3333333322222222,0.249999999375,0.28571428000000004,1,2,3,4,19.0
0W9D40Z,"Drainage of Pericardial Cavity with Drainage Device, Percutaneous Endoscopic Approach",0.3999999992,0.999999995,0.5714285657142857,2,3,0,2,8.0
0W9D4ZZ,"Drainage of Pericardial Cavity, Percutaneous Endoscopic Approach",0.0,0.0,0.0,0,6,2,2,7.0
0W9F00Z,"Drainage of Abdominal Wall with Drainage Device, Open Approach",0.0,0.0,0.0,0,0,2,2,9.0
0W9F0ZZ,"Drainage of Abdominal Wall, Open Approach",0.1999999996,0.249999999375,0.2222222167901236,1,4,3,4,19.0
0W9F30Z,"Drainage of Abdominal Wall with Drainage Device, Percutaneous Approach",0.4117647056401384,0.5384615380473372,0.46666666144444446,7,10,6,13,61.0
0W9F3ZX,"Drainage of Abdominal Wall, Percutaneous Approach, Diagnostic",0.0,0.0,0.0,0,0,4,4,20.0
0W9F3ZZ,"Drainage of Abdominal Wall, Percutaneous Approach",0.0,0.0,0.0,0,5,6,6,32.0
0W9G00Z,"Drainage of Peritoneal Cavity with Drainage Device, Open Approach",0.999999995,0.2857142853061225,0.44444444000000005,2,0,5,7,30.0
0W9G0ZX,"Drainage of Peritoneal Cavity, Open Approach, Diagnostic",0.0,0.0,0.0,0,0,3,3,14.0
0W9G0ZZ,"Drainage of Peritoneal Cavity, Open Approach",0.9999999900000002,0.049999999975,0.09523809424036282,1,0,19,20,57.0
0W9G30Z,"Drainage of Peritoneal Cavity with Drainage Device, Percutaneous Approach",0.49193548383129554,0.7721518986364365,0.6009852168613653,61,63,18,79,398.0
0W9G3ZX,"Drainage of Peritoneal Cavity, Percutaneous Approach, Diagnostic",0.6244897958928779,0.6923076922763661,0.6566523555001014,153,92,68,221,968.0
0W9G3ZZ,"Drainage of Peritoneal Cavity, Percutaneous Approach",0.7424749163631279,0.863813229538373,0.7985611460789427,222,77,35,257,1278.0
0W9G40Z,"Drainage of Peritoneal Cavity with Drainage Device, Percutaneous Endoscopic Approach",0.0,0.0,0.0,0,0,2,2,9.0
0W9G4ZX,"Drainage of Peritoneal Cavity, Percutaneous Endoscopic Approach, Diagnostic",0.0,0.0,0.0,0,1,1,1,8.0
0W9G4ZZ,"Drainage of Peritoneal Cavity, Percutaneous Endoscopic Approach",0.0,0.0,0.0,0,0,2,2,10.0
0W9H0ZZ,"Drainage of Retroperitoneum, Open Approach",0.3333333322222222,0.4999999975,0.39999999360000005,1,2,1,2,10.0
0W9H30Z,"Drainage of Retroperitoneum with Drainage Device, Percutaneous Approach",0.7999999984,0.571428570612245,0.6666666606944446,4,1,3,7,32.0
0W9J00Z,"Drainage of Pelvic Cavity with Drainage Device, Open Approach",0.0,0.0,0.0,0,0,1,1,8.0
0W9J0ZZ,"Drainage of Pelvic Cavity, Open Approach",0.0,0.0,0.0,0,0,2,2,12.0
0W9J30Z,"Drainage of Pelvic Cavity with Drainage Device, Percutaneous Approach",0.4634146340333135,0.5757575755831037,0.5135135084331629,19,22,14,33,157.0
0W9J3ZX,"Drainage of Pelvic Cavity, Percutaneous Approach, Diagnostic",0.0,0.0,0.0,0,1,4,4,21.0
0W9J3ZZ,"Drainage of Pelvic Cavity, Percutaneous Approach",0.4999999975,0.1999999996,0.28571428081632655,1,1,4,5,22.0
0WB30ZZ,"Excision of Oral Cavity and Throat, Open Approach",0.9999999900000002,0.4999999975,0.6666666577777778,1,0,1,2,9.0
0WB80ZZ,"Excision of Chest Wall, Open Approach",0.0,0.0,0.0,0,0,2,2,9.0
0WBC3ZX,"Excision of Mediastinum, Percutaneous Approach, Diagnostic",0.4285714279591837,0.5999999988,0.4999999943055557,3,4,2,5,9.0
0WBC4ZX,"Excision of Mediastinum, Percutaneous Endoscopic Approach, Diagnostic",0.23076923059171597,0.49999999916666665,0.31578946903047095,3,10,3,6,17.0
0WBF0ZZ,"Excision of Abdominal Wall, Open Approach",0.49999999964285713,0.5833333328472222,0.5384615330769231,7,7,5,12,57.0
0WBH0ZZ,"Excision of Retroperitoneum, Open Approach",0.9999999966666667,0.49999999916666665,0.6666666607407408,3,0,3,6,26.0
0WBH3ZX,"Excision of Retroperitoneum, Percutaneous Approach, Diagnostic",0.3333333322222222,0.16666666638888888,0.2222222172839507,1,2,5,6,25.0
0WC94ZZ,"Extirpation of Matter from Right Pleural Cavity, Percutaneous Endoscopic Approach",0.0,0.0,0.0,0,0,2,2,9.0
0WCC0ZZ,"Extirpation of Matter from Mediastinum, Open Approach",0.0,0.0,0.0,0,0,5,5,21.0
0WCG0ZZ,"Extirpation of Matter from Peritoneal Cavity, Open Approach",0.0,0.0,0.0,0,3,6,6,30.0
0WCG4ZZ,"Extirpation of Matter from Peritoneal Cavity, Percutaneous Endoscopic Approach",0.0,0.0,0.0,0,0,2,2,11.0
0WCQ8ZZ,"Extirpation of Matter from Respiratory Tract, Via Natural or Artificial Opening Endoscopic",0.0,0.0,0.0,0,0,4,4,19.0
0WHG43Z,"Insertion of Infusion Device into Peritoneal Cavity, Percutaneous Endoscopic Approach",0.3333333322222222,0.3333333322222222,0.33333332722222225,1,2,2,3,12.0
0WJC0ZZ,"Inspection of Mediastinum, Open Approach",0.0,0.0,0.0,0,0,3,3,15.0
0WJG0ZZ,"Inspection of Peritoneal Cavity, Open Approach",0.3846153843195266,0.29411764688581316,0.33333332820000006,5,8,12,17,80.0
0WJG3ZZ,"Inspection of Peritoneal Cavity, Percutaneous Approach",0.0,0.0,0.0,0,0,3,3,14.0
0WJG4ZZ,"Inspection of Peritoneal Cavity, Percutaneous Endoscopic Approach",0.49999999989130434,0.5897435895923734,0.5411764654948097,23,23,16,39,197.0
0WJH0ZZ,"Inspection of Retroperitoneum, Open Approach",0.0,0.0,0.0,0,0,4,4,20.0
0WJH4ZZ,"Inspection of Retroperitoneum, Percutaneous Endoscopic Approach",0.0,0.0,0.0,0,0,1,1,8.0
0WJJ0ZZ,"Inspection of Pelvic Cavity, Open Approach",0.0,0.0,0.0,0,0,3,3,13.0
0WJJ4ZZ,"Inspection of Pelvic Cavity, Percutaneous Endoscopic Approach",0.0,0.0,0.0,0,1,6,6,31.0
0WJP0ZZ,"Inspection of Gastrointestinal Tract, Open Approach",0.4999999975,0.08333333326388888,0.14285714020408163,1,1,11,12,61.0
0WJP4ZZ,"Inspection of Gastrointestinal Tract, Percutaneous Endoscopic Approach",0.3999999992,0.1111111110493827,0.17391303992438567,2,3,16,18,38.0
0WPF0JZ,"Removal of Synthetic Substitute from Abdominal Wall, Open Approach",0.49999999949999996,0.3124999998046875,0.38461537958579883,5,5,11,16,64.0
0WPG03Z,"Removal of Infusion Device from Peritoneal Cavity, Open Approach",0.5454545449586776,0.9999999983333333,0.7058823475432526,6,5,0,6,30.0
0WQ0XZZ,"Repair Head, External Approach",0.0,0.0,0.0,0,0,1,1,8.0
0WQ6XZ2,"Repair Neck, Stoma, External Approach",0.0,0.0,0.0,0,0,2,2,9.0
0WQ80ZZ,"Repair Chest Wall, Open Approach",0.0,0.0,0.0,0,0,2,2,11.0
0WQF0ZZ,"Repair Abdominal Wall, Open Approach",0.5510204080508122,0.4153846153207101,0.4736842055417052,27,22,38,65,292.0
0WQF4ZZ,"Repair Abdominal Wall, Percutaneous Endoscopic Approach",0.0,0.0,0.0,0,3,10,10,49.0
0WQFXZ2,"Repair Abdominal Wall, Stoma, External Approach",0.0,0.0,0.0,0,0,8,8,37.0
0WQFXZZ,"Repair Abdominal Wall, External Approach",0.0,0.0,0.0,0,1,5,5,26.0
0WUF07Z,"Supplement Abdominal Wall with Autologous Tissue Substitute, Open Approach",0.0,0.0,0.0,0,0,2,2,12.0
0WUF0JZ,"Supplement Abdominal Wall with Synthetic Substitute, Open Approach",0.6285714285115647,0.8461538460453649,0.7213114704398461,66,39,12,78,347.0
0WUF4JZ,"Supplement Abdominal Wall with Synthetic Substitute, Percutaneous Endoscopic Approach",0.249999999375,0.14285714265306124,0.1818181768595043,1,3,6,7,37.0
0Y6C0Z1,"Detachment at Right Upper Leg, High, Open Approach",0.0,0.0,0.0,0,2,1,1,8.0
0Y6C0Z3,"Detachment at Right Upper Leg, Low, Open Approach",0.37499999953124996,0.7499999981250001,0.49999999472222234,3,5,1,4,20.0
0Y6D0Z2,"Detachment at Left Upper Leg, Mid, Open Approach",0.0,0.0,0.0,0,1,2,2,8.0
0Y6D0Z3,"Detachment at Left Upper Leg, Low, Open Approach",0.0,0.0,0.0,0,1,3,3,15.0
0Y6F0ZZ,"Detachment at Right Knee Region, Open Approach",0.0,0.0,0.0,0,2,2,2,10.0
0Y6G0ZZ,"Detachment at Left Knee Region, Open Approach",0.49999999875,0.6666666644444444,0.5714285648979592,2,2,1,3,13.0
0Y6H0Z1,"Detachment at Right Lower Leg, High, Open Approach",0.26666666648888887,0.6666666655555555,0.3809523765079365,4,11,2,6,26.0
0Y6H0Z2,"Detachment at Right Lower Leg, Mid, Open Approach",0.24999999968749997,0.3999999992,0.3076923024852071,2,6,3,5,25.0
0Y6H0Z3,"Detachment at Right Lower Leg, Low, Open Approach",0.49999999875,0.33333333277777777,0.3999999944,2,2,4,6,26.0
0Y6J0Z1,"Detachment at Left Lower Leg, High, Open Approach",0.23076923059171597,0.7499999981250001,0.35294117245674744,3,10,1,4,21.0
0Y6J0Z2,"Detachment at Left Lower Leg, Mid, Open Approach",0.3333333331111111,0.8333333319444445,0.4761904716553288,5,10,1,6,33.0
0Y6J0Z3,"Detachment at Left Lower Leg, Low, Open Approach",0.0,0.0,0.0,0,1,4,4,18.0
0Y6M0Z9,"Detachment at Right Foot, Partial 1st Ray, Open Approach",0.8181818174380164,0.6923076917751478,0.7499999944097222,9,2,4,13,51.0
0Y6M0ZB,"Detachment at Right Foot, Partial 2nd Ray, Open Approach",0.9999999985714286,0.5833333328472222,0.7368420998337951,7,0,5,12,34.0
0Y6M0ZC,"Detachment at Right Foot, Partial 3rd Ray, Open Approach",0.9999999988888888,0.6923076917751478,0.8181818126033058,9,0,4,13,34.0
0Y6M0ZD,"Detachment at Right Foot, Partial 4th Ray, Open Approach",0.9999999988888888,0.749999999375,0.8571428514285714,9,0,3,12,34.0
0Y6M0ZF,"Detachment at Right Foot, Partial 5th Ray, Open Approach",0.9999999988888888,0.749999999375,0.8571428514285714,9,0,3,12,40.0
0Y6N0Z9,"Detachment at Left Foot, Partial 1st Ray, Open Approach",0.8749999989062499,0.6363636357851239,0.7368420996121884,7,1,4,11,44.0
0Y6N0ZB,"Detachment at Left Foot, Partial 2nd Ray, Open Approach",0.666666666111111,0.9999999987499999,0.7999999944,8,4,0,8,41.0
0Y6N0ZC,"Detachment at Left Foot, Partial 3rd Ray, Open Approach",0.8333333326388889,0.9090909082644627,0.8695652116446124,10,2,1,11,43.0
0Y6N0ZD,"Detachment at Left Foot, Partial 4th Ray, Open Approach",0.7272727266115702,0.8888888879012344,0.7999999942499999,8,3,1,9,43.0
0Y6N0ZF,"Detachment at Left Foot, Partial 5th Ray, Open Approach",0.5833333328472222,0.7777777769135802,0.6666666611337869,7,5,2,9,42.0
0Y6P0Z0,"Detachment at Right 1st Toe, Complete, Open Approach",0.6666666655555555,0.7999999984,0.7272727209917357,4,2,1,5,23.0
0Y6P0Z1,"Detachment at Right 1st Toe, High, Open Approach",0.2857142853061225,0.33333333277777777,0.3076923022485208,2,5,4,6,27.0
0Y6P0Z3,"Detachment at Right 1st Toe, Low, Open Approach",0.6666666644444444,0.999999995,0.799999992,2,1,0,2,12.0
0Y6Q0Z0,"Detachment at Left 1st Toe, Complete, Open Approach",0.14285714265306124,0.1999999996,0.16666666152777793,1,6,4,5,25.0
0Y6Q0Z1,"Detachment at Left 1st Toe, High, Open Approach",0.3333333322222222,0.3333333322222222,0.33333332722222225,1,2,2,3,17.0
0Y6Q0Z3,"Detachment at Left 1st Toe, Low, Open Approach",0.0,0.0,0.0,0,1,2,2,9.0
0Y6R0Z0,"Detachment at Right 2nd Toe, Complete, Open Approach",0.9999999900000002,0.3333333322222222,0.49999999375000004,1,0,2,3,16.0
0Y6R0Z1,"Detachment at Right 2nd Toe, High, Open Approach",0.0,0.0,0.0,0,0,2,2,12.0
0Y6S0Z0,"Detachment at Left 2nd Toe, Complete, Open Approach",0.24999999968749997,0.49999999875,0.33333332833333335,2,6,2,4,23.0
0Y6S0Z1,"Detachment at Left 2nd Toe, High, Open Approach",0.0,0.0,0.0,0,0,2,2,11.0
0Y6T0Z0,"Detachment at Right 3rd Toe, Complete, Open Approach",0.0,0.0,0.0,0,0,3,3,15.0
0Y6T0Z1,"Detachment at Right 3rd Toe, High, Open Approach",0.0,0.0,0.0,0,0,2,2,8.0
0Y6U0Z0,"Detachment at Left 3rd Toe, Complete, Open Approach",0.0,0.0,0.0,0,3,4,4,18.0
0Y6U0Z1,"Detachment at Left 3rd Toe, High, Open Approach",0.0,0.0,0.0,0,0,3,3,12.0
0Y6V0Z0,"Detachment at Right 4th Toe, Complete, Open Approach",0.0,0.0,0.0,0,0,4,4,19.0
0Y6W0Z0,"Detachment at Left 4th Toe, Complete, Open Approach",0.4999999975,0.3333333322222222,0.39999999360000005,1,1,2,3,12.0
0Y6X0Z0,"Detachment at Right 5th Toe, Complete, Open Approach",0.0,0.0,0.0,0,0,5,5,21.0
0Y6X0Z1,"Detachment at Right 5th Toe, High, Open Approach",0.0,0.0,0.0,0,0,1,1,7.0
0Y6Y0Z0,"Detachment at Left 5th Toe, Complete, Open Approach",0.0,0.0,0.0,0,2,4,4,19.0
0Y6Y0Z1,"Detachment at Left 5th Toe, High, Open Approach",0.0,0.0,0.0,0,0,1,1,7.0
0Y9M0ZZ,"Drainage of Right Foot, Open Approach",0.0,0.0,0.0,0,0,2,2,9.0
0Y9N0ZZ,"Drainage of Left Foot, Open Approach",0.0,0.0,0.0,0,0,1,1,8.0
0YU50JZ,"Supplement Right Inguinal Region with Synthetic Substitute, Open Approach",0.7999999984,0.7999999984,0.7999999934,4,1,1,5,24.0
0YU60JZ,"Supplement Left Inguinal Region with Synthetic Substitute, Open Approach",0.37499999953124996,0.9999999966666667,0.5454545404958677,3,5,0,3,16.0
10907ZC,"Drainage of Amniotic Fluid, Therapeutic from Products of Conception, Via Natural or Artificial Opening",0.4242424241138659,0.5384615382544379,0.4745762660959495,14,19,12,26,107.0
10D00Z0,"Extraction of Products of Conception, High, Open Approach",0.5999999988,0.37499999953124996,0.46153845609467453,3,2,5,8,24.0
10D00Z1,"Extraction of Products of Conception, Low, Open Approach",0.7846153844946746,0.9272727271041322,0.8499999948930558,51,14,4,55,219.0
10D07Z6,"Extraction of Products of Conception, Vacuum, Via Natural or Artificial Opening",0.0,0.0,0.0,0,0,2,2,11.0
10D17Z9,"Manual Extraction of Products of Conception, Retained, Via Natural or Artificial Opening",0.14285714265306124,0.3333333322222222,0.1999999954000001,1,6,2,3,17.0
10D17ZZ,"Extraction of Products of Conception, Retained, Via Natural or Artificial Opening",0.47619047596371883,0.7692307686390532,0.5882352890484429,10,11,3,13,63.0
10E0XZZ,"Delivery of Products of Conception, External Approach",0.7142857141581632,0.9090909088842976,0.7999999949120001,40,16,4,44,209.0
10H073Z,"Insertion of Monitoring Electrode into Products of Conception, Via Natural or Artificial Opening",0.0,0.0,0.0,0,0,2,2,7.0
10H07YZ,"Insertion of Other Device into Products of Conception, Via Natural or Artificial Opening",0.0,0.0,0.0,0,0,6,6,22.0
2W03X6Z,Change Pressure Dressing on Abdominal Wall,0.4999999975,0.249999999375,0.33333332777777785,1,1,3,4,21.0
2W13X6Z,Compression of Abdominal Wall using Pressure Dressing,0.0,0.0,0.0,0,0,3,3,11.0
2W30XYZ,Immobilization of Head using Other Device,0.1764705881314879,0.11111111106995884,0.13636363155991751,3,14,24,27,128.0
2W31X9Z,Immobilization of Face using Wire,0.0,0.0,0.0,0,0,4,4,19.0
2Y41X5Z,Packing of Nasal Region using Packing Material,0.4117647056401384,0.49999999964285713,0.45161289798126947,7,10,7,14,68.0
30233N1,"Transfusion of Nonautologous Red Blood Cells into Peripheral Vein, Percutaneous Approach",0.0,0.0,0.0,0,0,15,15,74.0
30233R1,"Transfusion of Nonautologous Platelets into Peripheral Vein, Percutaneous Approach",0.0,0.0,0.0,0,0,1,1,8.0
30233S1,"Transfusion of Nonautologous Globulin into Peripheral Vein, Percutaneous Approach",0.35632183903950326,0.5254237287245045,0.4246575293723025,31,56,28,59,258.0
30233Y0,"Transfusion of Autologous Hematopoietic Stem Cells into Peripheral Vein, Percutaneous Approach",0.0,0.0,0.0,0,0,3,3,12.0
30243N1,"Transfusion of Nonautologous Red Blood Cells into Central Vein, Percutaneous Approach",0.0,0.0,0.0,0,0,2,2,8.0
30243S1,"Transfusion of Nonautologous Globulin into Central Vein, Percutaneous Approach",0.0,0.0,0.0,0,4,16,16,56.0
30243Y0,"Transfusion of Autologous Hematopoietic Stem Cells into Central Vein, Percutaneous Approach",0.8333333328703704,0.9999999993333333,0.9090909035812672,15,3,0,15,50.0
30243Y1,"Transfusion of Nonautologous Hematopoietic Stem Cells into Central Vein, Percutaneous Approach",0.14285714265306124,0.4999999975,0.22222221827160496,1,6,1,2,9.0
30243Y2,"Transfusion of Allogeneic Related Hematopoietic Stem Cells into Central Vein, Percutaneous Approach",0.16666666652777776,0.6666666644444444,0.2666666631111111,2,10,1,3,16.0
30243Y3,"Transfusion of Allogeneic Unrelated Hematopoietic Stem Cells into Central Vein, Percutaneous Approach",0.49999999964285713,0.7777777769135802,0.6086956468809074,7,7,2,9,26.0
30283B1,"Transfusion of Nonautologous 4-Factor Prothrombin Complex Concentrate into Vein, Percutaneous Approach",0.45161290315296565,0.5185185184224965,0.48275861563020217,28,34,26,54,265.0
3C1ZX8Z,"Irrigation of Indwelling Device using Irrigating Substance, External Approach",0.0,0.0,0.0,0,0,4,4,19.0
3E01305,"Introduction of Other Antineoplastic into Subcutaneous Tissue, Percutaneous Approach",0.0,0.0,0.0,0,2,4,4,22.0
3E023BZ,"Introduction of Anesthetic Agent into Muscle, Percutaneous Approach",0.249999999375,0.4999999975,0.33333332777777785,1,3,1,2,10.0
3E03305,"Introduction of Other Antineoplastic into Peripheral Vein, Percutaneous Approach",0.28124999991210936,0.07258064515543705,0.1153846121088101,9,23,115,124,558.0
3E0330M,"Introduction of Monoclonal Antibody into Peripheral Vein, Percutaneous Approach",0.0,0.0,0.0,0,0,6,6,19.0
3E03317,"Introduction of Other Thrombolytic into Peripheral Vein, Percutaneous Approach",0.34210526306786704,0.34210526306786704,0.34210525806786707,13,25,25,38,186.0
3E03328,"Introduction of Oxazolidinones into Peripheral Vein, Percutaneous Approach",0.0,0.0,0.0,0,0,2,2,11.0
3E0334Z,"Introduction of Serum, Toxoid and Vaccine into Peripheral Vein, Percutaneous Approach",0.0,0.0,0.0,0,0,3,3,11.0
3E0336Z,"Introduction of Nutritional Substance into Peripheral Vein, Percutaneous Approach",0.0,0.0,0.0,0,0,32,32,150.0
3E033GC,"Introduction of Other Therapeutic Substance into Peripheral Vein, Percutaneous Approach",0.0,0.0,0.0,0,0,2,2,9.0
3E033PZ,"Introduction of Platelet Inhibitor into Peripheral Vein, Percutaneous Approach",0.0,0.0,0.0,0,0,12,12,56.0
3E033TZ,"Introduction of Destructive Agent into Peripheral Vein, Percutaneous Approach",0.0,0.0,0.0,0,2,3,3,13.0
3E033VJ,"Introduction of Other Hormone into Peripheral Vein, Percutaneous Approach",0.3214285713137755,0.4736842102770083,0.38297871842462655,9,19,10,19,80.0
3E033WK,"Introduction of Immunostimulator into Peripheral Vein, Percutaneous",0.0,0.0,0.0,0,0,2,2,11.0
3E033WL,"Introduction of Immunosuppressive into Peripheral Vein, Percutaneous",0.0,0.0,0.0,0,0,2,2,10.0
3E033XZ,"Introduction of Vasopressor into Peripheral Vein, Percutaneous Approach",0.0,0.0,0.0,0,0,12,12,63.0
3E04302,"Introduction of High-dose Interleukin-2 into Central Vein, Percutaneous Approach",0.7999999984,0.9999999975,0.8888888819753088,4,1,0,4,24.0
3E04305,"Introduction of Other Antineoplastic into Central Vein, Percutaneous Approach",0.6578947368297388,0.9090909090672963,0.7633587737377941,350,182,35,385,1631.0
3E0430M,"Introduction of Monoclonal Antibody into Central Vein, Percutaneous Approach",0.0,0.0,0.0,0,0,7,7,33.0
3E04317,"Introduction of Other Thrombolytic into Central Vein, Percutaneous Approach",0.4285714279591837,0.149999999925,0.22222221821673527,3,4,17,20,89.0
3E04328,"Introduction of Oxazolidinones into Central Vein, Percutaneous Approach",0.0,0.0,0.0,0,0,2,2,10.0
3E04329,"Introduction of Other Anti-infective into Central Vein, Percutaneous Approach",0.0,0.0,0.0,0,0,3,3,13.0
3E0436Z,"Introduction of Nutritional Substance into Central Vein, Percutaneous Approach",0.7435897435579663,0.8405797101043198,0.7891156412414579,174,60,33,207,799.0
3E043XZ,"Introduction of Vasopressor into Central Vein, Percutaneous Approach",0.0,0.0,0.0,0,0,3,3,17.0
3E05305,"Introduction of Other Antineoplastic into Peripheral Artery, Percutaneous Approach",0.37499999953124996,0.37499999953124996,0.37499999453125,3,5,5,8,36.0
3E05317,"Introduction of Other Thrombolytic into Peripheral Artery, Percutaneous Approach",0.5714285710204081,0.36363636347107436,0.4444444394444444,8,6,14,22,108.0
3E053GC,"Introduction of Other Therapeutic Substance into Peripheral Artery, Percutaneous Approach",0.3999999992,0.2222222219753086,0.2857142807142858,2,3,7,9,42.0
3E06305,"Introduction of Other Antineoplastic into Central Artery, Percutaneous Approach",0.0,0.0,0.0,0,0,3,3,14.0
3E06317,"Introduction of Other Thrombolytic into Central Artery, Percutaneous Approach",0.7142857132653061,0.7142857132653061,0.7142857082653062,5,2,2,7,34.0
3E0D705,"Introduction of Other Antineoplastic into Mouth and Pharynx, Via Natural or Artificial Opening",0.0,0.0,0.0,0,2,2,2,12.0
3E0F83Z,"Introduction of Anti-inflammatory into Respiratory Tract, Via Natural or Artificial Opening Endoscopic",0.0,0.0,0.0,0,1,2,2,10.0
3E0F8GC,"Introduction of Other Therapeutic Substance into Respiratory Tract, Via Natural or Artificial Opening Endoscopic",0.0,0.0,0.0,0,0,3,3,12.0
3E0G36Z,"Introduction of Nutritional Substance into Upper GI, Percutaneous Approach",0.0,0.0,0.0,0,0,3,3,14.0
3E0G76Z,"Introduction of Nutritional Substance into Upper GI, Via Natural or Artificial Opening",0.647321428564204,0.7621550591227049,0.7000603450549142,580,316,181,761,3523.0
3E0G8GC,"Introduction of Other Therapeutic Substance into Upper GI, Via Natural or Artificial Opening Endoscopic",0.6896551721759809,0.5405405403944485,0.6060606009504134,20,9,17,37,158.0
3E0H76Z,"Introduction of Nutritional Substance into Lower GI, Via Natural or Artificial Opening",0.4999999999642857,0.6422018348034677,0.5622489910162739,70,70,39,109,479.0
3E0H8GC,"Introduction of Other Therapeutic Substance into Lower GI, Via Natural or Artificial Opening Endoscopic",0.0,0.0,0.0,0,0,4,4,21.0
3E0L3GC,"Introduction of Other Therapeutic Substance into Pleural Cavity, Percutaneous Approach",0.4102564101512163,0.5517241377407848,0.47058823026384083,16,23,13,29,144.0
3E0L4GC,"Introduction of Other Therapeutic Substance into Pleural Cavity, Percutaneous Endoscopic Approach",0.5714285710204081,0.666666666111111,0.6153846099408283,8,6,4,12,31.0
3E0M05Z,"Introduction of Adhesion Barrier into Peritoneal Cavity, Open Approach",0.0,0.0,0.0,0,2,4,4,19.0
3E0P7GC,"Introduction of Other Therapeutic Substance into Female Reproductive, Via Natural or Artificial Opening",0.2857142853061225,0.14285714275510203,0.19047618585034026,2,5,12,14,63.0
3E0P7VZ,"Introduction of Hormone into Female Reproductive, Via Natural or Artificial Opening",0.3684210524376731,0.4374999997265625,0.3999999948081633,7,12,9,16,56.0
3E0R305,"Introduction of Other Antineoplastic into Spinal Canal, Percutaneous Approach",0.6176470586418685,0.8076923073816568,0.6999999948555555,21,13,5,26,180.0
3E0R33Z,"Introduction of Anti-inflammatory into Spinal Canal, Percutaneous Approach",0.16666666638888888,0.3333333322222222,0.2222222172839507,1,5,2,3,16.0
3E0R3BZ,"Introduction of Anesthetic Agent into Spinal Canal, Percutaneous Approach",0.0,0.0,0.0,0,0,5,5,27.0
3E0R3CZ,"Introduction of Regional Anesthetic into Spinal Canal, Percutaneous Approach",0.0,0.0,0.0,0,0,7,7,34.0
3E0R3GC,"Introduction of Other Therapeutic Substance into Spinal Canal, Percutaneous Approach",0.9999999900000002,0.14285714265306124,0.24999999718750004,1,0,6,7,30.0
3E0S3CZ,"Introduction of Regional Anesthetic into Epidural Space, Percutaneous Approach",0.0,0.0,0.0,0,0,11,11,41.0
3E0T3BZ,"Introduction of Anesthetic Agent into Peripheral Nerves and Plexi, Percutaneous Approach",0.16666666638888888,0.0999999999,0.12499999515625017,1,5,9,10,50.0
3E0T3CZ,"Introduction of Regional Anesthetic into Peripheral Nerves and Plexi, Percutaneous Approach",0.14285714265306124,0.12499999984374999,0.13333332817777796,1,6,7,8,40.0
3E0T3GC,"Introduction of Other Therapeutic Substance into Peripheral Nerves and Plexi, Percutaneous Approach",0.0,0.0,0.0,0,3,3,3,16.0
3E0T3TZ,"Introduction of Destructive Agent into Peripheral Nerves and Plexi, Percutaneous Approach",0.49999999916666665,0.49999999916666665,0.4999999941666667,3,3,3,6,32.0
3E0U0GB,"Introduction of Recombinant Bone Morphogenetic Protein into Joints, Open Approach",0.0,0.0,0.0,0,0,10,10,52.0
3E0U33Z,"Introduction of Anti-inflammatory into Joints, Percutaneous Approach",0.5454545449586776,0.4285714282653061,0.4799999946879999,6,5,8,14,67.0
3E0U3BZ,"Introduction of Anesthetic Agent into Joints, Percutaneous Approach",0.1999999998,0.24999999968749997,0.22222221703703712,2,8,6,8,39.0
3E1038Z,"Irrigation of Skin and Mucous Membranes using Irrigating Substance, Percutaneous Approach",0.0,0.0,0.0,0,0,2,2,8.0
3E10X8Z,Irrigation of Skin and Mucous Membranes using Irrigating Substance,0.0,0.0,0.0,0,0,10,10,21.0
3E1F88X,"Irrigation of Respiratory Tract using Irrigating Substance, Via Natural or Artificial Opening Endoscopic, Diagnostic",0.0,0.0,0.0,0,0,1,1,8.0
3E1F88Z,"Irrigation of Respiratory Tract using Irrigating Substance, Via Natural or Artificial Opening Endoscopic",0.09090909082644627,0.07142857137755101,0.0799999950080003,1,10,13,14,58.0
3E1K78Z,"Irrigation of Genitourinary Tract using Irrigating Substance, Via Natural or Artificial Opening",0.0,0.0,0.0,0,0,3,3,15.0
3E1M38X,"Irrigation of Peritoneal Cavity using Irrigating Substance, Percutaneous Approach, Diagnostic",0.0,0.0,0.0,0,0,3,3,14.0
3E1M38Z,"Irrigation of Peritoneal Cavity using Irrigating Substance, Percutaneous Approach",0.0,0.0,0.0,0,3,8,8,42.0
3E1M39Z,"Irrigation of Peritoneal Cavity using Dialysate, Percutaneous Approach",0.7399999998519999,0.9736842102700831,0.8409090858109505,37,13,1,38,183.0
3E1U38Z,"Irrigation of Joints using Irrigating Substance, Percutaneous Approach",0.0,0.0,0.0,0,1,5,5,27.0
4A0234Z,"Measurement of Cardiac Electrical Activity, Percutaneous Approach",0.23076923059171597,0.1764705881314879,0.19999999495555568,3,10,14,17,64.0
4A023FZ,"Measurement of Cardiac Rhythm, Percutaneous Approach",0.22580645154006243,0.3333333331746032,0.2692307643121302,7,24,14,21,88.0
4A023N6,"Measurement of Cardiac Sampling and Pressure, Right Heart, Percutaneous Approach",0.594285714251755,0.6341463414247471,0.613569316502989,104,71,60,164,694.0
4A023N7,"Measurement of Cardiac Sampling and Pressure, Left Heart, Percutaneous Approach",0.3852813852647064,0.4027149321084744,0.3938053047195357,89,142,132,221,922.0
4A023N8,"Measurement of Cardiac Sampling and Pressure, Bilateral, Percutaneous Approach",0.5116279068577609,0.32352941171712807,0.3963963915786056,22,21,46,68,284.0
4A02XFZ,"Measurement of Cardiac Rhythm, External Approach",0.0,0.0,0.0,0,0,2,2,8.0
4A0335C,"Measurement of Arterial Flow, Coronary, Percutaneous Approach",0.0,0.0,0.0,0,0,8,8,37.0
4A033BC,"Measurement of Arterial Pressure, Coronary, Percutaneous Approach",0.3636363633057851,0.19047619038548752,0.24999999533203132,4,7,17,21,80.0
4A043B2,"Measurement of Venous Pressure, Portal, Percutaneous Approach",0.0,0.0,0.0,0,1,4,4,20.0
4A1004G,"Monitoring of Central Nervous Electrical Activity, Intraoperative, Open Approach",0.0,0.0,0.0,0,0,2,2,12.0
4A103BD,"Monitoring of Intracranial Pressure, Percutaneous Approach",0.999999995,0.3999999992,0.5714285657142857,2,0,3,5,26.0
4A10X4G,"Monitoring of Central Nervous Electrical Activity, Intraoperative, External Approach",0.0,0.0,0.0,0,1,2,2,11.0
4A10X4Z,"Monitoring of Central Nervous Electrical Activity, External Approach",0.0,0.0,0.0,0,0,3,3,14.0
4A11X4G,"Monitoring of Peripheral Nervous Electrical Activity, Intraoperative, External Approach",0.0,0.0,0.0,0,0,15,15,71.0
4A1239Z,"Monitoring of Cardiac Output, Percutaneous Approach",0.3636363633057851,0.1249999999609375,0.1860465077339103,4,7,28,32,144.0
4A133B1,"Monitoring of Arterial Pressure, Peripheral, Percutaneous Approach",0.0,0.0,0.0,0,0,3,3,14.0
4A133B3,"Monitoring of Arterial Pressure, Pulmonary, Percutaneous Approach",0.37499999984375,0.24324324317750182,0.29508196234345613,9,15,28,37,173.0
4A133J1,"Monitoring of Arterial Pulse, Peripheral, Percutaneous Approach",0.0,0.0,0.0,0,0,3,3,12.0
4A1H7CZ,"Monitoring of Products of Conception, Cardiac Rate, Via Natural or Artificial Opening",0.0,0.0,0.0,0,0,2,2,7.0
4B02XSZ,"Measurement of Cardiac Pacemaker, External Approach",0.0,0.0,0.0,0,0,11,11,55.0
4B02XTZ,"Measurement of Cardiac Defibrillator, External Approach",0.0,0.0,0.0,0,0,13,13,46.0
5A02210,"Assistance with Cardiac Output using Balloon Pump, Continuous",0.6885245900510615,0.9130434780623818,0.7850467239234868,42,19,4,46,202.0
5A02216,"Assistance with Cardiac Output using Other Pump, Continuous",0.7777777769135802,0.9999999985714286,0.874999993984375,7,2,0,7,19.0
5A0221D,"Assistance with Cardiac Output using Impeller Pump, Continuous",0.839999999664,0.9130434778638941,0.8749999946440972,21,4,2,23,112.0
5A09357,"Assistance with Respiratory Ventilation, Less than 24 Consecutive Hours, Continuous Positive Airway Pressure",0.0,0.0,0.0,0,0,15,15,68.0
5A09457,"Assistance with Respiratory Ventilation, 24-96 Consecutive Hours, Continuous Positive Airway Pressure",0.0,0.0,0.0,0,0,7,7,33.0
5A09557,"Assistance with Respiratory Ventilation, Greater than 96 Consecutive Hours, Continuous Positive Airway Pressure",0.0,0.0,0.0,0,0,3,3,14.0
5A12012,"Performance of Cardiac Output, Single, Manual",0.5333333332444444,0.39999999995,0.4571428521795919,32,28,48,80,309.0
5A1213Z,"Performance of Cardiac Pacing, Intermittent",0.0,0.0,0.0,0,2,4,4,19.0
5A1221Z,"Performance of Cardiac Output, Continuous",0.9522058823354373,0.9923371647319476,0.971857405865697,518,26,4,522,2528.0
5A1223Z,"Performance of Cardiac Pacing, Continuous",0.4736842104432133,0.3913043477693762,0.4285714235487529,27,30,42,69,302.0
5A15223,"Extracorporeal Membrane Oxygenation, Continuous",0.666666666111111,0.9999999987499999,0.7999999944,8,4,0,8,33.0
5A1522G,"Extracorporeal Oxygenation, Membrane, Peripheral Veno-arterial",0.24999999968749997,0.6666666644444444,0.36363635900826446,2,6,1,3,15.0
5A1935Z,"Respiratory Ventilation, Less than 24 Consecutive Hours",0.4021739130289067,0.4126394051891212,0.407339444527161,111,165,158,269,1081.0
5A1945Z,"Respiratory Ventilation, 24-96 Consecutive Hours",0.43910256409552717,0.6431924882478124,0.5219047570726167,274,350,152,426,1962.0
5A1955Z,"Respiratory Ventilation, Greater than 96 Consecutive Hours",0.694610778422317,0.6685878962343347,0.6813509494605197,232,102,115,347,1580.0
5A1D00Z,"Performance of Urinary Filtration, Single",0.38095238077097504,0.12698412696397077,0.19047618668083904,8,13,55,63,311.0
5A1D60Z,"Performance of Urinary Filtration, Multiple",0.4061433446960361,0.4817813764987133,0.4407407357606996,119,174,128,247,1060.0
5A1D70Z,"Performance of Urinary Filtration, Intermittent, Less than 6 Hours Per Day",0.5468277945454131,0.5370919881146263,0.5419161626488491,181,150,156,337,1513.0
5A1D90Z,"Performance of Urinary Filtration, Continuous, Greater than 18 hours Per Day",0.6923076921301775,0.3506493506038118,0.46551723683561247,27,12,50,77,349.0
5A2204Z,"Restoration of Cardiac Rhythm, Single",0.7134146341028406,0.7358490565574938,0.7244581992907054,117,47,42,159,744.0
6A4Z0ZZ,"Hypothermia, Single",0.0,0.0,0.0,0,0,2,2,7.0
6A550Z1,"Pheresis of Leukocytes, Single",0.0,0.0,0.0,0,0,3,3,12.0
6A550Z3,"Pheresis of Plasma, Single",0.0,0.0,0.0,0,3,4,4,17.0
6A550ZV,"Pheresis of Hematopoietic Stem Cells, Single",0.0,0.0,0.0,0,1,2,2,8.0
6A551Z1,"Pheresis of Leukocytes, Multiple",0.0,0.0,0.0,0,4,2,2,10.0
6A551Z3,"Pheresis of Plasma, Multiple",0.742857142644898,0.8965517238287752,0.8124999947900392,26,9,3,29,107.0
6ABT0BZ,"Perfusion of Urinary System Donor Organ, Single",0.0,0.0,0.0,0,0,2,2,11.0
8E09XBG,"Computer Assisted Procedure of Head and Neck Region, With Computerized Tomography",0.0,0.0,0.0,0,1,3,3,12.0
8E09XBH,"Computer Assisted Procedure of Head and Neck Region, With Magnetic Resonance Imaging",0.0,0.0,0.0,0,0,5,5,25.0
8E09XBZ,Computer Assisted Procedure of Head and Neck Region,0.0,0.0,0.0,0,5,20,20,89.0
8E0W0CZ,"Robotic Assisted Procedure of Trunk Region, Open Approach",0.9999999900000002,0.14285714265306124,0.24999999718750004,1,0,6,7,34.0
8E0W4CZ,"Robotic Assisted Procedure of Trunk Region, Percutaneous Endoscopic Approach",0.7513227512829987,0.9659863944921098,0.8452380902659085,142,47,5,147,607.0
A02.0,Salmonella enteritis,0.4285714279591837,0.5999999988,0.4999999943055557,3,4,2,5,23.0
A02.1,Salmonella sepsis,0.5999999988,0.9999999966666667,0.7499999934375,3,2,0,3,9.0
A04.5,Campylobacter enteritis,0.5999999988,0.5999999988,0.5999999938,3,2,2,5,26.0
A04.7,Enterocolitis due to Clostridium difficile,0.4919093850973492,0.826086956476843,0.6166328553369897,152,157,32,184,852.0
A04.71,"Enterocolitis due to Clostridium difficile, recurrent",0.371428571322449,0.4482758619143876,0.40624999491699226,13,22,16,29,138.0
A04.72,"Enterocolitis due to Clostridium difficile, not specified as recurrent",0.7999999994666667,0.08695652173282924,0.15686274330898373,12,3,126,138,622.0
A04.8,Other specified bacterial intestinal infections,0.0,0.0,0.0,0,1,5,5,22.0
A04.9,"Bacterial intestinal infection, unspecified",0.16666666638888888,0.1999999996,0.1818181765289258,1,5,4,5,25.0
A08.11,Acute gastroenteropathy due to Norwalk agent,0.7878787876400367,0.9285714282397959,0.852459011147541,26,7,2,28,82.0
A08.39,Other viral enteritis,0.249999999375,0.1999999996,0.2222222167901236,1,3,4,5,26.0
A08.4,"Viral intestinal infection, unspecified",0.7092198581057291,0.7299270072459907,0.7194244553809327,100,41,37,137,538.0
A08.8,Other specified intestinal infections,0.0,0.0,0.0,0,0,2,2,11.0
A09,"Infectious gastroenteritis and colitis, unspecified",0.42222222212839505,0.49999999986842103,0.45783132022644796,19,26,19,38,188.0
A15.0,Tuberculosis of lung,0.3333333322222222,0.4999999975,0.39999999360000005,1,2,1,2,12.0
A15.9,Respiratory tuberculosis unspecified,0.0,0.0,0.0,0,0,3,3,16.0
A19.9,"Miliary tuberculosis, unspecified",0.0,0.0,0.0,0,0,2,2,10.0
A28.0,Pasteurellosis,0.3333333322222222,0.4999999975,0.39999999360000005,1,2,1,2,10.0
A31.0,Pulmonary mycobacterial infection,0.47826086935727785,0.49999999977272724,0.48888888367407407,11,12,11,22,49.0
A31.8,Other mycobacterial infections,0.0,0.0,0.0,0,0,1,1,5.0
A31.9,"Mycobacterial infection, unspecified",0.0,0.0,0.0,0,1,1,1,8.0
A40.0,"Sepsis due to streptococcus, group A",0.49999999937499995,0.6666666655555555,0.5714285657142858,4,4,2,6,30.0
A40.1,"Sepsis due to streptococcus, group B",0.449999999775,0.8999999991,0.5999999951555556,9,11,1,10,51.0
A40.3,Sepsis due to Streptococcus pneumoniae,0.6666666655555555,0.4444444439506172,0.5333333278222222,4,2,5,9,37.0
A40.8,Other streptococcal sepsis,0.40476190466553286,0.772727272376033,0.5312499953222657,17,25,5,22,105.0
A40.9,"Streptococcal sepsis, unspecified",0.0,0.0,0.0,0,0,3,3,13.0
A41.01,Sepsis due to Methicillin susceptible Staphylococcus aureus,0.626865671548229,0.6461538460544379,0.6363636312683655,42,25,23,65,270.0
A41.02,Sepsis due to Methicillin resistant Staphylococcus aureus,0.4634146340333135,0.6785714283290816,0.550724632699013,19,22,9,28,129.0
A41.1,Sepsis due to other specified staphylococcus,0.38095238077097504,0.26666666657777777,0.3137254852287582,8,13,22,30,70.0
A41.4,Sepsis due to anaerobes,0.0,0.0,0.0,0,0,8,8,35.0
A41.50,"Gram-negative sepsis, unspecified",0.49999999875,0.15384615372781063,0.2352941137716263,2,2,11,13,58.0
A41.51,Sepsis due to Escherichia coli [E. coli],0.742268041160591,0.6050420167558789,0.6666666616568073,72,25,47,119,596.0
A41.52,Sepsis due to Pseudomonas,0.49999999977272724,0.5238095235600907,0.5116279017414819,11,11,10,21,100.0
A41.53,Sepsis due to Serratia,0.4374999997265625,0.9999999985714286,0.608695647410208,7,9,0,7,31.0
A41.59,Other Gram-negative sepsis,0.3999999999466667,0.49999999991666666,0.44444443944032924,30,45,30,60,209.0
A41.81,Sepsis due to Enterococcus,0.5999999998909091,0.5689655171432818,0.5840707913603259,33,22,25,58,221.0
A41.89,Other specified sepsis,0.2962962962414266,0.16161616159983677,0.2091503222025718,16,38,83,99,372.0
A41.9,"Sepsis, unspecified organism",0.6240786240709573,0.7154929577364015,0.6666666616812024,508,306,202,710,3311.0
A43.0,Pulmonary nocardiosis,0.6999999992999999,0.7777777769135802,0.7368420995013849,7,3,2,9,14.0
A46,Erysipelas,0.49999999916666665,0.9999999966666667,0.6666666607407408,3,3,0,3,17.0
A48.0,Gas gangrene,0.0,0.0,0.0,0,1,6,6,27.0
A48.1,Legionnaires' disease,0.9999999987499999,0.8888888879012344,0.9411764644982699,8,0,1,9,27.0
A49.01,"Methicillin susceptible Staphylococcus aureus infection, unspecified site",0.0,0.0,0.0,0,0,4,4,21.0
A49.02,"Methicillin resistant Staphylococcus aureus infection, unspecified site",0.0,0.0,0.0,0,0,3,3,13.0
A49.8,Other bacterial infections of unspecified site,0.0,0.0,0.0,0,0,2,2,11.0
A52.16,Charcot's arthropathy (tabetic),0.0,0.0,0.0,0,0,7,7,20.0
A52.3,"Neurosyphilis, unspecified",0.249999999375,0.3333333322222222,0.28571428000000004,1,3,2,3,14.0
A53.0,"Latent syphilis, unspecified as early or late",0.0,0.0,0.0,0,0,2,2,10.0
A53.9,"Syphilis, unspecified",0.0,0.0,0.0,0,1,2,2,8.0
A60.00,"Herpesviral infection of urogenital system, unspecified",0.3333333332098765,0.449999999775,0.3829787183521956,9,18,11,20,102.0
A60.04,Herpesviral vulvovaginitis,0.0,0.0,0.0,0,2,2,2,8.0
A60.09,Herpesviral infection of other urogenital tract,0.0,0.0,0.0,0,0,2,2,10.0
A60.1,Herpesviral infection of perianal skin and rectum,0.0,0.0,0.0,0,0,2,2,10.0
A63.0,Anogenital (venereal) warts,0.49999999875,0.2222222219753086,0.3076923029585799,2,2,7,9,43.0
A69.20,"Lyme disease, unspecified",0.3684210524376731,0.5384615380473372,0.4374999949023437,7,12,6,13,64.0
A69.22,Other neurologic disorders in Lyme disease,0.4999999975,0.4999999975,0.4999999925000001,1,1,1,2,9.0
A69.29,Other conditions associated with Lyme disease,0.4999999975,0.3333333322222222,0.39999999360000005,1,1,2,3,12.0
A77.49,Other ehrlichiosis,0.45454545413223135,0.9999999980000001,0.6249999949218751,5,6,0,5,22.0
A81.2,Progressive multifocal leukoencephalopathy,0.999999995,0.999999995,0.9999999900000001,2,0,0,2,8.0
A86,Unspecified viral encephalitis,0.999999995,0.3999999992,0.5714285657142857,2,0,3,5,22.0
A87.9,"Viral meningitis, unspecified",0.8333333319444445,0.6249999992187499,0.7142857083673471,5,1,3,8,41.0
A93.8,Other specified arthropod-borne viral fevers,0.4285714279591837,0.9999999966666667,0.5999999946000001,3,4,0,3,12.0
B00.1,Herpesviral vesicular dermatitis,0.6999999992999999,0.24137931026159334,0.3589743549769889,7,3,22,29,97.0
B00.2,Herpesviral gingivostomatitis and pharyngotonsillitis,0.2727272724793388,0.4285714279591837,0.33333332820987654,3,8,4,7,37.0
B00.3,Herpesviral meningitis,0.4999999975,0.3333333322222222,0.39999999360000005,1,1,2,3,11.0
B00.4,Herpesviral encephalitis,0.249999999375,0.3333333322222222,0.28571428000000004,1,3,2,3,15.0
B00.52,Herpesviral keratitis,0.6666666644444444,0.2857142853061225,0.39999999500000005,2,1,5,7,29.0
B00.89,Other herpesviral infection,0.33333333277777777,0.24999999968749997,0.2857142804081633,2,4,6,8,40.0
B00.9,"Herpesviral infection, unspecified",0.4571428570122449,0.3999999999,0.4266666615751112,16,19,24,40,178.0
B01.9,Varicella without complication,0.0,0.0,0.0,0,0,3,3,11.0
B01BYZZ,Fluoroscopy of Spinal Cord using Other Contrast,0.0,0.0,0.0,0,0,3,3,15.0
B02.0,Zoster encephalitis,0.49999999875,0.999999995,0.6666666600000001,2,2,0,2,10.0
B02.21,Postherpetic geniculate ganglionitis,0.7499999981250001,0.9999999966666667,0.8571428497959185,3,1,0,3,14.0
B02.29,Other postherpetic nervous system involvement,0.6764705880363322,0.696969696758494,0.686567158975273,23,11,10,33,91.0
B02.30,"Zoster ocular disease, unspecified",0.571428570612245,0.3999999996,0.4705882298961938,4,3,6,10,34.0
B02.33,Zoster keratitis,0.9999999900000002,0.9999999900000002,0.9999999850000002,1,0,0,1,9.0
B02.7,Disseminated zoster,0.7499999981250001,0.49999999916666665,0.5999999940000001,3,1,3,6,28.0
B02.8,Zoster with other complications,0.4999999975,0.12499999984374999,0.19999999640000002,1,1,7,8,21.0
B02.9,Zoster without complications,0.5510204080508122,0.6279069765981612,0.5869565166327978,27,22,16,43,137.0
B09,Unspecified viral infection characterized by skin and mucous membrane lesions,0.4999999975,0.4999999975,0.4999999925000001,1,1,1,2,11.0
B15.9,Hepatitis A without hepatic coma,0.7142857132653061,0.49999999949999996,0.5882352885813149,5,2,5,10,48.0
B16.9,Acute hepatitis B without delta-agent and without hepatic coma,0.41666666631944443,0.9999999980000001,0.5882352892733564,5,7,0,5,22.0
B17.10,Acute hepatitis C without hepatic coma,0.9999999985714286,0.9999999985714286,0.9999999935714285,7,0,0,7,29.0
B17.8,Other specified acute viral hepatitis,0.0,0.0,0.0,0,0,2,2,9.0
B17.9,"Acute viral hepatitis, unspecified",0.4444444439506172,0.3636363633057851,0.39999999464999997,4,5,7,11,56.0
B18.1,Chronic viral hepatitis B without delta-agent,0.6419753085627191,0.7222222221219137,0.6797385570199497,52,29,20,72,511.0
B18.2,Chronic viral hepatitis C,0.7291666665907118,0.3846153845942519,0.5035971177444233,70,26,112,182,898.0
B19.10,Unspecified viral hepatitis B without hepatic coma,0.5492957745705218,0.4874999999390625,0.5165562863400729,39,32,41,80,439.0
B19.20,Unspecified viral hepatitis C without hepatic coma,0.583018867913528,0.6836283185689462,0.629327897259054,309,221,143,452,2000.0
B19.21,Unspecified viral hepatitis C with hepatic coma,0.0,0.0,0.0,0,0,5,5,26.0
B19.9,Unspecified viral hepatitis without hepatic coma,0.0,0.0,0.0,0,0,2,2,11.0
B20,"Imaging, Heart, Plain Radiography",0.677215189830556,0.7181208053209315,0.6970683988676803,107,51,42,149,594.0
B2011ZZ,Plain Radiography of Multiple Coronary Arteries using Low Osmolar Contrast,0.0,0.0,0.0,0,0,6,6,18.0
B201YZZ,Plain Radiography of Multiple Coronary Arteries using Other Contrast,0.0,0.0,0.0,0,0,2,2,8.0
B2101ZZ,Fluoroscopy of Single Coronary Artery using Low Osmolar Contrast,0.0,0.0,0.0,0,0,3,3,15.0
B210YZZ,Fluoroscopy of Single Coronary Artery using Other Contrast,0.0,0.0,0.0,0,0,14,14,64.0
B2110ZZ,Fluoroscopy of Multiple Coronary Arteries using High Osmolar Contrast,0.0,0.0,0.0,0,0,2,2,9.0
B2111ZZ,Fluoroscopy of Multiple Coronary Arteries using Low Osmolar Contrast,0.3333333322222222,0.008333333332638889,0.0162601621230749,1,2,119,120,601.0
B211YZZ,Fluoroscopy of Multiple Coronary Arteries using Other Contrast,0.6410891089029568,0.8764805414403303,0.740528944359174,518,290,73,591,2639.0
B2121ZZ,Fluoroscopy of Single Coronary Artery Bypass Graft using Low Osmolar Contrast,0.0,0.0,0.0,0,0,3,3,15.0
B212YZZ,Fluoroscopy of Single Coronary Artery Bypass Graft using Other Contrast,0.0,0.0,0.0,0,1,14,14,68.0
B2131ZZ,Fluoroscopy of Multiple Coronary Artery Bypass Grafts using Low Osmolar Contrast,0.0,0.0,0.0,0,2,10,10,49.0
B213YZZ,Fluoroscopy of Multiple Coronary Artery Bypass Grafts using Other Contrast,0.45454545433884297,0.2777777777006173,0.3448275813793104,10,12,26,36,181.0
B2141ZZ,Fluoroscopy of Right Heart using Low Osmolar Contrast,0.0,0.0,0.0,0,0,4,4,18.0
B214YZZ,Fluoroscopy of Right Heart using Other Contrast,0.0,0.0,0.0,0,0,23,23,108.0
B2151ZZ,Fluoroscopy of Left Heart using Low Osmolar Contrast,0.0,0.0,0.0,0,0,5,5,23.0
B215YZZ,Fluoroscopy of Left Heart using Other Contrast,0.0,0.0,0.0,0,0,29,29,107.0
B216YZZ,Fluoroscopy of Right and Left Heart using Other Contrast,0.0,0.0,0.0,0,0,4,4,17.0
B217YZZ,Fluoroscopy of Right Internal Mammary Bypass Graft using Other Contrast,0.0,0.0,0.0,0,0,2,2,9.0
B2181ZZ,Fluoroscopy of Left Internal Mammary Bypass Graft using Low Osmolar Contrast,0.0,0.0,0.0,0,0,8,8,40.0
B218YZZ,Fluoroscopy of Left Internal Mammary Bypass Graft using Other Contrast,0.40322580638657646,0.568181818052686,0.47169810826272696,25,37,19,44,216.0
B221Z2Z,Computerized Tomography (CT Scan) of Multiple Coronary Arteries using Intravascular Optical Coherence,0.0,0.0,0.0,0,0,2,2,10.0
B240ZZ3,"Ultrasonography of Single Coronary Artery, Intravascular",0.0,0.0,0.0,0,0,8,8,37.0
B241ZZ3,"Ultrasonography of Multiple Coronary Arteries, Intravascular",0.0,0.0,0.0,0,1,5,5,24.0
B244YZZ,Ultrasonography of Right Heart using Other Contrast,0.0,0.0,0.0,0,0,4,4,12.0
B244ZZZ,Ultrasonography of Right Heart,0.0,0.0,0.0,0,0,8,8,35.0
B246ZZ4,"Ultrasonography of Right and Left Heart, Transesophageal",0.0,0.0,0.0,0,0,6,6,27.0
B24BZZ4,"Ultrasonography of Heart with Aorta, Transesophageal",0.0,0.0,0.0,0,0,25,25,110.0
B24CZZ4,"Ultrasonography of Pericardium, Transesophageal",0.0,0.0,0.0,0,0,2,2,10.0
B25.0,Cytomegaloviral pneumonitis,0.0,0.0,0.0,0,2,2,2,12.0
B25.1,Cytomegaloviral hepatitis,0.0,0.0,0.0,0,0,2,2,11.0
B25.8,Other cytomegaloviral diseases,0.40740740725651575,0.4583333331423611,0.43137254386774315,11,16,13,24,93.0
B25.9,"Cytomegaloviral disease, unspecified",0.5555555549382716,0.23809523798185941,0.33333332891111117,5,4,16,21,105.0
B27.00,Gammaherpesviral mononucleosis without complication,0.2222222219753086,0.1999999998,0.21052631058171756,2,7,8,10,39.0
B27.09,Gammaherpesviral mononucleosis with other complications,0.0,0.0,0.0,0,0,2,2,8.0
B27.90,"Infectious mononucleosis, unspecified without complication",0.5999999988,0.9999999966666667,0.7499999934375,3,2,0,3,16.0
B30.9,"Viral conjunctivitis, unspecified",0.6666666655555555,0.7999999984,0.7272727209917357,4,2,1,5,27.0
B3101ZZ,Fluoroscopy of Thoracic Aorta using Low Osmolar Contrast,0.0,0.0,0.0,0,0,3,3,14.0
B310YZZ,Fluoroscopy of Thoracic Aorta using Other Contrast,0.0,0.0,0.0,0,0,30,30,106.0
B312YZZ,Fluoroscopy of Left Subclavian Artery using Other Contrast,0.0,0.0,0.0,0,0,4,4,18.0
B313YZZ,Fluoroscopy of Right Common Carotid Artery using Other Contrast,0.0,0.0,0.0,0,1,6,6,33.0
B3141ZZ,Fluoroscopy of Left Common Carotid Artery using Low Osmolar Contrast,0.0,0.0,0.0,0,0,2,2,8.0
B314YZZ,Fluoroscopy of Left Common Carotid Artery using Other Contrast,0.0,0.0,0.0,0,1,7,7,34.0
B3151ZZ,Fluoroscopy of Bilateral Common Carotid Arteries using Low Osmolar Contrast,0.0,0.0,0.0,0,0,3,3,14.0
B315YZZ,Fluoroscopy of Bilateral Common Carotid Arteries using Other Contrast,0.0,0.0,0.0,0,1,20,20,73.0
B315ZZZ,Fluoroscopy of Bilateral Common Carotid Arteries,0.0,0.0,0.0,0,0,2,2,8.0
B3161ZZ,Fluoroscopy of Right Internal Carotid Artery using Low Osmolar Contrast,0.0,0.0,0.0,0,0,2,2,11.0
B316YZZ,Fluoroscopy of Right Internal Carotid Artery using Other Contrast,0.0,0.0,0.0,0,0,11,11,37.0
B3171ZZ,Fluoroscopy of Left Internal Carotid Artery using Low Osmolar Contrast,0.0,0.0,0.0,0,0,2,2,8.0
B317YZZ,Fluoroscopy of Left Internal Carotid Artery using Other Contrast,0.0,0.0,0.0,0,0,7,7,31.0
B3181ZZ,Fluoroscopy of Bilateral Internal Carotid Arteries using Low Osmolar Contrast,0.0,0.0,0.0,0,0,3,3,14.0
B318YZZ,Fluoroscopy of Bilateral Internal Carotid Arteries using Other Contrast,0.0,0.0,0.0,0,0,14,14,68.0
B318ZZZ,Fluoroscopy of Bilateral Internal Carotid Arteries,0.0,0.0,0.0,0,0,2,2,8.0
B319YZZ,Fluoroscopy of Right External Carotid Artery using Other Contrast,0.0,0.0,0.0,0,0,3,3,12.0
B31BYZZ,Fluoroscopy of Left External Carotid Artery using Other Contrast,0.0,0.0,0.0,0,0,3,3,13.0
B31C1ZZ,Fluoroscopy of Bilateral External Carotid Arteries using Low Osmolar Contrast,0.0,0.0,0.0,0,0,2,2,7.0
B31CYZZ,Fluoroscopy of Bilateral External Carotid Arteries using Other Contrast,0.0,0.0,0.0,0,0,5,5,23.0
B31D1ZZ,Fluoroscopy of Right Vertebral Artery using Low Osmolar Contrast,0.0,0.0,0.0,0,0,2,2,8.0
B31DYZZ,Fluoroscopy of Right Vertebral Artery using Other Contrast,0.0,0.0,0.0,0,0,7,7,34.0
B31F1ZZ,Fluoroscopy of Left Vertebral Artery using Low Osmolar Contrast,0.0,0.0,0.0,0,0,3,3,13.0
B31FYZZ,Fluoroscopy of Left Vertebral Artery using Other Contrast,0.0,0.0,0.0,0,0,17,17,84.0
B31FZZZ,Fluoroscopy of Left Vertebral Artery,0.0,0.0,0.0,0,0,4,4,9.0
B31G1ZZ,Fluoroscopy of Bilateral Vertebral Arteries using Low Osmolar Contrast,0.0,0.0,0.0,0,0,1,1,8.0
B31GYZZ,Fluoroscopy of Bilateral Vertebral Arteries using Other Contrast,0.0,0.0,0.0,0,0,7,7,33.0
B31HYZZ,Fluoroscopy of Right Upper Extremity Arteries using Other Contrast,0.0,0.0,0.0,0,0,2,2,10.0
B31R1ZZ,Fluoroscopy of Intracranial Arteries using Low Osmolar Contrast,0.0,0.0,0.0,0,0,3,3,13.0
B31RYZZ,Fluoroscopy of Intracranial Arteries using Other Contrast,0.0,0.0,0.0,0,0,19,19,56.0
B31SYZZ,Fluoroscopy of Right Pulmonary Artery using Other Contrast,0.3333333322222222,0.4999999975,0.39999999360000005,1,2,1,2,10.0
B31TYZZ,Fluoroscopy of Left Pulmonary Artery using Other Contrast,0.0,0.0,0.0,0,2,2,2,11.0
B33.24,Viral cardiomyopathy,0.0,0.0,0.0,0,0,2,2,8.0
B33.8,Other specified viral diseases,0.0,0.0,0.0,0,0,2,2,10.0
B34.8,Other viral infections of unspecified site,0.45454545413223135,0.6249999992187499,0.5263157840443214,5,6,3,8,37.0
B34.9,"Viral infection, unspecified",0.5178571427646683,0.49152542364550417,0.5043478210026465,29,27,30,59,273.0
B35.1,Tinea unguium,0.3636363633057851,0.2222222220987654,0.2758620640665874,4,7,14,18,80.0
B35.3,Tinea pedis,0.46428571411989794,0.5416666664409722,0.4999999948372782,13,15,11,24,97.0
B35.4,Tinea corporis,0.6666666655555555,0.571428570612245,0.6153846094674558,4,2,3,7,33.0
B35.6,Tinea cruris,0.4285714282653061,0.26086956510396975,0.3243243194448503,6,8,17,23,67.0
B36.0,Pityriasis versicolor,0.0,0.0,0.0,0,0,2,2,8.0
B36.8,Other specified superficial mycoses,0.0,0.0,0.0,0,6,10,10,41.0
B36.9,"Superficial mycosis, unspecified",0.1999999998,0.13333333324444444,0.15999999507200013,2,8,13,15,57.0
B37.0,Candidal stomatitis,0.6348314606384926,0.63128491616585,0.6330532162530895,113,65,66,179,810.0
B37.1,Pulmonary candidiasis,0.0,0.0,0.0,0,1,1,1,8.0
B37.2,Candidiasis of skin and nail,0.5624999998242187,0.4390243901368233,0.4931506798723964,18,14,23,41,123.0
B37.3,Candidiasis of vulva and vagina,0.7142857141156462,0.7142857141156462,0.7142857091156464,30,12,12,42,190.0
B37.49,Other urogenital candidiasis,0.3999999999384616,0.6046511626500811,0.4814814765997944,26,39,17,43,143.0
B37.7,Candidal sepsis,0.2758620688703924,0.666666666111111,0.39024389810826887,8,21,4,12,59.0
B37.81,Candidal esophagitis,0.744680850905387,0.87499999978125,0.8045976959968292,35,12,5,40,200.0
B37.89,Other sites of candidiasis,0.3414634145508626,0.3783783782761139,0.35897435389546356,14,27,23,37,186.0
B37.9,"Candidiasis, unspecified",0.470588235017301,0.1481481481207133,0.2253521089704424,8,9,46,54,174.0
B4101ZZ,Fluoroscopy of Abdominal Aorta using Low Osmolar Contrast,0.0,0.0,0.0,0,0,3,3,18.0
B410YZZ,Fluoroscopy of Abdominal Aorta using Other Contrast,0.09756097558596073,0.08333333331597222,0.08988763546016945,4,37,44,48,213.0
B410ZZZ,Fluoroscopy of Abdominal Aorta,0.0,0.0,0.0,0,1,4,4,18.0
B4121ZZ,Fluoroscopy of Hepatic Artery using Low Osmolar Contrast,0.0,0.0,0.0,0,1,2,2,9.0
B412YZZ,Fluoroscopy of Hepatic Artery using Other Contrast,0.4285714279591837,0.4285714279591837,0.42857142295918377,3,4,4,7,33.0
B413YZZ,Fluoroscopy of Splenic Arteries using Other Contrast,0.0,0.0,0.0,0,0,2,2,12.0
B4141ZZ,Fluoroscopy of Superior Mesenteric Artery using Low Osmolar Contrast,0.0,0.0,0.0,0,0,3,3,14.0
B414YZZ,Fluoroscopy of Superior Mesenteric Artery using Other Contrast,0.21428571413265304,0.23076923059171597,0.22222221706447198,3,11,10,13,63.0
B415YZZ,Fluoroscopy of Inferior Mesenteric Artery using Other Contrast,0.0,0.0,0.0,0,1,3,3,16.0
B416YZZ,Fluoroscopy of Right Renal Artery using Other Contrast,0.0,0.0,0.0,0,1,3,3,13.0
B418YZZ,Fluoroscopy of Bilateral Renal Arteries using Other Contrast,0.0,0.0,0.0,0,0,3,3,13.0
B41BYZZ,Fluoroscopy of Other Intra-Abdominal Arteries using Other Contrast,0.0,0.0,0.0,0,0,14,14,44.0
B41CYZZ,Fluoroscopy of Pelvic Arteries using Other Contrast,0.0,0.0,0.0,0,0,5,5,21.0
B41D1ZZ,Fluoroscopy of Aorta and Bilateral Lower Extremity Arteries using Low Osmolar Contrast,0.0,0.0,0.0,0,0,3,3,12.0
B41DYZZ,Fluoroscopy of Aorta and Bilateral Lower Extremity Arteries using Other Contrast,0.0,0.0,0.0,0,0,23,23,90.0
B41F1ZZ,Fluoroscopy of Right Lower Extremity Arteries using Low Osmolar Contrast,0.0,0.0,0.0,0,0,8,8,36.0
B41FYZZ,Fluoroscopy of Right Lower Extremity Arteries using Other Contrast,0.39583333325086806,0.3015873015394306,0.34234233737196657,19,29,44,63,224.0
B41FZZZ,Fluoroscopy of Right Lower Extremity Arteries,0.0,0.0,0.0,0,0,5,5,26.0
B41G1ZZ,Fluoroscopy of Left Lower Extremity Arteries using Low Osmolar Contrast,0.0,0.0,0.0,0,0,4,4,23.0
B41GYZZ,Fluoroscopy of Left Lower Extremity Arteries using Other Contrast,0.39473684200138504,0.3846153845167653,0.3896103845100355,15,23,24,39,179.0
B41GZZZ,Fluoroscopy of Left Lower Extremity Arteries,0.0,0.0,0.0,0,0,3,3,16.0
B41JYZZ,Fluoroscopy of Other Lower Arteries using Other Contrast,0.0,0.0,0.0,0,0,4,4,17.0
B44.0,Invasive pulmonary aspergillosis,0.0,0.0,0.0,0,0,3,3,14.0
B44.1,Other pulmonary aspergillosis,0.3999999996,0.21052631567867036,0.2758620642568371,4,6,15,19,47.0
B44.81,Allergic bronchopulmonary aspergillosis,0.999999995,0.33333333277777777,0.49999999500000003,2,0,4,6,16.0
B44.9,"Aspergillosis, unspecified",0.12499999984374999,0.0999999999,0.11111110604938293,1,7,9,10,30.0
B45.0,Pulmonary cryptococcosis,0.0,0.0,0.0,0,0,3,3,5.0
B45.1,Cerebral cryptococcosis,0.4999999995833333,0.9999999983333333,0.6666666614814816,6,6,0,6,10.0
B48.8,Other specified mycoses,0.0,0.0,0.0,0,1,12,12,58.0
B49,Unspecified mycosis,0.0,0.0,0.0,0,3,11,11,55.0
B513YZA,"Fluoroscopy of Right Jugular Veins using Other Contrast, Guidance",0.0,0.0,0.0,0,0,2,2,10.0
B517YZZ,Fluoroscopy of Left Subclavian Vein using Other Contrast,0.0,0.0,0.0,0,0,2,2,9.0
B5181ZA,"Fluoroscopy of Superior Vena Cava using Low Osmolar Contrast, Guidance",0.0,0.0,0.0,0,0,2,2,9.0
B518YZA,"Fluoroscopy of Superior Vena Cava using Other Contrast, Guidance",0.0,0.0,0.0,0,1,12,12,56.0
B518YZZ,Fluoroscopy of Superior Vena Cava using Other Contrast,0.3333333322222222,0.3333333322222222,0.33333332722222225,1,2,2,3,15.0
B518ZZA,"Fluoroscopy of Superior Vena Cava, Guidance",0.0,0.0,0.0,0,0,3,3,15.0
B519YZZ,Fluoroscopy of Inferior Vena Cava using Other Contrast,0.0,0.0,0.0,0,0,4,4,20.0
B51GYZZ,Fluoroscopy of Left Pelvic (Iliac) Veins using Other Contrast,0.0,0.0,0.0,0,0,2,2,7.0
B51NYZZ,Fluoroscopy of Left Upper Extremity Veins using Other Contrast,0.0,0.0,0.0,0,0,2,2,8.0
B51TYZZ,Fluoroscopy of Portal and Splanchnic Veins using Other Contrast,0.0,0.0,0.0,0,0,6,6,29.0
B51W1ZZ,Fluoroscopy of Dialysis Shunt/Fistula using Low Osmolar Contrast,0.0,0.0,0.0,0,0,2,2,10.0
B51WYZZ,Fluoroscopy of Dialysis Shunt/Fistula using Other Contrast,0.29999999969999996,0.2727272724793388,0.28571428045351477,3,7,8,11,56.0
B543ZZA,"Ultrasonography of Right Jugular Veins, Guidance",0.0,0.0,0.0,0,0,10,10,45.0
B544ZZA,"Ultrasonography of Left Jugular Veins, Guidance",0.0,0.0,0.0,0,0,4,4,12.0
B546ZZA,"Ultrasonography of Right Subclavian Vein, Guidance",0.0,0.0,0.0,0,0,2,2,11.0
B547ZZA,"Ultrasonography of Left Subclavian Vein, Guidance",0.0,0.0,0.0,0,0,3,3,12.0
B548ZZ3,"Ultrasonography of Superior Vena Cava, Intravascular",0.0,0.0,0.0,0,0,1,1,8.0
B548ZZA,"Ultrasonography of Superior Vena Cava, Guidance",0.0,0.0,0.0,0,0,122,122,497.0
B54MZZA,"Ultrasonography of Right Upper Extremity Veins, Guidance",0.0,0.0,0.0,0,0,2,2,12.0
B58.9,"Toxoplasmosis, unspecified",0.0,0.0,0.0,0,1,2,2,7.0
B59,Pneumocystosis,0.8571428559183674,0.7499999990624999,0.7999999939555555,6,1,2,8,36.0
B60.0,Babesiosis,0.7999999992,0.9999999987499999,0.888888882962963,8,2,0,8,32.0
B69.0,Cysticercosis of central nervous system,0.6666666644444444,0.999999995,0.799999992,2,1,0,2,9.0
B86,Scabies,0.7999999984,0.6666666655555555,0.7272727209917357,4,1,2,6,21.0
B91,"Imaging, Ear, Nose, Mouth and Throat, Fluoroscopy",0.4117647056401384,0.6999999992999999,0.5185185134705076,7,10,3,10,48.0
B94.1,Sequelae of viral encephalitis,0.0,0.0,0.0,0,0,2,2,8.0
B94.2,Sequelae of viral hepatitis,0.0,0.0,0.0,0,0,5,5,16.0
B94.8,Sequelae of other specified infectious and parasitic diseases,0.0,0.0,0.0,0,0,9,9,46.0
B95.0,"Streptococcus, group A, as the cause of diseases classified elsewhere",0.999999995,0.124999999921875,0.22222222000000003,2,0,14,16,66.0
B95.1,"Streptococcus, group B, as the cause of diseases classified elsewhere",0.377358490494838,0.4081632652228238,0.3921568576758939,20,33,29,49,208.0
B95.2,Enterococcus as the cause of diseases classified elsewhere,0.6210937499757385,0.6794871794581415,0.6489795868203249,159,97,75,234,1081.0
B95.3,Streptococcus pneumoniae as the cause of diseases classified elsewhere,0.16666666657407406,0.49999999916666665,0.24999999604166667,3,15,3,6,25.0
B95.4,Other streptococcus as the cause of diseases classified elsewhere,0.47058823523875437,0.5194805194130545,0.4938271554450542,40,45,37,77,384.0
B95.5,Unspecified streptococcus as the cause of diseases classified elsewhere,0.4285714279591837,0.2727272724793388,0.33333332820987654,3,4,8,11,48.0
B95.61,Methicillin susceptible Staphylococcus aureus infection as the cause of diseases classified elsewhere,0.5635593220100187,0.6157407407122342,0.5884955702049888,133,103,83,216,1005.0
B95.62,Methicillin resistant Staphylococcus aureus infection as the cause of diseases classified elsewhere,0.5781249999548339,0.6434782608136106,0.6090534929065691,74,54,41,115,580.0
B95.7,Other staphylococcus as the cause of diseases classified elsewhere,0.4529914529527358,0.4818181817743802,0.46696034738652026,53,64,57,110,434.0
B95.8,Unspecified staphylococcus as the cause of diseases classified elsewhere,0.0,0.0,0.0,0,6,20,20,96.0
B96.1,Klebsiella pneumoniae [K. pneumoniae] as the cause of diseases classified elsewhere,0.6023166022933468,0.7393364928559556,0.6638297822579448,156,103,55,211,965.0
B96.20,Unspecified Escherichia coli [E. coli] as the cause of diseases classified elsewhere,0.6592709984047659,0.7689463955495573,0.7098976059388723,416,215,125,541,2377.0
B96.29,Other Escherichia coli [E. coli] as the cause of diseases classified elsewhere,0.0,0.0,0.0,0,1,18,18,88.0
B96.3,Hemophilus influenzae [H. influenzae] as the cause of diseases classified elsewhere,0.14285714265306124,0.16666666638888888,0.15384614863905344,1,6,5,6,28.0
B96.4,Proteus (mirabilis) (morganii) as the cause of diseases classified elsewhere,0.6666666666013072,0.7472527471706316,0.7046632073784532,68,34,23,91,421.0
B96.5,Pseudomonas (aeruginosa) (mallei) (pseudomallei) as the cause of diseases classified elsewhere,0.5174418604350324,0.6223776223340994,0.5650793600858655,89,83,54,143,631.0
B96.6,Bacteroides fragilis [B. fragilis] as the cause of diseases classified elsewhere,0.5555555549382716,0.49999999949999996,0.5263157839335181,5,4,5,10,50.0
B96.7,Clostridium perfringens [C. perfringens] as the cause of diseases classified elsewhere,0.49999999875,0.49999999875,0.4999999937500001,2,2,2,4,19.0
B96.81,Helicobacter pylori [H. pylori] as the cause of diseases classified elsewhere,0.6666666665079365,0.8235294115224914,0.7368421001246537,28,14,6,34,169.0
B96.89,Other specified bacterial agents as the cause of diseases classified elsewhere,0.5391304347591682,0.37014925372029406,0.43893804825449134,124,106,211,335,1509.0
B97.29,Other coronavirus as the cause of diseases classified elsewhere,0.3333333322222222,0.3333333322222222,0.33333332722222225,1,2,2,3,11.0
B97.4,Respiratory syncytial virus as the cause of diseases classified elsewhere,0.49999999916666665,0.5999999988,0.5454545395041324,3,3,2,5,22.0
B97.89,Other viral agents as the cause of diseases classified elsewhere,0.5333333329777777,0.2222222221604938,0.3137254859207997,8,7,28,36,125.0
B99.8,Other infectious disease,0.0,0.0,0.0,0,0,5,5,24.0
B99.9,Unspecified infectious disease,0.0,0.0,0.0,0,0,7,7,36.0
BD47ZZZ,Ultrasonography of Gastrointestinal Tract,0.0,0.0,0.0,0,0,3,3,17.0
BF101ZZ,Fluoroscopy of Bile Ducts using Low Osmolar Contrast,0.0,0.0,0.0,0,0,10,10,47.0
BF10YZZ,Fluoroscopy of Bile Ducts using Other Contrast,0.38749999995156253,0.35632183903950326,0.371257479994263,31,49,56,87,356.0
BF11YZZ,Fluoroscopy of Biliary and Pancreatic Ducts using Other Contrast,0.0,0.0,0.0,0,0,12,12,61.0
BF131ZZ,Fluoroscopy of Gallbladder and Bile Ducts using Low Osmolar Contrast,0.0,0.0,0.0,0,0,3,3,13.0
BF13YZZ,Fluoroscopy of Gallbladder and Bile Ducts using Other Contrast,0.0,0.0,0.0,0,0,7,7,34.0
BF14YZZ,"Fluoroscopy of Gallbladder, Bile Ducts and Pancreatic Ducts using Other Contrast",0.0,0.0,0.0,0,0,3,3,12.0
BF47ZZZ,Ultrasonography of Pancreas,0.0,0.0,0.0,0,0,3,3,13.0
BT11YZZ,Fluoroscopy of Right Kidney using Other Contrast,0.0,0.0,0.0,0,0,6,6,20.0
BT12YZZ,Fluoroscopy of Left Kidney using Other Contrast,0.0,0.0,0.0,0,11,5,5,26.0
BT13YZZ,Fluoroscopy of Bilateral Kidneys using Other Contrast,0.0,0.0,0.0,0,0,3,3,15.0
BT14YZZ,"Fluoroscopy of Kidneys, Ureters and Bladder using Other Contrast",0.0,0.0,0.0,0,0,2,2,9.0
BT1DYZZ,"Fluoroscopy of Right Kidney, Ureter and Bladder using Other Contrast",0.07692307686390532,0.14285714265306124,0.0999999953500002,1,12,6,7,33.0
BT1DZZZ,"Fluoroscopy of Right Kidney, Ureter and Bladder",0.0,0.0,0.0,0,0,2,2,11.0
BT1FYZZ,"Fluoroscopy of Left Kidney, Ureter and Bladder using Other Contrast",0.16666666638888888,0.16666666638888888,0.16666666138888903,1,5,5,6,28.0
BT1FZZZ,"Fluoroscopy of Left Kidney, Ureter and Bladder",0.0,0.0,0.0,0,1,2,2,11.0
C01,"Nuclear Medicine, Central Nervous System, Planar Nuclear Medicine Imaging",0.999999995,0.6666666644444444,0.799999992,2,0,1,3,17.0
C02.9,"Malignant neoplasm of tongue, unspecified",0.0,0.0,0.0,0,0,2,2,11.0
C07,Malignant neoplasm of parotid gland,0.9999999900000002,0.4999999975,0.6666666577777778,1,0,1,2,9.0
C09.0,Malignant neoplasm of tonsillar fossa,0.0,0.0,0.0,0,0,2,2,10.0
C09.9,"Malignant neoplasm of tonsil, unspecified",0.4999999975,0.3333333322222222,0.39999999360000005,1,1,2,3,19.0
C10.9,"Malignant neoplasm of oropharynx, unspecified",0.3571428568877551,0.9999999980000001,0.5263157850415513,5,9,0,5,12.0
C14.0,"Malignant neoplasm of pharynx, unspecified",0.0,0.0,0.0,0,0,2,2,8.0
C15.4,Malignant neoplasm of middle third of esophagus,0.49999999875,0.3999999992,0.4444444385185186,2,2,3,5,22.0
C15.5,Malignant neoplasm of lower third of esophagus,0.3999999992,0.124999999921875,0.1904761866666667,2,3,14,16,69.0
C15.8,Malignant neoplasm of overlapping sites of esophagus,0.0,0.0,0.0,0,0,3,3,12.0
C15.9,"Malignant neoplasm of esophagus, unspecified",0.3333333330555555,0.19047619038548752,0.2424242376492195,4,8,17,21,96.0
C16.0,Malignant neoplasm of cardia,0.5384615383579882,0.9333333330222222,0.68292682446163,28,24,2,30,114.0
C16.1,Malignant neoplasm of fundus of stomach,0.9999999900000002,0.4999999975,0.6666666577777778,1,0,1,2,9.0
C16.2,Malignant neoplasm of body of stomach,0.16666666638888888,0.1999999996,0.1818181765289258,1,5,4,5,26.0
C16.3,Malignant neoplasm of pyloric antrum,0.5999999988,0.37499999953124996,0.46153845609467453,3,2,5,8,31.0
C16.4,Malignant neoplasm of pylorus,0.0,0.0,0.0,0,0,3,3,13.0
C16.6,"Malignant neoplasm of greater curvature of stomach, unspecified",0.0,0.0,0.0,0,0,2,2,9.0
C16.8,Malignant neoplasm of overlapping sites of stomach,0.0,0.0,0.0,0,0,2,2,11.0
C16.9,"Malignant neoplasm of stomach, unspecified",0.34042553184246266,0.695652173610586,0.4571428526000001,16,31,7,23,116.0
C17.0,Malignant neoplasm of duodenum,0.371428571322449,0.9285714279081632,0.5306122405997502,13,22,1,14,46.0
C17.1,Malignant neoplasm of jejunum,0.49999999875,0.999999995,0.6666666600000001,2,2,0,2,8.0
C18.0,Malignant neoplasm of cecum,0.5882352937716263,0.8333333326388889,0.6896551670868015,10,7,2,12,62.0
C18.1,Malignant neoplasm of appendix,0.6666666644444444,0.33333333277777777,0.44444443901234576,2,1,4,6,29.0
C18.2,Malignant neoplasm of ascending colon,0.874999999453125,0.5833333330902778,0.6999999948500002,14,2,10,24,118.0
C18.3,Malignant neoplasm of hepatic flexure,0.49999999916666665,0.7499999981250001,0.5999999940000001,3,3,1,4,16.0
C18.4,Malignant neoplasm of transverse colon,0.5555555549382716,0.7142857132653061,0.624999994296875,5,4,2,7,34.0
C18.5,Malignant neoplasm of splenic flexure,0.0,0.0,0.0,0,0,2,2,8.0
C18.6,Malignant neoplasm of descending colon,0.7499999981250001,0.49999999916666665,0.5999999940000001,3,1,3,6,27.0
C18.7,Malignant neoplasm of sigmoid colon,0.5937499998144531,0.759999999696,0.6666666615081563,19,13,6,25,96.0
C18.9,"Malignant neoplasm of colon, unspecified",0.6666666659259258,0.239999999904,0.35294117237024225,6,3,19,25,119.0
C19,Malignant neoplasm of rectosigmoid junction,0.4687499998535156,0.7142857139455782,0.5660377308508365,15,17,6,21,104.0
C20,Malignant neoplasm of rectum,0.5897435896679817,0.8679245281381275,0.7022900714107569,46,32,7,53,265.0
C21.0,"Malignant neoplasm of anus, unspecified",0.8571428559183674,0.8571428559183674,0.8571428509183675,6,1,1,7,36.0
C21.1,Malignant neoplasm of anal canal,0.3999999992,0.999999995,0.5714285657142857,2,3,0,2,10.0
C21.8,"Malignant neoplasm of overlapping sites of rectum, anus and anal canal",0.0,0.0,0.0,0,0,3,3,20.0
C22.0,Liver cell carcinoma,0.7096774193221347,0.9506172838919371,0.8126649027141276,154,63,8,162,667.0
C22.1,Intrahepatic bile duct carcinoma,0.6593406592682044,0.9090909089531681,0.7643312052204959,60,31,6,66,246.0
C22.7,Other specified carcinomas of liver,0.0,0.0,0.0,0,1,5,5,20.0
C22.8,"Malignant neoplasm of liver, primary, unspecified as to type",0.0,0.0,0.0,0,0,13,13,49.0
C22.9,"Malignant neoplasm of liver, not specified as primary or secondary",0.0,0.0,0.0,0,0,2,2,8.0
C23,"Nuclear Medicine, Heart, Positron Emission Tomographic (PET) Imaging",0.679999999728,0.944444443919753,0.7906976691833424,17,8,1,18,52.0
C24.0,Malignant neoplasm of extrahepatic bile duct,0.2758620688703924,0.470588235017301,0.34782608214555766,8,21,9,17,81.0
C24.1,Malignant neoplasm of ampulla of Vater,0.279999999888,0.6363636357851239,0.38888888442901237,7,18,4,11,54.0
C24.8,Malignant neoplasm of overlapping sites of biliary tract,0.0,0.0,0.0,0,0,2,2,8.0
C24.9,"Malignant neoplasm of biliary tract, unspecified",0.0,0.0,0.0,0,0,3,3,12.0
C25.0,Malignant neoplasm of head of pancreas,0.583333333292824,0.839999999916,0.6885245852700888,84,60,16,100,469.0
C25.1,Malignant neoplasm of body of pancreas,0.649999999675,0.5416666664409722,0.5909090856818182,13,7,11,24,92.0
C25.2,Malignant neoplasm of tail of pancreas,0.749999999375,0.5624999996484374,0.6428571375000001,9,3,7,16,78.0
C25.3,Malignant neoplasm of pancreatic duct,0.14285714275510203,0.2222222219753086,0.17391303856332715,2,12,7,9,44.0
C25.4,Malignant neoplasm of endocrine pancreas,0.0,0.0,0.0,0,0,2,2,9.0
C25.7,Malignant neoplasm of other parts of pancreas,0.0,0.0,0.0,0,0,8,8,31.0
C25.8,Malignant neoplasm of overlapping sites of pancreas,0.0,0.0,0.0,0,0,15,15,45.0
C25.9,"Malignant neoplasm of pancreas, unspecified",0.42465753418840313,0.4428571427938776,0.4335664285079956,31,42,39,70,361.0
C26.9,Malignant neoplasm of ill-defined sites within the digestive system,0.0,0.0,0.0,0,0,3,3,13.0
C32.0,Malignant neoplasm of glottis,0.999999995,0.999999995,0.9999999900000001,2,0,0,2,8.0
C32.1,Malignant neoplasm of supraglottis,0.4999999996875,0.7999999992,0.6153846101775148,8,8,2,10,21.0
C32.9,"Malignant neoplasm of larynx, unspecified",0.3333333329629629,0.9999999966666667,0.4999999954166666,3,6,0,3,14.0
C33,Malignant neoplasm of trachea,0.0,0.0,0.0,0,0,1,1,12.0
C34.01,Malignant neoplasm of right main bronchus,0.3333333329629629,0.2727272724793388,0.29999999475000005,3,6,8,11,55.0
C34.02,Malignant neoplasm of left main bronchus,0.0,0.0,0.0,0,1,10,10,43.0
C34.11,"Malignant neoplasm of upper lobe, right bronchus or lung",0.49166666662569447,0.7108433734083321,0.5812807832861755,59,61,24,83,334.0
C34.12,"Malignant neoplasm of upper lobe, left bronchus or lung",0.48514851480345067,0.8032786883929052,0.6049382668350862,49,52,12,61,275.0
C34.2,"Malignant neoplasm of middle lobe, bronchus or lung",0.4999999997222222,0.749999999375,0.5999999948,9,9,3,12,65.0
C34.31,"Malignant neoplasm of lower lobe, right bronchus or lung",0.45614035079716836,0.6666666664957265,0.5416666617296008,26,31,13,39,175.0
C34.32,"Malignant neoplasm of lower lobe, left bronchus or lung",0.5142857142122449,0.8372093021308815,0.6371681367656044,36,34,7,43,145.0
C34.81,Malignant neoplasm of overlapping sites of right bronchus and lung,0.0,0.0,0.0,0,1,8,8,38.0
C34.82,Malignant neoplasm of overlapping sites of left bronchus and lung,0.0,0.0,0.0,0,0,2,2,11.0
C34.90,Malignant neoplasm of unspecified part of unspecified bronchus or lung,0.6999999992999999,0.07608695651346882,0.13725490016532105,7,3,85,92,393.0
C34.91,Malignant neoplasm of unspecified part of right bronchus or lung,0.0,0.0,0.0,0,2,16,16,78.0
C34.92,Malignant neoplasm of unspecified part of left bronchus or lung,0.0,0.0,0.0,0,1,10,10,50.0
C37,Malignant neoplasm of thymus,0.49999999875,0.6666666644444444,0.5714285648979592,2,2,1,3,11.0
C38.1,Malignant neoplasm of anterior mediastinum,0.0,0.0,0.0,0,4,1,1,20.0
C38.3,"Malignant neoplasm of mediastinum, part unspecified",0.4999999975,0.1111111109876543,0.1818181785123967,1,1,8,9,4.0
C40.21,Malignant neoplasm of long bones of right lower limb,0.999999995,0.2857142853061225,0.44444444000000005,2,0,5,7,7.0
C40.22,Malignant neoplasm of long bones of left lower limb,0.0,0.0,0.0,0,1,5,5,13.0
C41.2,Malignant neoplasm of vertebral column,0.0,0.0,0.0,0,0,4,4,19.0
C41.9,"Malignant neoplasm of bone and articular cartilage, unspecified",0.0,0.0,0.0,0,1,2,2,8.0
C43.4,Malignant melanoma of scalp and neck,0.4999999975,0.3333333322222222,0.39999999360000005,1,1,2,3,11.0
C43.59,Malignant melanoma of other part of trunk,0.0,0.0,0.0,0,0,5,5,24.0
C43.72,"Malignant melanoma of left lower limb, including hip",0.33333333277777777,0.3999999992,0.36363635801652905,2,4,3,5,18.0
C43.9,"Malignant melanoma of skin, unspecified",0.24999999984375,0.3333333330555555,0.2857142806122449,4,12,8,12,39.0
C44.311,Basal cell carcinoma of skin of nose,0.0,0.0,0.0,0,1,3,3,8.0
C44.319,Basal cell carcinoma of skin of other parts of face,0.4999999975,0.3333333322222222,0.39999999360000005,1,1,2,3,14.0
C44.329,Squamous cell carcinoma of skin of other parts of face,0.0,0.0,0.0,0,0,2,2,8.0
C44.42,Squamous cell carcinoma of skin of scalp and neck,0.0,0.0,0.0,0,0,3,3,10.0
C44.519,Basal cell carcinoma of skin of other part of trunk,0.0,0.0,0.0,0,0,1,1,10.0
C44.529,Squamous cell carcinoma of skin of other part of trunk,0.0,0.0,0.0,0,3,2,2,9.0
C44.729,"Squamous cell carcinoma of skin of left lower limb, including hip",0.0,0.0,0.0,0,0,2,2,10.0
C44.91,"Basal cell carcinoma of skin, unspecified",0.0,0.0,0.0,0,0,2,2,11.0
C45.0,Mesothelioma of pleura,0.4999999975,0.4999999975,0.4999999925000001,1,1,1,2,11.0
C46.0,Kaposi's sarcoma of skin,0.0,0.0,0.0,0,2,3,3,12.0
C46.9,"Kaposi's sarcoma, unspecified",0.0,0.0,0.0,0,2,2,2,8.0
C48.0,Malignant neoplasm of retroperitoneum,0.3999999992,0.49999999875,0.4444444385185186,2,3,2,4,14.0
C48.1,Malignant neoplasm of specified parts of peritoneum,0.0,0.0,0.0,0,0,3,3,12.0
C48.2,"Malignant neoplasm of peritoneum, unspecified",0.24999999979166665,0.7499999981250001,0.37499999578125004,3,9,1,4,21.0
C49.12,"Malignant neoplasm of connective and soft tissue of left upper limb, including shoulder",0.0,0.0,0.0,0,1,1,1,11.0
C49.21,"Malignant neoplasm of connective and soft tissue of right lower limb, including hip",0.8333333319444445,0.5555555549382716,0.6666666609777778,5,1,4,9,25.0
C49.22,"Malignant neoplasm of connective and soft tissue of left lower limb, including hip",0.999999995,0.3999999992,0.5714285657142857,2,0,3,5,26.0
C49.4,Malignant neoplasm of connective and soft tissue of abdomen,0.0,0.0,0.0,0,0,3,3,12.0
C49.5,Malignant neoplasm of connective and soft tissue of pelvis,0.0,0.0,0.0,0,1,2,2,9.0
C49.9,"Malignant neoplasm of connective and soft tissue, unspecified",0.0,0.0,0.0,0,2,2,2,10.0
C49.A0,"Gastrointestinal stromal tumor, unspecified site",0.24999999968749997,0.999999995,0.399999996,2,6,0,2,7.0
C49.A2,Gastrointestinal stromal tumor of stomach,0.3999999996,0.6666666655555555,0.4999999946875,4,6,2,6,28.0
C49.A3,Gastrointestinal stromal tumor of small intestine,0.37499999953124996,0.7499999981250001,0.49999999472222234,3,5,1,4,19.0
C50.012,"Malignant neoplasm of nipple and areola, left female breast",0.0,0.0,0.0,0,0,2,2,7.0
C50.111,Malignant neoplasm of central portion of right female breast,0.12499999984374999,0.1999999996,0.15384614887573977,1,7,4,5,26.0
C50.112,Malignant neoplasm of central portion of left female breast,0.0,0.0,0.0,0,0,2,2,7.0
C50.211,Malignant neoplasm of upper-inner quadrant of right female breast,0.0,0.0,0.0,0,0,4,4,20.0
C50.212,Malignant neoplasm of upper-inner quadrant of left female breast,0.0,0.0,0.0,0,0,4,4,18.0
C50.311,Malignant neoplasm of lower-inner quadrant of right female breast,0.0,0.0,0.0,0,0,2,2,10.0
C50.312,Malignant neoplasm of lower-inner quadrant of left female breast,0.0,0.0,0.0,0,0,3,3,11.0
C50.411,Malignant neoplasm of upper-outer quadrant of right female breast,0.19230769223372782,0.49999999949999996,0.27777777361111117,5,21,5,10,43.0
C50.412,Malignant neoplasm of upper-outer quadrant of left female breast,0.12962962960562413,0.8749999989062499,0.22580644929240376,7,47,1,8,42.0
C50.511,Malignant neoplasm of lower-outer quadrant of right female breast,0.0,0.0,0.0,0,0,4,4,13.0
C50.512,Malignant neoplasm of lower-outer quadrant of left female breast,0.0,0.0,0.0,0,0,2,2,11.0
C50.811,Malignant neoplasm of overlapping sites of right female breast,0.0,0.0,0.0,0,1,7,7,30.0
C50.812,Malignant neoplasm of overlapping sites of left female breast,0.0,0.0,0.0,0,0,5,5,24.0
C50.911,Malignant neoplasm of unspecified site of right female breast,0.2976190475836168,0.5952380950963718,0.39682539231796427,25,59,17,42,211.0
C50.912,Malignant neoplasm of unspecified site of left female breast,0.3728813558690032,0.439999999912,0.40366971973066246,22,37,28,50,216.0
C50.919,Malignant neoplasm of unspecified site of unspecified female breast,0.7499999981250001,0.07692307690335305,0.1395348819686317,3,1,36,39,148.0
C51.9,"Malignant neoplasm of vulva, unspecified",0.9999999975,0.6666666655555555,0.7999999936,4,0,2,6,19.0
C52,Malignant neoplasm of vagina,0.7499999981250001,0.7499999981250001,0.7499999931250001,3,1,1,4,18.0
C53.0,Malignant neoplasm of endocervix,0.0,0.0,0.0,0,0,4,4,12.0
C53.8,Malignant neoplasm of overlapping sites of cervix uteri,0.0,0.0,0.0,0,0,3,3,13.0
C53.9,"Malignant neoplasm of cervix uteri, unspecified",0.41860465106544076,0.9999999994444444,0.5901639300725612,18,25,0,18,62.0
C54.1,Malignant neoplasm of endometrium,0.7468354429434386,0.9076923075526628,0.8194444393778937,59,20,6,65,276.0
C55,"Malignant neoplasm of uterus, part unspecified",0.374999999765625,0.7499999990624999,0.49999999513888893,6,10,2,8,39.0
C56.1,Malignant neoplasm of right ovary,0.3255813952731206,0.6086956519092628,0.42424241957300274,14,29,9,23,117.0
C56.2,Malignant neoplasm of left ovary,0.3333333332407407,0.49999999979166665,0.3999999950666667,12,24,12,24,116.0
C56.9,Malignant neoplasm of unspecified ovary,0.4285714284693877,0.5624999998242187,0.4864864814463112,18,24,14,32,152.0
C57.00,Malignant neoplasm of unspecified fallopian tube,0.37499999953124996,0.9999999966666667,0.5454545404958677,3,5,0,3,13.0
C57.01,Malignant neoplasm of right fallopian tube,0.3333333322222222,0.4999999975,0.39999999360000005,1,2,1,2,11.0
C57.02,Malignant neoplasm of left fallopian tube,0.3999999992,0.999999995,0.5714285657142857,2,3,0,2,8.0
C58,Malignant neoplasm of placenta,0.0,0.0,0.0,0,0,8,8,2.0
C61,Malignant neoplasm of prostate,0.68499999996575,0.7828571428124081,0.73066666164992,137,63,38,175,825.0
C62.92,"Malignant neoplasm of left testis, unspecified whether descended or undescended",0.49999999916666665,0.5999999988,0.5454545395041324,3,3,2,5,7.0
C64.1,"Malignant neoplasm of right kidney, except renal pelvis",0.47058823520184545,0.7272727270523416,0.5714285665221089,24,27,9,33,161.0
C64.2,"Malignant neoplasm of left kidney, except renal pelvis",0.37096774187565035,0.6216216214536158,0.46464645987144165,23,39,14,37,186.0
C64.9,"Malignant neoplasm of unspecified kidney, except renal pelvis",0.4285714279591837,0.1764705881314879,0.24999999565972228,3,4,14,17,83.0
C65.1,Malignant neoplasm of right renal pelvis,0.4999999975,0.3333333322222222,0.39999999360000005,1,1,2,3,15.0
C65.2,Malignant neoplasm of left renal pelvis,0.1999999996,0.3333333322222222,0.24999999468750006,1,4,2,3,17.0
C66.1,Malignant neoplasm of right ureter,0.49999999916666665,0.9999999966666667,0.6666666607407408,3,3,0,3,12.0
C66.2,Malignant neoplasm of left ureter,0.0,0.0,0.0,0,3,2,2,11.0
C67.0,Malignant neoplasm of trigone of bladder,0.0,0.0,0.0,0,0,2,2,9.0
C67.1,Malignant neoplasm of dome of bladder,0.0,0.0,0.0,0,0,3,3,13.0
C67.2,Malignant neoplasm of lateral wall of bladder,0.0,0.0,0.0,0,0,5,5,25.0
C67.3,Malignant neoplasm of anterior wall of bladder,0.0,0.0,0.0,0,0,3,3,12.0
C67.4,Malignant neoplasm of posterior wall of bladder,0.0,0.0,0.0,0,0,3,3,16.0
C67.5,Malignant neoplasm of bladder neck,0.0,0.0,0.0,0,0,3,3,14.0
C67.6,Malignant neoplasm of ureteric orifice,0.0,0.0,0.0,0,0,1,1,8.0
C67.8,Malignant neoplasm of overlapping sites of bladder,0.0,0.0,0.0,0,5,6,6,33.0
C67.9,"Malignant neoplasm of bladder, unspecified",0.41379310340071346,0.6315789472576178,0.49999999514756954,36,51,21,57,274.0
C68.0,Malignant neoplasm of urethra,0.3333333322222222,0.1999999996,0.24999999468750006,1,2,4,5,14.0
C68.9,"Malignant neoplasm of urinary organ, unspecified",0.0,0.0,0.0,0,0,1,1,8.0
C70.0,Malignant neoplasm of cerebral meninges,0.0,0.0,0.0,0,0,1,1,9.0
C71.0,"Malignant neoplasm of cerebrum, except lobes and ventricles",0.18181818165289254,0.2222222219753086,0.19999999485000008,2,9,7,9,38.0
C71.1,Malignant neoplasm of frontal lobe,0.4583333331423611,0.5789473681163435,0.5116279018063818,11,13,8,19,86.0
C71.2,Malignant neoplasm of temporal lobe,0.695652173610586,0.8888888883950616,0.7804877995716835,16,7,2,18,85.0
C71.3,Malignant neoplasm of parietal lobe,0.37499999953124996,0.23076923059171597,0.2857142807256236,3,5,10,13,41.0
C71.8,Malignant neoplasm of overlapping sites of brain,0.0,0.0,0.0,0,0,6,6,30.0
C71.9,"Malignant neoplasm of brain, unspecified",0.3181818180371901,0.4117647056401384,0.3589743538724524,7,15,10,17,50.0
C73,Malignant neoplasm of thyroid gland,0.719999999712,0.7499999996875,0.7346938722532279,18,7,6,24,116.0
C76.0,"Malignant neoplasm of head, face and neck",0.9999999900000002,0.3333333322222222,0.49999999375000004,1,0,2,3,16.0
C76.3,Malignant neoplasm of pelvis,0.0,0.0,0.0,0,0,2,2,11.0
C77.0,"Secondary and unspecified malignant neoplasm of lymph nodes of head, face and neck",0.6451612901144641,0.5555555554012346,0.5970149202227668,20,11,16,36,164.0
C77.1,Secondary and unspecified malignant neoplasm of intrathoracic lymph nodes,0.41176470583391006,0.3684210525927978,0.3888888838611112,35,50,60,95,438.0
C77.2,Secondary and unspecified malignant neoplasm of intra-abdominal lymph nodes,0.44736842101338875,0.509999999949,0.4766355089955455,51,63,49,100,482.0
C77.3,Secondary and unspecified malignant neoplasm of axilla and upper limb lymph nodes,0.6545454544264463,0.6206896550653983,0.6371681364836714,36,19,22,58,235.0
C77.4,Secondary and unspecified malignant neoplasm of inguinal and lower limb lymph nodes,0.3999999998,0.470588235017301,0.43243242723155584,8,12,9,17,74.0
C77.5,Secondary and unspecified malignant neoplasm of intrapelvic lymph nodes,0.15384615372781063,0.06249999998046875,0.08888888474074093,2,11,30,32,152.0
C77.8,Secondary and unspecified malignant neoplasm of lymph nodes of multiple regions,0.4999999975,0.028571428563265305,0.054054053002191384,1,1,34,35,172.0
C77.9,"Secondary and unspecified malignant neoplasm of lymph node, unspecified",0.20689655165279427,0.18749999994140626,0.1967213064230047,6,23,26,32,144.0
C78.00,Secondary malignant neoplasm of unspecified lung,0.5107913668697273,0.5182481751446534,0.514492748586169,71,68,66,137,661.0
C78.01,Secondary malignant neoplasm of right lung,0.4152542372529446,0.4049586776524828,0.4100418359706588,49,69,72,121,519.0
C78.02,Secondary malignant neoplasm of left lung,0.3923076922775148,0.4434782608310019,0.4163265255970013,51,79,64,115,464.0
C78.1,Secondary malignant neoplasm of mediastinum,0.2857142855782313,0.239999999904,0.260869560141777,6,15,19,25,90.0
C78.2,Secondary malignant neoplasm of pleura,0.79999999968,0.5405405403944485,0.6451612853017691,20,5,17,37,199.0
C78.39,Secondary malignant neoplasm of other respiratory organs,0.3333333322222222,0.1999999996,0.24999999468750006,1,2,4,5,26.0
C78.4,Secondary malignant neoplasm of small intestine,0.31249999990234373,0.30303030293847566,0.3076923025988166,10,22,23,33,163.0
C78.5,Secondary malignant neoplasm of large intestine and rectum,0.5882352937716263,0.31249999990234373,0.40816326060807995,10,7,22,32,167.0
C78.6,Secondary malignant neoplasm of retroperitoneum and peritoneum,0.6666666666432748,0.822510822475216,0.7364341035533473,190,95,41,231,893.0
C78.7,Secondary malignant neoplasm of liver and intrahepatic bile duct,0.7577777777609382,0.8880208333102078,0.8177457983690171,341,109,43,384,1670.0
C78.89,Secondary malignant neoplasm of other digestive organs,0.4534883720402921,0.6093749999047852,0.5199999950382224,39,47,25,64,269.0
C79.00,Secondary malignant neoplasm of unspecified kidney and renal pelvis,0.3333333322222222,0.1999999996,0.24999999468750006,1,2,4,5,24.0
C79.01,Secondary malignant neoplasm of right kidney and renal pelvis,0.249999999375,0.1999999996,0.2222222167901236,1,3,4,5,26.0
C79.02,Secondary malignant neoplasm of left kidney and renal pelvis,0.33333333277777777,0.33333333277777777,0.3333333277777778,2,4,4,6,30.0
C79.11,Secondary malignant neoplasm of bladder,0.3666666665444444,0.47826086935727785,0.41509433455322176,11,19,12,23,87.0
C79.19,Secondary malignant neoplasm of other urinary organs,0.3333333322222222,0.0999999999,0.15384615005917168,1,2,9,10,39.0
C79.2,Secondary malignant neoplasm of skin,0.8571428559183674,0.239999999904,0.3749999963476563,6,1,19,25,69.0
C79.31,Secondary malignant neoplasm of brain,0.7598253274777369,0.896907216448613,0.8226950304563263,174,55,20,194,891.0
C79.32,Secondary malignant neoplasm of cerebral meninges,0.3157894735180055,0.6666666659259258,0.4285714239030612,6,13,3,9,42.0
C79.49,Secondary malignant neoplasm of other parts of nervous system,0.3749999998828125,0.5217391302079395,0.43636363133884304,12,20,11,23,96.0
C79.51,Secondary malignant neoplasm of bone,0.7462365591237369,0.8989637305466589,0.8155111583611734,347,118,39,386,1574.0
C79.52,Secondary malignant neoplasm of bone marrow,0.0,0.0,0.0,0,1,3,3,22.0
C79.60,Secondary malignant neoplasm of unspecified ovary,0.0,0.0,0.0,0,3,5,5,12.0
C79.61,Secondary malignant neoplasm of right ovary,0.347826086805293,0.7272727266115702,0.47058823064013844,8,15,3,11,47.0
C79.62,Secondary malignant neoplasm of left ovary,0.2352941175086505,0.3636363633057851,0.285714280739796,4,13,7,11,52.0
C79.70,Secondary malignant neoplasm of unspecified adrenal gland,0.26086956510396975,0.374999999765625,0.30769230269559505,6,17,10,16,69.0
C79.71,Secondary malignant neoplasm of right adrenal gland,0.4727272726413223,0.8965517238287752,0.6190476143792517,26,29,3,29,90.0
C79.72,Secondary malignant neoplasm of left adrenal gland,0.36842105253462604,0.5833333330902778,0.45161289833506774,14,24,10,24,120.0
C79.81,Secondary malignant neoplasm of breast,0.0,0.0,0.0,0,0,3,3,12.0
C79.82,Secondary malignant neoplasm of genital organs,0.26666666648888887,0.1379310344351962,0.1818181772417356,4,11,25,29,145.0
C79.89,Secondary malignant neoplasm of other specified sites,0.3435897435721236,0.4751773049308385,0.39880951891493055,67,128,74,141,675.0
C79.9,Secondary malignant neoplasm of unspecified site,0.3333333322222222,0.023809523803854874,0.04444444318024695,1,2,41,42,178.0
C7A.012,Malignant carcinoid tumor of the ileum,0.9999999900000002,0.4999999975,0.6666666577777778,1,0,1,2,9.0
C7A.090,Malignant carcinoid tumor of the bronchus and lung,0.0,0.0,0.0,0,0,3,3,11.0
C7A.1,Malignant poorly differentiated neuroendocrine tumors,0.46666666635555554,0.6363636357851239,0.5384615331656805,7,8,4,11,44.0
C7A.8,Other malignant neuroendocrine tumors,0.36111111101080245,0.5909090906404958,0.4482758572057075,13,23,9,22,99.0
C7B.01,Secondary carcinoid tumors of distant lymph nodes,0.0,0.0,0.0,0,0,1,1,10.0
C7B.02,Secondary carcinoid tumors of liver,0.1999999996,0.16666666638888888,0.1818181765289258,1,4,5,6,34.0
C7B.03,Secondary carcinoid tumors of bone,0.0,0.0,0.0,0,0,2,2,8.0
C7B.04,Secondary carcinoid tumors of peritoneum,0.0,0.0,0.0,0,0,3,3,15.0
C7B.09,Secondary carcinoid tumors of other sites,0.0,0.0,0.0,0,0,2,2,12.0
C7B.8,Other secondary neuroendocrine tumors,0.4242424241138659,0.777777777345679,0.5490196030603615,14,19,4,18,80.0
C80.0,"Disseminated malignant neoplasm, unspecified",0.0,0.0,0.0,0,0,3,3,14.0
C80.1,"Malignant (primary) neoplasm, unspecified",0.43749999986328125,0.2857142856559767,0.345679007480567,14,18,35,49,204.0
C80.2,Malignant neoplasm associated with transplanted organ,0.0,0.0,0.0,0,6,3,3,15.0
C81.18,"Nodular sclerosis Hodgkin lymphoma, lymph nodes of multiple sites",0.249999999375,0.4999999975,0.33333332777777785,1,3,1,2,7.0
C81.90,"Hodgkin lymphoma, unspecified, unspecified site",0.0999999999,0.0624999999609375,0.07692307213017781,1,9,15,16,43.0
C81.98,"Hodgkin lymphoma, unspecified, lymph nodes of multiple sites",0.0,0.0,0.0,0,0,3,3,15.0
C82.38,"Follicular lymphoma grade IIIa, lymph nodes of multiple sites",0.0,0.0,0.0,0,0,2,2,10.0
C82.88,"Other types of follicular lymphoma, lymph nodes of multiple sites",0.0,0.0,0.0,0,0,2,2,8.0
C82.90,"Follicular lymphoma, unspecified, unspecified site",0.23076923059171597,0.29999999969999996,0.2608695600756144,3,10,7,10,48.0
C82.98,"Follicular lymphoma, unspecified, lymph nodes of multiple sites",0.0,0.0,0.0,0,0,9,9,19.0
C82.99,"Follicular lymphoma, unspecified, extranodal and solid organ sites",0.0,0.0,0.0,0,3,5,5,15.0
C83.00,"Small cell B-cell lymphoma, unspecified site",0.2857142853061225,0.3999999992,0.33333332791666676,2,5,3,5,22.0
C83.07,"Small cell B-cell lymphoma, spleen",0.4999999975,0.9999999900000002,0.6666666577777778,1,1,0,1,9.0
C83.09,"Small cell B-cell lymphoma, extranodal and solid organ sites",0.3333333322222222,0.9999999900000002,0.49999999375000004,1,2,0,1,8.0
C83.10,"Mantle cell lymphoma, unspecified site",0.2222222219753086,0.24999999968749997,0.23529411238754333,2,7,6,8,32.0
C83.11,"Mantle cell lymphoma, lymph nodes of head, face, and neck",0.0,0.0,0.0,0,0,2,2,8.0
C83.18,"Mantle cell lymphoma, lymph nodes of multiple sites",0.47826086935727785,0.9166666659027777,0.6285714237061225,11,12,1,12,43.0
C83.19,"Mantle cell lymphoma, extranodal and solid organ sites",0.0,0.0,0.0,0,0,2,2,16.0
C83.30,"Diffuse large B-cell lymphoma, unspecified site",0.30232558132504056,0.36111111101080245,0.3291139190065695,13,30,23,36,147.0
C83.31,"Diffuse large B-cell lymphoma, lymph nodes of head, face, and neck",0.13333333324444444,0.08695652170132324,0.10526315306094203,2,13,21,23,58.0
C83.32,"Diffuse large B-cell lymphoma, intrathoracic lymph nodes",0.47619047596371883,0.45454545433884297,0.4651162738561385,10,11,12,22,46.0
C83.33,"Diffuse large B-cell lymphoma, intra-abdominal lymph nodes",0.4285714279591837,0.16666666657407406,0.23999999577600004,3,4,15,18,73.0
C83.34,"Diffuse large B-cell lymphoma, lymph nodes of axilla and upper limb",0.0,0.0,0.0,0,0,2,2,8.0
C83.35,"Diffuse large B-cell lymphoma, lymph nodes of inguinal region and lower limb",0.0,0.0,0.0,0,0,3,3,14.0
C83.36,"Diffuse large B-cell lymphoma, intrapelvic lymph nodes",0.0,0.0,0.0,0,0,3,3,12.0
C83.37,"Diffuse large B-cell lymphoma, spleen",0.7999999984,0.7999999984,0.7999999934,4,1,1,5,11.0
C83.38,"Diffuse large B-cell lymphoma, lymph nodes of multiple sites",0.5344827585285374,0.49206349198538674,0.51239668913872,31,27,32,63,323.0
C83.39,"Diffuse large B-cell lymphoma, extranodal and solid organ sites",0.3734177214953533,0.655555555482716,0.4758064469504424,59,99,31,90,375.0
C83.70,"Burkitt lymphoma, unspecified site",0.0,0.0,0.0,0,0,11,11,10.0
C83.73,"Burkitt lymphoma, intra-abdominal lymph nodes",0.0,0.0,0.0,0,4,3,3,13.0
C83.78,"Burkitt lymphoma, lymph nodes of multiple sites",0.0,0.0,0.0,0,0,2,2,13.0
C83.79,"Burkitt lymphoma, extranodal and solid organ sites",0.21428571420918366,0.9999999983333333,0.35294117335640135,6,22,0,6,41.0
C84.49,"Peripheral T-cell lymphoma, not classified, extranodal and solid organ sites",0.0,0.0,0.0,0,0,1,1,10.0
C84.A0,"Cutaneous T-cell lymphoma, unspecified, unspecified site",0.4285714279591837,0.9999999966666667,0.5999999946000001,3,4,0,3,13.0
C85.10,"Unspecified B-cell lymphoma, unspecified site",0.2777777776234568,0.3571428568877551,0.31249999488281255,5,13,9,14,46.0
C85.13,"Unspecified B-cell lymphoma, intra-abdominal lymph nodes",0.0,0.0,0.0,0,0,1,1,8.0
C85.18,"Unspecified B-cell lymphoma, lymph nodes of multiple sites",0.0,0.0,0.0,0,0,7,7,31.0
C85.19,"Unspecified B-cell lymphoma, extranodal and solid organ sites",0.36363636347107436,0.6153846149112425,0.4571428522122449,8,14,5,13,67.0
C85.22,"Mediastinal (thymic) large B-cell lymphoma, intrathoracic lymph nodes",0.18181818165289254,0.3999999992,0.249999995390625,2,9,3,5,7.0
C85.28,"Mediastinal (thymic) large B-cell lymphoma, lymph nodes of multiple sites",0.14285714265306124,0.4999999975,0.22222221827160496,1,6,1,2,10.0
C85.29,"Mediastinal (thymic) large B-cell lymphoma, extranodal and solid organ sites",0.2777777776234568,0.8333333319444445,0.4166666625694445,5,13,1,6,5.0
C85.80,"Other specified types of non-Hodgkin lymphoma, unspecified site",0.999999995,0.3999999992,0.5714285657142857,2,0,3,5,26.0
C85.88,"Other specified types of non-Hodgkin lymphoma, lymph nodes of multiple sites",0.0,0.0,0.0,0,0,3,3,12.0
C85.89,"Other specified types of non-Hodgkin lymphoma, extranodal and solid organ sites",0.0,0.0,0.0,0,0,11,11,57.0
C85.90,"Non-Hodgkin lymphoma, unspecified, unspecified site",0.5999999988,0.1764705881314879,0.27272726896694216,3,2,14,17,78.0
C85.91,"Non-Hodgkin lymphoma, unspecified, lymph nodes of head, face, and neck",0.0,0.0,0.0,0,1,5,5,23.0
C85.98,"Non-Hodgkin lymphoma, unspecified, lymph nodes of multiple sites",0.0,0.0,0.0,0,0,2,2,11.0
C85.99,"Non-Hodgkin lymphoma, unspecified, extranodal and solid organ sites",0.0,0.0,0.0,0,0,19,19,72.0
C86.5,Angioimmunoblastic T-cell lymphoma,0.7777777769135802,0.6363636357851239,0.69999999435,7,2,4,11,11.0
C88.0,Waldenstrom macroglobulinemia,0.5624999996484374,0.8181818174380164,0.6666666613443073,9,7,2,11,56.0
C88.4,Extranodal marginal zone B-cell lymphoma of mucosa-associated lymphoid tissue [MALT-lymphoma],0.49999999916666665,0.4285714279591837,0.4615384558579882,3,3,4,7,35.0
C90.00,Multiple myeloma not having achieved remission,0.8740740740093278,0.8676470587597318,0.8708487034228837,118,17,18,136,684.0
C90.01,Multiple myeloma in remission,0.1999999996,0.0999999999,0.13333332871111125,1,4,9,10,49.0
C90.02,Multiple myeloma in relapse,0.6307692306721894,0.9534883718712818,0.7592592543261317,41,24,2,43,122.0
C90.10,Plasma cell leukemia not having achieved remission,0.4999999975,0.3333333322222222,0.39999999360000005,1,1,2,3,19.0
C90.30,Solitary plasmacytoma not having achieved remission,0.4999999975,0.249999999375,0.33333332777777785,1,1,3,4,19.0
C91.00,Acute lymphoblastic leukemia not having achieved remission,0.74999999953125,0.7999999994666667,0.7741935428928202,12,4,3,15,73.0
C91.01,"Acute lymphoblastic leukemia, in remission",0.5937499998144531,0.9047619043310657,0.7169811270202919,19,13,2,21,50.0
C91.10,Chronic lymphocytic leukemia of B-cell type not having achieved remission,0.7628865978594963,0.9736842103981995,0.8554913244545426,74,23,2,76,426.0
C91.11,Chronic lymphocytic leukemia of B-cell type in remission,0.874999999453125,0.874999999453125,0.874999994453125,14,2,2,16,32.0
C91.12,Chronic lymphocytic leukemia of B-cell type in relapse,0.33333333277777777,0.49999999875,0.3999999944,2,4,2,4,12.0
C91.40,Hairy cell leukemia not having achieved remission,0.49999999916666665,0.9999999966666667,0.6666666607407408,3,3,0,3,13.0
C91.41,"Hairy cell leukemia, in remission",0.7499999981250001,0.9999999966666667,0.8571428497959185,3,1,0,3,11.0
C91.50,Adult T-cell lymphoma/leukemia (HTLV-1-associated) not having achieved remission,0.0,0.0,0.0,0,0,3,3,27.0
C91.Z0,Other lymphoid leukemia not having achieved remission,0.3636363633057851,0.7999999984,0.499999995078125,4,7,1,5,24.0
C92.00,"Acute myeloblastic leukemia, not having achieved remission",0.6666666665608465,0.6885245900510615,0.6774193497307492,42,21,19,61,309.0
C92.01,"Acute myeloblastic leukemia, in remission",0.6117647058103807,0.7878787877594123,0.6887417168422438,52,33,14,66,184.0
C92.02,"Acute myeloblastic leukemia, in relapse",0.4166666665798611,0.7142857140306123,0.5263157846814405,20,28,8,28,127.0
C92.10,"Chronic myeloid leukemia, BCR/ABL-positive, not having achieved remission",0.39473684200138504,0.8333333328703704,0.5357142811607143,15,23,3,18,91.0
C92.11,"Chronic myeloid leukemia, BCR/ABL-positive, in remission",0.3043478259546314,0.8749999989062499,0.4516128991050989,7,16,1,8,27.0
C92.30,"Myeloid sarcoma, not having achieved remission",0.8333333319444445,0.9999999980000001,0.909090902479339,5,1,0,5,27.0
C92.40,"Acute promyelocytic leukemia, not having achieved remission",0.6666666644444444,0.999999995,0.799999992,2,1,0,2,12.0
C92.Z0,Other myeloid leukemia not having achieved remission,0.249999999375,0.0999999999,0.14285713857142868,1,3,9,10,45.0
C92.Z1,"Other myeloid leukemia, in remission",0.16666666638888888,0.07692307686390532,0.10526315346260404,1,5,12,13,25.0
C92.Z2,"Other myeloid leukemia, in relapse",0.17857142850765306,0.6249999992187499,0.27777777416666666,5,23,3,8,25.0
C93.10,Chronic myelomonocytic leukemia not having achieved remission,0.6249999992187499,0.9999999980000001,0.7692307633136094,5,3,0,5,24.0
C94.6,"Myelodysplastic disease, not classified",0.24999999979166665,0.37499999953124996,0.2999999949,3,9,5,8,34.0
C95.90,"Leukemia, unspecified not having achieved remission",0.0,0.0,0.0,0,0,2,2,9.0
C95.91,"Leukemia, unspecified, in remission",0.0,0.0,0.0,0,0,1,1,8.0
C96.6,Unifocal Langerhans-cell histiocytosis,0.39999999973333333,0.8571428559183674,0.5454545406198348,6,9,1,7,13.0
D0001ZZ,Beam Radiation of Brain using Photons 1 - 10 MeV,0.5714285711564626,0.6666666662962962,0.6153846100986194,12,9,6,18,89.0
D0061ZZ,Beam Radiation of Spinal Cord using Photons 1 - 10 MeV,0.0,0.0,0.0,0,0,5,5,21.0
D020DZZ,Stereotactic Other Photon Radiosurgery of Brain,0.5555555549382716,0.9999999980000001,0.7142857086734694,5,4,0,5,26.0
D05.11,Intraductal carcinoma in situ of right breast,0.3333333322222222,0.16666666638888888,0.2222222172839507,1,2,5,6,28.0
D05.12,Intraductal carcinoma in situ of left breast,0.1999999996,0.1999999996,0.19999999460000012,1,4,4,5,22.0
D05.92,Unspecified type of carcinoma in situ of left breast,0.0,0.0,0.0,0,0,3,3,12.0
D09.0,Carcinoma in situ of bladder,0.0,0.0,0.0,0,0,3,3,12.0
D11.0,Benign neoplasm of parotid gland,0.6666666644444444,0.6666666644444444,0.6666666594444445,2,1,1,3,14.0
D12.0,Benign neoplasm of cecum,0.615384615147929,0.5925925923731138,0.6037735796796014,16,10,11,27,102.0
D12.2,Benign neoplasm of ascending colon,0.5405405403944485,0.5405405403944485,0.5405405353944486,20,17,17,37,145.0
D12.3,Benign neoplasm of transverse colon,0.529411764550173,0.666666666419753,0.5901639292985758,18,16,9,27,123.0
D12.4,Benign neoplasm of descending colon,0.4999999995833333,0.46153846118343195,0.47999999462400006,6,6,7,13,60.0
D12.5,Benign neoplasm of sigmoid colon,0.4999999997222222,0.4285714283673469,0.4615384563313609,9,9,12,21,92.0
D12.6,"Benign neoplasm of colon, unspecified",0.0,0.0,0.0,0,3,12,12,36.0
D12.8,Benign neoplasm of rectum,0.0,0.0,0.0,0,1,5,5,24.0
D13.1,Benign neoplasm of stomach,0.0,0.0,0.0,0,0,2,2,8.0
D13.2,Benign neoplasm of duodenum,0.7499999990624999,0.5999999993999999,0.6666666609876544,6,2,4,10,37.0
D13.4,Benign neoplasm of liver,0.6999999992999999,0.7777777769135802,0.7368420995013849,7,3,2,9,16.0
D13.5,Benign neoplasm of extrahepatic bile ducts,0.41666666631944443,0.6249999992187499,0.4999999947,5,7,3,8,37.0
D13.6,Benign neoplasm of pancreas,0.4999999995833333,0.29999999985,0.374999995078125,6,6,14,20,98.0
D15.0,Benign neoplasm of thymus,0.8333333319444445,0.6249999992187499,0.7142857083673471,5,1,3,8,14.0
D15.1,Benign neoplasm of heart,0.6666666655555555,0.6666666655555555,0.6666666605555556,4,2,2,6,28.0
D17.0,"Benign lipomatous neoplasm of skin and subcutaneous tissue of head, face and neck",0.0,0.0,0.0,0,0,2,2,9.0
D17.1,Benign lipomatous neoplasm of skin and subcutaneous tissue of trunk,0.6666666644444444,0.2857142853061225,0.39999999500000005,2,1,5,7,18.0
D17.5,Benign lipomatous neoplasm of intra-abdominal organs,0.249999999375,0.3333333322222222,0.28571428000000004,1,3,2,3,15.0
D17.6,Benign lipomatous neoplasm of spermatic cord,0.0,0.0,0.0,0,1,2,2,8.0
D17.71,Benign lipomatous neoplasm of kidney,0.2777777776234568,0.6249999992187499,0.3846153800591716,5,13,3,8,34.0
D17.79,Benign lipomatous neoplasm of other sites,0.0,0.0,0.0,0,0,9,9,25.0
D17.9,"Benign lipomatous neoplasm, unspecified",0.0,0.0,0.0,0,0,2,2,11.0
D18.02,Hemangioma of intracranial structures,0.4999999975,0.14285714265306124,0.22222221827160496,1,1,6,7,34.0
D18.03,Hemangioma of intra-abdominal structures,0.3124999998046875,0.29411764688581316,0.30303029785123975,5,11,12,17,86.0
D18.09,Hemangioma of other sites,0.3333333331111111,0.45454545413223135,0.38461537943786983,5,10,6,11,52.0
D18.1,"Lymphangioma, any site",0.571428570612245,0.6666666655555555,0.6153846094674558,4,3,2,6,25.0
D21.4,Benign neoplasm of connective and other soft tissue of abdomen,0.4999999975,0.4999999975,0.4999999925000001,1,1,1,2,8.0
D22.5,Melanocytic nevi of trunk,0.0,0.0,0.0,0,0,2,2,9.0
D24.1,Benign neoplasm of right breast,0.9999999900000002,0.3333333322222222,0.49999999375000004,1,0,2,3,12.0
D24.2,Benign neoplasm of left breast,0.0,0.0,0.0,0,0,3,3,17.0
D25.0,Submucous leiomyoma of uterus,0.999999995,0.18181818165289254,0.3076923046153846,2,0,9,11,54.0
D25.1,Intramural leiomyoma of uterus,0.4482758619143876,0.481481481303155,0.46428570912627554,13,16,14,27,135.0
D25.2,Subserosal leiomyoma of uterus,0.36363636347107436,0.4210526313573407,0.39024389727543135,8,14,11,19,90.0
D25.9,"Leiomyoma of uterus, unspecified",0.5258620689201843,0.5980392156276433,0.5596330224922145,61,55,41,102,436.0
D27.0,Benign neoplasm of right ovary,0.6666666662222221,0.7142857137755102,0.6896551669441141,10,5,4,14,49.0
D27.1,Benign neoplasm of left ovary,0.29999999969999996,0.29999999969999996,0.29999999470000005,3,7,7,10,46.0
D28.2,Benign neoplasm of uterine tubes and ligaments,0.0,0.0,0.0,0,0,2,2,7.0
D29.1,Benign neoplasm of prostate,0.0,0.0,0.0,0,1,2,2,10.0
D32.0,Benign neoplasm of cerebral meninges,0.5495495495000406,0.8591549294564571,0.6703296654975246,61,50,10,71,299.0
D32.1,Benign neoplasm of spinal meninges,0.4999999975,0.3333333322222222,0.39999999360000005,1,1,2,3,13.0
D32.9,"Benign neoplasm of meninges, unspecified",0.12499999984374999,0.0999999999,0.11111110604938293,1,7,9,10,39.0
D33.3,Benign neoplasm of cranial nerves,0.3999999996,0.571428570612245,0.4705882298961938,4,6,3,7,32.0
D34,Benign neoplasm of thyroid gland,0.0,0.0,0.0,0,1,2,2,11.0
D35.00,Benign neoplasm of unspecified adrenal gland,0.1999999996,0.12499999984374999,0.15384614887573977,1,4,7,8,40.0
D35.01,Benign neoplasm of right adrenal gland,0.7999999984,0.3636363633057851,0.499999995078125,4,1,7,11,40.0
D35.02,Benign neoplasm of left adrenal gland,0.39999999973333333,0.4285714282653061,0.41379309816884663,6,9,8,14,69.0
D35.1,Benign neoplasm of parathyroid gland,0.3333333322222222,0.1999999996,0.24999999468750006,1,2,4,5,22.0
D35.2,Benign neoplasm of pituitary gland,0.6341463413087448,0.8124999997460938,0.7123287620041285,26,15,6,32,142.0
D36.10,"Benign neoplasm of peripheral nerves and autonomic nervous system, unspecified",0.0,0.0,0.0,0,0,3,3,17.0
D37.8,Neoplasm of uncertain behavior of other specified digestive organs,0.0,0.0,0.0,0,0,3,3,13.0
D38.1,"Neoplasm of uncertain behavior of trachea, bronchus and lung",0.0,0.0,0.0,0,0,3,3,12.0
D3A.090,Benign carcinoid tumor of the bronchus and lung,0.0,0.0,0.0,0,0,2,2,8.0
D3A.8,Other benign neuroendocrine tumors,0.0,0.0,0.0,0,0,9,9,36.0
D41.4,Neoplasm of uncertain behavior of bladder,0.4999999975,0.4999999975,0.4999999925000001,1,1,1,2,8.0
D43.0,"Neoplasm of uncertain behavior of brain, supratentorial",0.0,0.0,0.0,0,0,2,2,8.0
D43.1,"Neoplasm of uncertain behavior of brain, infratentorial",0.0,0.0,0.0,0,0,2,2,11.0
D44.4,Neoplasm of uncertain behavior of craniopharyngeal duct,0.0,0.0,0.0,0,0,2,2,6.0
D45,Polycythemia vera,0.5945945944338933,0.879999999648,0.7096774143132154,22,15,3,25,123.0
D46.9,"Myelodysplastic syndrome, unspecified",0.6904761904213909,0.9255319147951563,0.7909090859429754,87,39,7,94,444.0
D46.C,Myelodysplastic syndrome with isolated del(5q) chromosomal abnormality,0.0,0.0,0.0,0,0,1,1,8.0
D46.Z,Other myelodysplastic syndromes,0.9999999900000002,0.12499999984374999,0.22222221975308643,1,0,7,8,35.0
D47.1,Chronic myeloproliferative disease,0.0,0.0,0.0,0,3,3,3,16.0
D47.2,Monoclonal gammopathy,0.5679012345328456,0.7666666666027778,0.6524822645681808,92,70,28,120,541.0
D47.3,Essential (hemorrhagic) thrombocythemia,0.6904761904213909,0.5761589403591948,0.6281588397607164,87,39,64,151,634.0
D47.Z1,Post-transplant lymphoproliferative disorder (PTLD),0.9166666659027777,0.7857142851530612,0.8461538405325445,11,1,3,14,28.0
D47.Z9,"Other specified neoplasms of uncertain behavior of lymphoid, hematopoietic and related tissue",0.6666666644444444,0.6666666644444444,0.6666666594444445,2,1,1,3,10.0
D48.0,Neoplasm of uncertain behavior of bone and articular cartilage,0.0,0.0,0.0,0,0,2,2,8.0
D48.1,Neoplasm of uncertain behavior of connective and other soft tissue,0.4999999975,0.1999999996,0.28571428081632655,1,1,4,5,26.0
D49.0,Neoplasm of unspecified behavior of digestive system,0.0,0.0,0.0,0,7,8,8,41.0
D49.2,"Neoplasm of unspecified behavior of bone, soft tissue, and skin",0.0,0.0,0.0,0,0,2,2,7.0
D49.512,Neoplasm of unspecified behavior of left kidney,0.0,0.0,0.0,0,0,2,2,7.0
D49.6,Neoplasm of unspecified behavior of brain,0.0,0.0,0.0,0,2,6,6,31.0
D49.7,Neoplasm of unspecified behavior of endocrine glands and other parts of nervous system,0.0,0.0,0.0,0,0,3,3,17.0
D50.0,Iron deficiency anemia secondary to blood loss (chronic),0.3953488371786551,0.2965116278897377,0.33887042697321224,51,78,121,172,827.0
D50.8,Other iron deficiency anemias,0.0,0.0,0.0,0,0,29,29,113.0
D50.9,"Iron deficiency anemia, unspecified",0.5919540229828357,0.710344827578042,0.6457680201129444,618,426,252,870,3677.0
D51.0,Vitamin B12 deficiency anemia due to intrinsic factor deficiency,0.4324324323155588,0.695652173610586,0.5333333284277778,16,21,7,23,116.0
D51.3,Other dietary vitamin B12 deficiency anemia,0.0,0.0,0.0,0,0,5,5,19.0
D51.9,"Vitamin B12 deficiency anemia, unspecified",0.279999999888,0.15217391301039698,0.19718309397341807,7,18,39,46,211.0
D52.0,Dietary folate deficiency anemia,0.0,0.0,0.0,0,0,8,8,29.0
D52.9,"Folate deficiency anemia, unspecified",0.0,0.0,0.0,0,0,2,2,12.0
D53.1,"Other megaloblastic anemias, not elsewhere classified",0.7499999981250001,0.5999999988,0.6666666602469137,3,1,2,5,28.0
D53.8,Other specified nutritional anemias,0.0,0.0,0.0,0,0,3,3,12.0
D53.9,"Nutritional anemia, unspecified",0.6026200873099292,0.5774058577164265,0.5897435847206699,138,91,101,239,1085.0
D55.0,Anemia due to glucose-6-phosphate dehydrogenase [G6PD] deficiency,0.5384615380473372,0.26923076912721894,0.3589743543458252,7,6,19,26,103.0
D56.0,Alpha thalassemia,0.7999999984,0.9999999975,0.8888888819753088,4,1,0,4,21.0
D56.1,Beta thalassemia,0.7499999990624999,0.7499999990624999,0.7499999940625,6,2,2,8,45.0
D56.3,Thalassemia minor,0.5797101448435203,0.7843137253364091,0.6666666616680557,40,29,11,51,222.0
D56.9,"Thalassemia, unspecified",0.6363636357851239,0.46666666635555554,0.5384615331656805,7,4,8,15,74.0
D57.00,"Hb-SS disease with crisis, unspecified",0.5151515149954086,0.9999999994117647,0.6799999952399999,17,16,0,17,84.0
D57.01,Hb-SS disease with acute chest syndrome,0.571428570612245,0.7999999984,0.6666666606944446,4,3,1,5,23.0
D57.1,Sickle-cell disease without crisis,0.49999999949999996,0.3333333331111111,0.39999999488000004,5,5,10,15,42.0
D57.20,Sickle-cell/Hb-C disease without crisis,0.9999999900000002,0.4999999975,0.6666666577777778,1,0,1,2,11.0
D57.3,Sickle-cell trait,0.7469879517172304,0.7948717947698883,0.7701863303128738,62,21,16,78,297.0
D58.0,Hereditary spherocytosis,0.49999999916666665,0.9999999966666667,0.6666666607407408,3,3,0,3,13.0
D58.2,Other hemoglobinopathies,0.0,0.0,0.0,0,0,2,2,8.0
D58.9,"Hereditary hemolytic anemia, unspecified",0.41666666655092593,0.7142857139455782,0.5263157846352725,15,21,6,21,58.0
D59.1,Other autoimmune hemolytic anemias,0.6896551721759809,0.8695652170132325,0.7692307640014794,20,9,3,23,92.0
D59.2,Drug-induced nonautoimmune hemolytic anemia,0.0,0.0,0.0,0,0,4,4,12.0
D59.3,Hemolytic-uremic syndrome,0.9999999966666667,0.9999999966666667,0.9999999916666666,3,0,0,3,10.0
D59.4,Other nonautoimmune hemolytic anemias,0.249999999375,0.07142857137755101,0.1111111075308643,1,3,13,14,69.0
D59.8,Other acquired hemolytic anemias,0.0,0.0,0.0,0,0,3,3,9.0
D59.9,"Acquired hemolytic anemia, unspecified",0.0,0.0,0.0,0,3,16,16,67.0
D61.1,Drug-induced aplastic anemia,0.0,0.0,0.0,0,0,4,4,19.0
D61.810,Antineoplastic chemotherapy induced pancytopenia,0.5974025973250127,0.5542168674031065,0.5749999949351563,46,31,37,83,394.0
D61.811,Other drug-induced pancytopenia,0.5333333329777777,0.36363636347107436,0.4324324273776479,8,7,14,22,96.0
D61.818,Other pancytopenia,0.6832844574579682,0.6793002915253848,0.6812865446877244,233,108,110,343,1493.0
D61.89,Other specified aplastic anemias and other bone marrow failure syndromes,0.249999999375,0.3333333322222222,0.28571428000000004,1,3,2,3,12.0
D61.9,"Aplastic anemia, unspecified",0.6666666662222221,0.624999999609375,0.6451612849115506,10,5,6,16,74.0
D62,Acute posthemorrhagic anemia,0.682436106575952,0.7888120678768774,0.7317784206778486,1255,584,336,1591,7445.0
D63.0,Anemia in neoplastic disease,0.6648936169859099,0.4629629629458162,0.5458515235207185,125,63,145,270,1001.0
D63.1,Anemia in chronic kidney disease,0.6790606653487463,0.5697865352944206,0.6196428521700734,347,164,262,609,2640.0
D63.8,Anemia in other chronic diseases classified elsewhere,0.5360824742083821,0.3362068965444783,0.4132450283641595,156,135,308,464,2001.0
D64.81,Anemia due to antineoplastic chemotherapy,0.6037735848676872,0.53932584266633,0.5697329326675414,96,63,82,178,777.0
D64.89,Other specified anemias,0.0,0.0,0.0,0,1,77,77,378.0
D64.9,"Anemia, unspecified",0.5284687672718161,0.47871807711327635,0.5023646823453456,956,853,1041,1997,9102.0
D65,Disseminated intravascular coagulation [defibrination syndrome],0.6451612901144641,0.5714285712653061,0.6060606008953169,20,11,15,35,170.0
D66,Hereditary factor VIII deficiency,0.6249999992187499,0.6249999992187499,0.6249999942187501,5,3,3,8,42.0
D68.0,Von Willebrand's disease,0.3333333329629629,0.149999999925,0.20689654730083243,3,6,17,20,97.0
D68.1,Hereditary factor XI deficiency,0.9999999980000001,0.8333333319444445,0.909090902479339,5,0,1,6,13.0
D68.2,Hereditary deficiency of other clotting factors,0.49999999937499995,0.30769230745562126,0.3809523758730159,4,4,9,13,64.0
D68.312,Antiphospholipid antibody with hemorrhagic disorder,0.0,0.0,0.0,0,0,1,1,8.0
D68.318,"Other hemorrhagic disorder due to intrinsic circulating anticoagulants, antibodies, or inhibitors",0.0,0.0,0.0,0,0,2,2,11.0
D68.32,Hemorrhagic disorder due to extrinsic circulating anticoagulants,0.27999999996266667,0.19090909089173555,0.2270270221814464,21,54,89,110,538.0
D68.4,Acquired coagulation factor deficiency,0.5173913043253308,0.3801916932785881,0.4383057041246197,119,111,194,313,1473.0
D68.51,Activated protein C resistance,0.7999999998666667,0.9230769228994082,0.8571428520153062,48,12,4,52,246.0
D68.52,Prothrombin gene mutation,0.611111110771605,0.9166666659027777,0.7333333280444445,11,7,1,12,63.0
D68.59,Other primary thrombophilia,0.5999999998285714,0.44680851054323223,0.5121951169333732,21,14,26,47,199.0
D68.61,Antiphospholipid syndrome,0.6323529410834776,0.8775510202290712,0.7350427300489446,43,25,6,49,244.0
D68.62,Lupus anticoagulant syndrome,0.5862068963495838,0.809523809138322,0.679999994856,17,12,4,21,74.0
D68.69,Other thrombophilia,0.3333333330555555,0.26666666648888887,0.29629629113854594,4,8,11,15,73.0
D68.8,Other specified coagulation defects,0.0,0.0,0.0,0,0,61,61,261.0
D68.9,"Coagulation defect, unspecified",0.3636363635702479,0.06578947368204639,0.11142061021252167,20,35,284,304,1422.0
D69.0,Allergic purpura,0.2222222219753086,0.999999995,0.36363636,2,7,0,2,12.0
D69.1,Qualitative platelet defects,0.0,0.0,0.0,0,0,3,3,12.0
D69.2,Other nonthrombocytopenic purpura,0.9999999900000002,0.1999999996,0.33333332944444444,1,0,4,5,22.0
D69.3,Immune thrombocytopenic purpura,0.7012987012076236,0.8571428570068027,0.7714285663683673,54,23,9,63,287.0
D69.41,Evans syndrome,0.49999999875,0.2857142853061225,0.36363635834710756,2,2,5,7,33.0
D69.59,Other secondary thrombocytopenia,0.5209424083633261,0.35409252668409086,0.42161016466438345,199,183,363,562,2476.0
D69.6,"Thrombocytopenia, unspecified",0.5335365853604316,0.49481621111691976,0.5134474277649035,525,459,536,1061,4663.0
D70.1,Agranulocytosis secondary to cancer chemotherapy,0.40298507456671867,0.36486486481555885,0.3829787183622555,27,40,47,74,354.0
D70.2,Other drug-induced agranulocytosis,0.4583333331423611,0.26190476184240363,0.3333333286042241,11,13,31,42,154.0
D70.3,Neutropenia due to infection,0.0,0.0,0.0,0,0,21,21,103.0
D70.4,Cyclic neutropenia,0.0,0.0,0.0,0,0,4,4,19.0
D70.8,Other neutropenia,0.0,0.0,0.0,0,4,12,12,57.0
D70.9,"Neutropenia, unspecified",0.5432098765096783,0.5116279069469983,0.5269461027573595,88,74,84,172,736.0
D72.1,Eosinophilia,0.6826923076266642,0.7802197801340418,0.7282051231526628,71,33,20,91,362.0
D72.810,Lymphocytopenia,0.49999999916666665,0.5999999988,0.5454545395041324,3,3,2,5,27.0
D72.818,Other decreased white blood cell count,0.0,0.0,0.0,0,1,8,8,32.0
D72.819,"Decreased white blood cell count, unspecified",0.5034482758273484,0.5887096773718783,0.5427509243581489,73,72,51,124,520.0
D72.820,Lymphocytosis (symptomatic),0.0,0.0,0.0,0,0,4,4,22.0
D72.821,Monocytosis (symptomatic),0.3999999992,0.49999999875,0.4444444385185186,2,3,2,4,20.0
D72.823,Leukemoid reaction,0.0,0.0,0.0,0,0,7,7,26.0
D72.825,Bandemia,0.49999999875,0.3999999992,0.4444444385185186,2,2,3,5,24.0
D72.828,Other elevated white blood cell count,0.0,0.0,0.0,0,0,51,51,171.0
D72.829,"Elevated white blood cell count, unspecified",0.5836012861642508,0.4280660377308011,0.49387754613187107,363,259,485,848,3800.0
D72.89,Other specified disorders of white blood cells,0.0,0.0,0.0,0,0,2,2,8.0
D73.1,Hypersplenism,0.249999999375,0.1999999996,0.2222222167901236,1,3,4,5,21.0
D73.2,Chronic congestive splenomegaly,0.0,0.0,0.0,0,0,9,9,44.0
D73.3,Abscess of spleen,0.249999999375,0.249999999375,0.2499999943750001,1,3,3,4,18.0
D73.4,Cyst of spleen,0.9999999900000002,0.3333333322222222,0.49999999375000004,1,0,2,3,13.0
D73.5,Infarction of spleen,0.43076923070295864,0.6086956520415879,0.5045044995601008,28,37,18,46,216.0
D73.89,Other diseases of spleen,0.0,0.0,0.0,0,1,5,5,22.0
D75.1,Secondary polycythemia,0.5806451611030177,0.5454545452892562,0.5624999948291015,18,13,15,33,124.0
D75.81,Myelofibrosis,0.7058823525259516,0.9999999991666666,0.8275862014744353,12,5,0,12,40.0
D75.82,Heparin induced thrombocytopenia (HIT),0.7407407404663923,0.6249999998046875,0.6779660965010055,20,7,12,32,109.0
D75.89,Other specified diseases of blood and blood-forming organs,0.4374999997265625,0.3181818180371901,0.3684210475623269,7,9,15,22,110.0
D75.9,"Disease of blood and blood-forming organs, unspecified",0.0,0.0,0.0,0,0,8,8,22.0
D75.A,Glucose-6-phosphate dehydrogenase (G6PD) deficiency without anemia,0.0,0.0,0.0,0,0,3,3,10.0
D76.1,Hemophagocytic lymphohistiocytosis,0.6153846149112425,0.8888888879012344,0.7272727217768595,8,5,1,9,41.0
D80.1,Nonfamilial hypogammaglobulinemia,0.7596899224217294,0.8828828828033439,0.8166666616267362,98,31,13,111,310.0
D80.2,Selective deficiency of immunoglobulin A [IgA],0.5555555549382716,0.7142857132653061,0.624999994296875,5,4,2,7,28.0
D80.3,Selective deficiency of immunoglobulin G [IgG] subclasses,0.3846153843195266,0.45454545413223135,0.4166666613541667,5,8,6,11,56.0
D83.9,"Common variable immunodeficiency, unspecified",0.6666666663888888,0.7619047615419501,0.7111111058172839,16,8,5,21,104.0
D84.1,Defects in the complement system,0.0,0.0,0.0,0,2,4,4,17.0
D84.8,Other specified immunodeficiencies,0.0,0.0,0.0,0,0,2,2,9.0
D84.9,"Immunodeficiency, unspecified",0.9999999900000002,0.4999999975,0.6666666577777778,1,0,1,2,9.0
D86.0,Sarcoidosis of lung,0.3863636362758264,0.6296296293964334,0.47887323458837533,17,27,10,27,105.0
D86.1,Sarcoidosis of lymph nodes,0.0,0.0,0.0,0,0,3,3,13.0
D86.2,Sarcoidosis of lung with sarcoidosis of lymph nodes,0.0,0.0,0.0,0,1,2,2,11.0
D86.85,Sarcoid myocarditis,0.0,0.0,0.0,0,8,2,2,9.0
D86.89,Sarcoidosis of other sites,0.759999999696,0.6551724135671819,0.7037036984705075,19,6,10,29,96.0
D86.9,"Sarcoidosis, unspecified",0.5074626864914236,0.5964912279655279,0.5483870917182624,34,33,23,57,211.0
D89.0,Polyclonal hypergammaglobulinemia,0.1999999996,0.249999999375,0.2222222167901236,1,4,3,4,20.0
D89.1,Cryoglobulinemia,0.9999999966666667,0.7499999981250001,0.8571428497959185,3,0,1,4,13.0
D89.2,"Hypergammaglobulinemia, unspecified",0.0,0.0,0.0,0,2,2,2,9.0
D89.40,"Mast cell activation, unspecified",0.9999999900000002,0.249999999375,0.3999999952,1,0,3,4,19.0
D89.810,Acute graft-versus-host disease,0.5999999988,0.49999999916666665,0.5454545395041324,3,2,3,6,29.0
D89.811,Chronic graft-versus-host disease,0.8617021275679041,0.8804347825129962,0.8709677368424096,81,13,11,92,172.0
D89.812,Acute on chronic graft-versus-host disease,0.1290322580228928,0.9999999975,0.2285714264163265,4,27,0,4,11.0
D89.813,"Graft-versus-host disease, unspecified",0.4545454544077135,0.59999999976,0.5172413742271107,15,18,10,25,97.0
D89.89,"Other specified disorders involving the immune mechanism, not elsewhere classified",0.0,0.0,0.0,0,2,4,4,22.0
DB021ZZ,Beam Radiation of Lung using Photons 1 - 10 MeV,0.0,0.0,0.0,0,1,9,9,37.0
DB061ZZ,Beam Radiation of Mediastinum using Photons 1 - 10 MeV,0.0,0.0,0.0,0,0,2,2,8.0
DD001ZZ,Beam Radiation of Esophagus using Photons 1 - 10 MeV,0.0,0.0,0.0,0,0,4,4,18.0
DH0B1ZZ,Beam Radiation of Leg Skin using Photons 1 - 10 MeV,0.249999999375,0.9999999900000002,0.3999999952,1,3,0,1,8.0
DP051ZZ,Beam Radiation of Rib(s) using Photons 1 - 10 MeV,0.0,0.0,0.0,0,0,2,2,9.0
DP061ZZ,Beam Radiation of Humerus using Photons 1 - 10 MeV,0.0,0.0,0.0,0,2,2,2,11.0
DP081ZZ,Beam Radiation of Pelvic Bones using Photons 1 - 10 MeV,0.33333333277777777,0.33333333277777777,0.3333333277777778,2,4,4,6,30.0
DP091ZZ,Beam Radiation of Femur using Photons 1 - 10 MeV,0.14285714265306124,0.1999999996,0.16666666152777793,1,6,4,5,23.0
DP0C1ZZ,Beam Radiation of Other Bone using Photons 1 - 10 MeV,0.34042553184246266,0.7999999996,0.4776119359679216,16,31,4,20,97.0
DPYC7ZZ,Contact Radiation of Other Bone,0.0,0.0,0.0,0,2,2,2,7.0
DU1198Z,High Dose Rate (HDR) Brachytherapy of Cervix using Iridium 192 (Ir-192),0.1999999996,0.4999999975,0.28571428081632655,1,4,1,2,8.0
DW011ZZ,Beam Radiation of Head and Neck using Photons 1 - 10 MeV,0.1999999996,0.1999999996,0.19999999460000012,1,4,4,5,23.0
DW021ZZ,Beam Radiation of Chest using Photons 1 - 10 MeV,0.0,0.0,0.0,0,0,3,3,13.0
DW031ZZ,Beam Radiation of Abdomen using Photons 1 - 10 MeV,0.0,0.0,0.0,0,2,2,2,10.0
DW061ZZ,Beam Radiation of Pelvic Region using Photons 1 - 10 MeV,0.470588235017301,0.666666666111111,0.5517241326991676,8,9,4,12,51.0
DW1698Z,High Dose Rate (HDR) Brachytherapy of Pelvic Region using Iridium 192 (Ir-192),0.3999999992,0.999999995,0.5714285657142857,2,3,0,2,7.0
E01.0,Iodine-deficiency related diffuse (endemic) goiter,0.0,0.0,0.0,0,0,2,2,8.0
E02,Subclinical iodine-deficiency hypothyroidism,0.24999999984375,0.30769230745562126,0.2758620638287753,4,12,9,13,65.0
E03.1,Congenital hypothyroidism without goiter,0.0,0.0,0.0,0,0,2,2,9.0
E03.2,Hypothyroidism due to medicaments and other exogenous substances,0.3333333322222222,0.09090909082644627,0.14285713928571436,1,2,10,11,56.0
E03.8,Other specified hypothyroidism,0.4999999975,0.03448275860879905,0.06451612778355881,1,1,28,29,129.0
E03.9,"Hypothyroidism, unspecified",0.8500857632903942,0.9479724560024944,0.8963646179090262,2478,437,136,2614,10961.0
E04.1,Nontoxic single thyroid nodule,0.4687499999511719,0.3571428571145125,0.40540540046018997,45,51,81,126,615.0
E04.2,Nontoxic multinodular goiter,0.49056603764328943,0.36111111106095684,0.41599999504896007,26,27,46,72,363.0
E04.9,"Nontoxic goiter, unspecified",0.23333333325555555,0.34999999982499996,0.27999999508800005,7,23,13,20,102.0
E05.00,Thyrotoxicosis with diffuse goiter without thyrotoxic crisis or storm,0.5217391303591683,0.6545454544264463,0.580645156260406,36,33,19,55,255.0
E05.20,Thyrotoxicosis with toxic multinodular goiter without thyrotoxic crisis or storm,0.8333333319444445,0.45454545413223135,0.5882352888581315,5,1,6,11,54.0
E05.80,Other thyrotoxicosis without thyrotoxic crisis or storm,0.6666666659259258,0.5454545449586776,0.5999999944500001,6,3,5,11,53.0
E05.90,"Thyrotoxicosis, unspecified without thyrotoxic crisis or storm",0.5154639174726326,0.7042253520134895,0.5952380902869899,50,47,21,71,232.0
E06.3,Autoimmune thyroiditis,0.5952380950963718,0.48076923067677513,0.5319148885604347,25,17,27,52,208.0
E06.9,"Thyroiditis, unspecified",0.0,0.0,0.0,0,3,3,3,14.0
E07.81,Sick-euthyroid syndrome,0.4285714279591837,0.3333333329629629,0.374999994609375,3,4,6,9,47.0
E07.9,"Disorder of thyroid, unspecified",0.0,0.0,0.0,0,2,29,29,86.0
E08.649,Diabetes mellitus due to underlying condition with hypoglycemia without coma,0.0,0.0,0.0,0,0,2,2,8.0
E08.65,Diabetes mellitus due to underlying condition with hyperglycemia,0.0,0.0,0.0,0,0,2,2,12.0
E08.9,Diabetes mellitus due to underlying condition without complications,0.0,0.0,0.0,0,0,6,6,28.0
E09.22,Drug or chemical induced diabetes mellitus with diabetic chronic kidney disease,0.0,0.0,0.0,0,0,5,5,24.0
E09.40,"Drug or chemical induced diabetes mellitus with neurological complications with diabetic neuropathy, unspecified",0.0,0.0,0.0,0,0,3,3,7.0
E09.649,Drug or chemical induced diabetes mellitus with hypoglycemia without coma,0.0,0.0,0.0,0,0,3,3,12.0
E09.65,Drug or chemical induced diabetes mellitus with hyperglycemia,0.0,0.0,0.0,0,6,12,12,63.0
E09.9,Drug or chemical induced diabetes mellitus without complications,0.4444444439506172,0.1666666665972222,0.24242423831037652,4,5,20,24,114.0
E10.10,Type 1 diabetes mellitus with ketoacidosis without coma,0.7352941175389274,0.7575757574609734,0.7462686516061485,50,18,16,66,314.0
E10.21,Type 1 diabetes mellitus with diabetic nephropathy,0.35294117643598616,0.5070422534497124,0.4161849662106988,36,66,35,71,272.0
E10.22,Type 1 diabetes mellitus with diabetic chronic kidney disease,0.6288659793490275,0.7393939393491276,0.6796657331563226,122,72,43,165,611.0
E10.319,Type 1 diabetes mellitus with unspecified diabetic retinopathy without macular edema,0.5384615384339251,0.686274509759067,0.603448270900218,105,90,48,153,561.0
E10.3293,"Type 1 diabetes mellitus with mild nonproliferative diabetic retinopathy without macular edema, bilateral",0.0,0.0,0.0,0,0,2,2,8.0
E10.3299,"Type 1 diabetes mellitus with mild nonproliferative diabetic retinopathy without macular edema, unspecified eye",0.4999999975,0.12499999984374999,0.19999999640000002,1,1,7,8,11.0
E10.3513,"Type 1 diabetes mellitus with proliferative diabetic retinopathy with macular edema, bilateral",0.0,0.0,0.0,0,0,2,2,8.0
E10.359,Type 1 diabetes mellitus with proliferative diabetic retinopathy without macular edema,0.0,0.0,0.0,0,0,1,1,9.0
E10.3593,"Type 1 diabetes mellitus with proliferative diabetic retinopathy without macular edema, bilateral",0.0,0.0,0.0,0,0,5,5,24.0
E10.3599,"Type 1 diabetes mellitus with proliferative diabetic retinopathy without macular edema, unspecified eye",0.0,0.0,0.0,0,0,7,7,34.0
E10.36,Type 1 diabetes mellitus with diabetic cataract,0.0,0.0,0.0,0,0,3,3,13.0
E10.39,Type 1 diabetes mellitus with other diabetic ophthalmic complication,0.0,0.0,0.0,0,0,7,7,23.0
E10.40,"Type 1 diabetes mellitus with diabetic neuropathy, unspecified",0.4444444444135802,0.5871559632488849,0.505928848810636,64,80,45,109,433.0
E10.42,Type 1 diabetes mellitus with diabetic polyneuropathy,0.696969696758494,0.38333333326944447,0.49462365122904384,23,10,37,60,201.0
E10.43,Type 1 diabetes mellitus with diabetic autonomic (poly)neuropathy,0.6057692307109838,0.6116504853775097,0.6086956471152186,63,41,40,103,420.0
E10.51,Type 1 diabetes mellitus with diabetic peripheral angiopathy without gangrene,0.510638297763694,0.479999999904,0.49484535572749494,24,23,26,50,218.0
E10.52,Type 1 diabetes mellitus with diabetic peripheral angiopathy with gangrene,0.29999999969999996,0.2727272724793388,0.28571428045351477,3,7,8,11,61.0
E10.610,Type 1 diabetes mellitus with diabetic neuropathic arthropathy,0.45454545413223135,0.3333333331111111,0.38461537943786983,5,6,10,15,77.0
E10.621,Type 1 diabetes mellitus with foot ulcer,0.6470588233391004,0.5238095236848073,0.5789473633240998,22,12,20,42,190.0
E10.622,Type 1 diabetes mellitus with other skin ulcer,0.9999999900000002,0.16666666638888888,0.2857142824489796,1,0,5,6,25.0
E10.628,Type 1 diabetes mellitus with other skin complications,0.0,0.0,0.0,0,0,5,5,19.0
E10.649,Type 1 diabetes mellitus with hypoglycemia without coma,0.5441176469788063,0.5138888888175155,0.5285714235000002,37,31,35,72,320.0
E10.65,Type 1 diabetes mellitus with hyperglycemia,0.5578947368127424,0.6794871794436226,0.6127167580186441,106,84,50,156,544.0
E10.69,Type 1 diabetes mellitus with other specified complication,0.3999999998,0.38095238077097504,0.390243897251636,8,12,13,21,117.0
E10.8,Type 1 diabetes mellitus with unspecified complications,0.0,0.0,0.0,0,0,2,2,11.0
E10.9,Type 1 diabetes mellitus without complications,0.5769230767011834,0.41666666655092593,0.48387096271592095,15,11,21,36,183.0
E11.00,Type 2 diabetes mellitus with hyperosmolarity without nonketotic hyperglycemic-hyperosmolar coma (NKHHC),0.9090909082644627,0.6666666662222221,0.7692307637573965,10,1,5,15,79.0
E11.10,Type 2 diabetes mellitus with ketoacidosis without coma,0.37037037023319613,0.34482758608799047,0.35714285202168367,10,17,19,29,114.0
E11.21,Type 2 diabetes mellitus with diabetic nephropathy,0.5387755101820908,0.4536082474070925,0.49253730845128374,132,113,159,291,1277.0
E11.22,Type 2 diabetes mellitus with diabetic chronic kidney disease,0.7356389214493808,0.8213350785286563,0.7761286282818378,1255,451,273,1528,6648.0
E11.29,Type 2 diabetes mellitus with other diabetic kidney complication,0.0,0.0,0.0,0,0,4,4,11.0
E11.311,Type 2 diabetes mellitus with unspecified diabetic retinopathy with macular edema,0.7499999981250001,0.49999999916666665,0.5999999940000001,3,1,3,6,29.0
E11.319,Type 2 diabetes mellitus with unspecified diabetic retinopathy without macular edema,0.7047872340238088,0.6743002544357685,0.6892067570131274,265,111,128,393,1503.0
E11.329,Type 2 diabetes mellitus with mild nonproliferative diabetic retinopathy without macular edema,0.0,0.0,0.0,0,1,3,3,13.0
E11.3293,"Type 2 diabetes mellitus with mild nonproliferative diabetic retinopathy without macular edema, bilateral",0.0,0.0,0.0,0,0,4,4,11.0
E11.3299,"Type 2 diabetes mellitus with mild nonproliferative diabetic retinopathy without macular edema, unspecified eye",0.21428571413265304,0.29999999969999996,0.24999999493055564,3,11,7,10,47.0
E11.3399,"Type 2 diabetes mellitus with moderate nonproliferative diabetic retinopathy without macular edema, unspecified eye",0.0,0.0,0.0,0,0,3,3,11.0
E11.3499,"Type 2 diabetes mellitus with severe nonproliferative diabetic retinopathy without macular edema, unspecified eye",0.0,0.0,0.0,0,2,2,2,13.0
E11.3513,"Type 2 diabetes mellitus with proliferative diabetic retinopathy with macular edema, bilateral",0.0,0.0,0.0,0,0,1,1,7.0
E11.359,Type 2 diabetes mellitus with proliferative diabetic retinopathy without macular edema,0.0,0.0,0.0,0,0,3,3,13.0
E11.3591,"Type 2 diabetes mellitus with proliferative diabetic retinopathy without macular edema, right eye",0.0,0.0,0.0,0,0,2,2,8.0
E11.3592,"Type 2 diabetes mellitus with proliferative diabetic retinopathy without macular edema, left eye",0.0,0.0,0.0,0,1,2,2,10.0
E11.3593,"Type 2 diabetes mellitus with proliferative diabetic retinopathy without macular edema, bilateral",0.0,0.0,0.0,0,5,5,5,26.0
E11.3599,"Type 2 diabetes mellitus with proliferative diabetic retinopathy without macular edema, unspecified eye",0.2857142853061225,0.18181818165289254,0.22222221722222232,2,5,9,11,55.0
E11.36,Type 2 diabetes mellitus with diabetic cataract,0.0,0.0,0.0,0,1,21,21,103.0
E11.39,Type 2 diabetes mellitus with other diabetic ophthalmic complication,0.3333333322222222,0.049999999975,0.08695651939508513,1,2,19,20,97.0
E11.40,"Type 2 diabetes mellitus with diabetic neuropathy, unspecified",0.638447971770045,0.5501519756755296,0.591020403181208,362,205,296,658,2757.0
E11.41,Type 2 diabetes mellitus with diabetic mononeuropathy,0.0,0.0,0.0,0,0,3,3,9.0
E11.42,Type 2 diabetes mellitus with diabetic polyneuropathy,0.4576271186311405,0.4709302325444497,0.4641833760765511,162,192,182,344,1538.0
E11.43,Type 2 diabetes mellitus with diabetic autonomic (poly)neuropathy,0.7499999999414062,0.6620689654715814,0.7032966982645682,96,32,49,145,444.0
E11.49,Type 2 diabetes mellitus with other diabetic neurological complication,0.3333333322222222,0.3333333322222222,0.33333332722222225,1,2,2,3,12.0
E11.51,Type 2 diabetes mellitus with diabetic peripheral angiopathy without gangrene,0.5423387096664851,0.6450839328382474,0.5892661505557429,269,227,148,417,1714.0
E11.52,Type 2 diabetes mellitus with diabetic peripheral angiopathy with gangrene,0.5304347825625709,0.6703296702560078,0.5922330047191066,61,54,30,91,447.0
E11.59,Type 2 diabetes mellitus with other circulatory complications,0.0,0.0,0.0,0,0,3,3,17.0
E11.610,Type 2 diabetes mellitus with diabetic neuropathic arthropathy,0.6166666665638889,0.770833333172743,0.6851851801200275,37,23,11,48,225.0
E11.621,Type 2 diabetes mellitus with foot ulcer,0.5979381443093492,0.7837837837484781,0.6783625681634236,174,117,48,222,977.0
E11.622,Type 2 diabetes mellitus with other skin ulcer,0.1999999996,0.03571428570153061,0.06060605799816356,1,4,27,28,159.0
E11.628,Type 2 diabetes mellitus with other skin complications,0.15151515146923783,0.22727272716942148,0.18181817695206626,5,28,17,22,112.0
E11.649,Type 2 diabetes mellitus with hypoglycemia without coma,0.5735294117436203,0.5735294117436203,0.5735294067436203,156,116,116,272,1111.0
E11.65,Type 2 diabetes mellitus with hyperglycemia,0.6141636141561152,0.6311166875705004,0.6225247474684698,503,316,294,797,3639.0
E11.69,Type 2 diabetes mellitus with other specified complication,0.5781249999548339,0.627118644014651,0.6016260112195122,74,54,44,118,549.0
E11.8,Type 2 diabetes mellitus with unspecified complications,0.0,0.0,0.0,0,0,65,65,298.0
E11.9,Type 2 diabetes mellitus without complications,0.7140549272992163,0.800724637677533,0.7549103280618215,1768,708,440,2208,9861.0
E13.10,Other specified diabetes mellitus with ketoacidosis without coma,0.0,0.0,0.0,0,1,23,23,95.0
E13.22,Other specified diabetes mellitus with diabetic chronic kidney disease,0.0,0.0,0.0,0,0,2,2,11.0
E13.649,Other specified diabetes mellitus with hypoglycemia without coma,0.0,0.0,0.0,0,0,3,3,15.0
E13.65,Other specified diabetes mellitus with hyperglycemia,0.0,0.0,0.0,0,0,3,3,14.0
E13.9,Other specified diabetes mellitus without complications,0.9999999900000002,0.1111111109876543,0.1999999978,1,0,8,9,43.0
E16.0,Drug-induced hypoglycemia without coma,0.0,0.0,0.0,0,1,5,5,25.0
E16.1,Other hypoglycemia,0.0,0.0,0.0,0,0,8,8,41.0
E16.2,"Hypoglycemia, unspecified",0.7160493826276483,0.5087719297799324,0.5948717899539777,58,23,56,114,473.0
E16.4,Increased secretion of gastrin,0.0,0.0,0.0,0,0,2,2,11.0
E20.8,Other hypoparathyroidism,0.0,0.0,0.0,0,7,1,1,7.0
E20.9,"Hypoparathyroidism, unspecified",0.9999999966666667,0.4285714279591837,0.5999999946000001,3,0,4,7,31.0
E21.0,Primary hyperparathyroidism,0.5294117646020761,0.8181818179338842,0.6428571379336735,27,24,6,33,163.0
E21.1,"Secondary hyperparathyroidism, not elsewhere classified",0.3333333322222222,0.1111111109876543,0.16666666263888896,1,2,8,9,30.0
E21.2,Other hyperparathyroidism,0.5416666664409722,0.8124999994921874,0.649999994875,13,11,3,16,56.0
E21.3,"Hyperparathyroidism, unspecified",0.4301075268354723,0.44444444439506176,0.4371584648989221,40,53,50,90,477.0
E22.0,Acromegaly and pituitary gigantism,0.6666666644444444,0.6666666644444444,0.6666666594444445,2,1,1,3,12.0
E22.1,Hyperprolactinemia,0.3333333331944444,0.666666666111111,0.44444443975308645,8,16,4,12,55.0
E22.2,Syndrome of inappropriate secretion of antidiuretic hormone,0.679611650452446,0.6965174129006707,0.6879606829276361,140,66,61,201,877.0
E23.0,Hypopituitarism,0.4999999998076923,0.4999999998076923,0.49999999480769236,13,13,13,26,110.0
E23.2,Diabetes insipidus,0.642857142627551,0.5806451611030177,0.610169486331514,18,10,13,31,77.0
E23.6,Other disorders of pituitary gland,0.4444444439506172,0.571428570612245,0.49999999445312515,4,5,3,7,32.0
E23.7,"Disorder of pituitary gland, unspecified",0.0,0.0,0.0,0,0,2,2,8.0
E24.2,Drug-induced Cushing's syndrome,0.0,0.0,0.0,0,0,3,3,17.0
E24.9,"Cushing's syndrome, unspecified",0.0,0.0,0.0,0,0,5,5,24.0
E26.09,Other primary hyperaldosteronism,0.4444444439506172,0.9999999975,0.6153846101775148,4,5,0,4,18.0
E26.9,"Hyperaldosteronism, unspecified",0.6666666659259258,0.8571428559183674,0.749999994140625,6,3,1,7,34.0
E27.1,Primary adrenocortical insufficiency,0.7812499997558594,0.9259259255829904,0.8474576218672796,25,7,2,27,78.0
E27.2,Addisonian crisis,0.6666666644444444,0.49999999875,0.5714285648979592,2,1,2,4,14.0
E27.3,Drug-induced adrenocortical insufficiency,0.4423076922226331,0.534883720805841,0.48421052125872577,23,29,20,43,180.0
E27.40,Unspecified adrenocortical insufficiency,0.6311475409318732,0.7129629628969479,0.6695652123516069,77,45,31,108,451.0
E27.49,Other adrenocortical insufficiency,0.4594594593352812,0.5483870965972945,0.4999999948918685,17,20,14,31,135.0
E27.8,Other specified disorders of adrenal gland,0.33333333277777777,0.09523809519274376,0.14814814458161876,2,4,19,21,71.0
E27.9,"Disorder of adrenal gland, unspecified",0.36363636347107436,0.2962962961865569,0.3265306071636818,8,14,19,27,105.0
E28.2,Polycystic ovarian syndrome,0.5903614457120047,0.8448275860612366,0.6950354560515066,49,34,9,58,261.0
E28.39,Other primary ovarian failure,0.0,0.0,0.0,0,0,2,2,13.0
E29.1,Testicular hypofunction,0.4285714284693877,0.529411764550173,0.4736842054570637,18,24,16,34,133.0
E34.0,Carcinoid syndrome,0.7499999981250001,0.49999999916666665,0.5999999940000001,3,1,3,6,27.0
E43,Unspecified severe protein-calorie malnutrition,0.8624999999820312,0.5974025973939768,0.7058823480940077,414,66,279,693,2977.0
E44.0,Moderate protein-calorie malnutrition,0.8873239435369967,0.31188118810337223,0.4615384576559461,63,8,139,202,894.0
E44.1,Mild protein-calorie malnutrition,0.6666666655555555,0.14814814809327845,0.24242423930211202,4,2,23,27,128.0
E46,Unspecified protein-calorie malnutrition,0.6149584487364277,0.4922394678383095,0.546798024604607,222,139,229,451,1952.0
E50.9,"Vitamin A deficiency, unspecified",0.6666666644444444,0.6666666644444444,0.6666666594444445,2,1,1,3,18.0
E51.2,Wernicke's encephalopathy,0.47619047596371883,0.6666666662222221,0.5555555503858025,10,11,5,15,75.0
E51.9,"Thiamine deficiency, unspecified",0.49999999916666665,0.49999999916666665,0.4999999941666667,3,3,3,6,31.0
E53.8,Deficiency of other specified B group vitamins,0.5562499999652344,0.48901098898412027,0.5204678312475634,89,71,93,182,907.0
E53.9,"Vitamin B deficiency, unspecified",0.49999999875,0.3999999992,0.4444444385185186,2,2,3,5,23.0
E55.9,"Vitamin D deficiency, unspecified",0.5992779783285329,0.7019027483995369,0.6465433251061459,332,222,141,473,2452.0
E56.1,Deficiency of vitamin K,0.7499999981250001,0.2727272724793388,0.3999999955555556,3,1,8,11,49.0
E56.9,"Vitamin deficiency, unspecified",0.0,0.0,0.0,0,0,6,6,17.0
E60,Dietary zinc deficiency,0.5714285710204081,0.8888888879012344,0.6956521685444235,8,6,1,9,43.0
E61.0,Copper deficiency,0.49999999937499995,0.9999999975,0.6666666611111112,4,4,0,4,19.0
E61.1,Iron deficiency,0.4285714283673469,0.3214285713137755,0.3673469337276135,9,12,19,28,133.0
E61.2,Magnesium deficiency,0.0,0.0,0.0,0,0,3,3,12.0
E63.8,Other specified nutritional deficiencies,0.0,0.0,0.0,0,0,2,2,10.0
E63.9,"Nutritional deficiency, unspecified",0.0,0.0,0.0,0,0,8,8,39.0
E65,Localized adiposity,0.8333333319444445,0.3571428568877551,0.49999999530000006,5,1,9,14,65.0
E66.01,Morbid (severe) obesity due to excess calories,0.8083941605691899,0.7286184210406477,0.7664359811593792,443,105,165,608,2664.0
E66.09,Other obesity due to excess calories,0.0,0.0,0.0,0,0,5,5,23.0
E66.2,Morbid (severe) obesity with alveolar hypoventilation,0.7105263156959835,0.6666666665843622,0.6878980840894156,54,22,27,81,316.0
E66.3,Overweight,0.29999999969999996,0.07499999998125,0.11999999675200007,3,7,37,40,161.0
E66.8,Other obesity,0.0,0.0,0.0,0,0,16,16,24.0
E66.9,"Obesity, unspecified",0.6448275862031907,0.5609999999971951,0.5999999950209559,1122,618,878,2000,8833.0
E70.30,"Albinism, unspecified",0.0,0.0,0.0,0,0,2,2,
E71.440,Ruvalcaba-Myhre-Smith syndrome,0.0,0.0,0.0,0,0,1,1,17.0
E72.09,Other disorders of amino-acid transport,0.9999999900000002,0.3333333322222222,0.49999999375000004,1,0,2,3,12.0
E72.11,Homocystinuria,0.6923076917751478,0.8999999991,0.7826086900567109,9,4,1,10,20.0
E72.20,"Disorder of urea cycle metabolism, unspecified",0.0,0.0,0.0,0,0,3,3,8.0
E73.9,"Lactose intolerance, unspecified",0.6249999992187499,0.20833333324652778,0.31249999605468753,5,3,19,24,119.0
E74.01,von Gierke disease,0.0,0.0,0.0,0,0,12,12,34.0
E74.39,Other disorders of intestinal carbohydrate absorption,0.0,0.0,0.0,0,2,26,26,60.0
E75.22,Gaucher disease,0.6666666644444444,0.6666666644444444,0.6666666594444445,2,1,1,3,26.0
E78.0,Pure hypercholesterolemia,0.0,0.0,0.0,0,0,233,233,1081.0
E78.00,"Pure hypercholesterolemia, unspecified",0.3809523809160998,0.07155635062483799,0.12048192504468179,40,65,519,559,2414.0
E78.01,Familial hypercholesterolemia,0.4999999975,0.4999999975,0.4999999925000001,1,1,1,2,10.0
E78.1,Pure hyperglyceridemia,0.5357142856186224,0.44117647052335646,0.48387096271071806,30,26,38,68,286.0
E78.2,Mixed hyperlipidemia,0.5999999999,0.5806451611966701,0.5901639293308251,36,24,26,62,187.0
E78.4,Other hyperlipidemia,0.0,0.0,0.0,0,0,10,10,48.0
E78.49,Other hyperlipidemia,0.0,0.0,0.0,0,0,112,112,452.0
E78.5,"Hyperlipidemia, unspecified",0.7873093349593808,0.9041479820615133,0.8416932961772827,6452,1743,684,7136,32175.0
E79.0,Hyperuricemia without signs of inflammatory arthritis and tophaceous disease,0.519999999896,0.530612244789671,0.5252525201469238,26,24,23,49,188.0
E80.4,Gilbert syndrome,0.319999999872,0.3333333331944444,0.3265306071137027,8,17,16,24,100.0
E80.6,Other disorders of bilirubin metabolism,0.3645833332953559,0.4666666666044445,0.40935672017372876,35,61,40,75,364.0
E83.01,Wilson's disease,0.0,0.0,0.0,0,0,3,3,10.0
E83.110,Hereditary hemochromatosis,0.3333333331111111,0.6249999992187499,0.43478260378071826,5,10,3,8,36.0
E83.111,Hemochromatosis due to repeated red blood cell transfusions,0.6249999992187499,0.7142857132653061,0.6666666608,5,3,2,7,31.0
E83.118,Other hemochromatosis,0.0,0.0,0.0,0,0,3,3,16.0
E83.119,"Hemochromatosis, unspecified",0.4999999999,0.6944444442515432,0.5813953438345052,25,25,11,36,162.0
E83.19,Other disorders of iron metabolism,0.0,0.0,0.0,0,1,2,2,15.0
E83.39,Other disorders of phosphorus metabolism,0.71180555553084,0.40117416828960517,0.5131414221601158,205,83,306,511,2327.0
E83.41,Hypermagnesemia,0.9999999900000002,0.09090909082644627,0.16666666486111115,1,0,10,11,52.0
E83.42,Hypomagnesemia,0.70370370368001,0.4837962962850973,0.5733881981735697,209,88,223,432,1794.0
E83.51,Hypocalcemia,0.7252747251950248,0.3999999999757576,0.5156249953775025,66,25,99,165,751.0
E83.52,Hypercalcemia,0.7745098038456364,0.5642857142454081,0.652892557052797,79,23,61,140,636.0
E83.59,Other disorders of calcium metabolism,0.8181818174380164,0.749999999375,0.7826086899810963,9,2,3,12,57.0
E83.89,Other disorders of mineral metabolism,0.0,0.0,0.0,0,0,5,5,15.0
E83.9,"Disorder of mineral metabolism, unspecified",0.0,0.0,0.0,0,0,4,4,22.0
E84.0,Cystic fibrosis with pulmonary manifestations,0.0,0.0,0.0,0,0,9,9,4.0
E84.9,"Cystic fibrosis, unspecified",0.559999999776,0.9333333327111111,0.6999999949625001,14,11,1,15,39.0
E85.4,Organ-limited amyloidosis,0.6770833332628039,0.9285714284387756,0.7831325251487881,65,31,5,70,336.0
E85.89,Other amyloidosis,0.0,0.0,0.0,0,0,2,2,8.0
E85.9,"Amyloidosis, unspecified",0.0,0.0,0.0,0,4,4,4,21.0
E86.0,Dehydration,0.6104651162701967,0.5060240963794455,0.5533596788309283,420,268,410,830,3662.0
E86.1,Hypovolemia,0.5449735449591276,0.2877094972026856,0.3765996298396774,206,172,510,716,2997.0
E86.9,"Volume depletion, unspecified",0.3181818180371901,0.08974358973208416,0.1399999965400001,7,15,71,78,373.0
E87.0,Hyperosmolality and hypernatremia,0.8243243242964755,0.4621212121124598,0.5922330050907249,244,52,284,528,2472.0
E87.1,Hypo-osmolality and hyponatremia,0.8584807492106298,0.5597014925335163,0.6776180650315548,825,136,649,1474,6240.0
E87.2,Acidosis,0.6444662095921208,0.5185185185144325,0.5746724841365917,658,363,611,1269,5997.0
E87.3,Alkalosis,0.5858585857994083,0.29896907214953766,0.3959044323586763,58,41,136,194,835.0
E87.4,Mixed disorder of acid-base balance,0.6170212764644636,0.20279720278302116,0.30526315413905813,29,18,114,143,592.0
E87.5,Hyperkalemia,0.7797147384979443,0.572759022112075,0.6604026796719698,492,139,367,859,3988.0
E87.6,Hypokalemia,0.6746031745924667,0.5562827225058078,0.6097560925984287,425,205,339,764,3366.0
E87.70,"Fluid overload, unspecified",0.41477272724916064,0.21791044775468923,0.28571428118718917,73,103,262,335,1401.0
E87.71,Transfusion associated circulatory overload,0.4999999975,0.14285714265306124,0.22222221827160496,1,1,6,7,28.0
E87.79,Other fluid overload,0.0,0.0,0.0,0,0,54,54,194.0
E87.8,"Other disorders of electrolyte and fluid balance, not elsewhere classified",0.40540540529583635,0.22727272723829203,0.29126213126213596,15,22,51,66,322.0
E88.01,Alpha-1-antitrypsin deficiency,0.7142857132653061,0.7142857132653061,0.7142857082653062,5,2,2,7,37.0
E88.09,"Other disorders of plasma-protein metabolism, not elsewhere classified",0.5405405404674946,0.3921568627066513,0.45454544962035126,40,34,62,102,455.0
E88.1,"Lipodystrophy, not elsewhere classified",0.6666666644444444,0.18181818165289254,0.2857142819387755,2,1,9,11,17.0
E88.2,"Lipomatosis, not elsewhere classified",0.999999995,0.999999995,0.9999999900000001,2,0,0,2,11.0
E88.3,Tumor lysis syndrome,0.749999999765625,0.7999999997333334,0.77419354314256,24,8,6,30,118.0
E88.40,"Mitochondrial metabolism disorder, unspecified",0.3333333322222222,0.249999999375,0.28571428000000004,1,2,3,4,11.0
E88.41,MELAS syndrome,0.0,0.0,0.0,0,0,4,4,
E88.81,Metabolic syndrome,0.29411764688581316,0.249999999875,0.27027026515704905,5,12,15,20,98.0
E88.89,Other specified metabolic disorders,0.4999999975,0.0624999999609375,0.1111111090123457,1,1,15,16,69.0
E88.9,"Metabolic disorder, unspecified",0.0,0.0,0.0,0,0,1,1,8.0
E89.0,Postprocedural hypothyroidism,0.563380281674271,0.7575757575470615,0.6462035492067304,200,155,64,264,1019.0
E89.1,Postprocedural hypoinsulinemia,0.4999999975,0.09090909082644627,0.15384615100591717,1,1,10,11,54.0
E89.2,Postprocedural hypoparathyroidism,0.0,0.0,0.0,0,4,9,9,43.0
E89.3,Postprocedural hypopituitarism,0.49999999916666665,0.7499999981250001,0.5999999940000001,3,3,1,4,21.0
E89.6,Postprocedural adrenocortical (-medullary) hypofunction,0.0,0.0,0.0,0,0,3,3,14.0
E89.89,Other postprocedural endocrine and metabolic complications and disorders,0.0,0.0,0.0,0,0,2,2,10.0
F01.50,Vascular dementia without behavioral disturbance,0.7168141592286006,0.7788461537712649,0.7465437737416383,81,32,23,104,461.0
F01.51,Vascular dementia with behavioral disturbance,0.9999999966666667,0.1764705881314879,0.29999999715,3,0,14,17,83.0
F02.80,Dementia in other diseases classified elsewhere without behavioral disturbance,0.7196652719364156,0.6718749999737549,0.6949494899273136,172,67,84,256,1145.0
F02.81,Dementia in other diseases classified elsewhere with behavioral disturbance,0.4385964911511234,0.5102040815285298,0.47169810814702745,25,32,24,49,244.0
F03.90,Unspecified dementia without behavioral disturbance,0.7095070422410298,0.7964426877312956,0.7504655443509184,403,165,103,506,2516.0
F03.91,Unspecified dementia with behavioral disturbance,0.5909090906404958,0.30232558132504056,0.39999999539881653,13,9,30,43,207.0
F04,Amnestic disorder due to known physiological condition,0.1999999996,0.1999999996,0.19999999460000012,1,4,4,5,26.0
F05,Delirium due to known physiological condition,0.5371179039184035,0.5061728394957578,0.5211864356713231,246,212,240,486,2129.0
F06.1,Catatonic disorder due to known physiological condition,0.2727272724793388,0.37499999953124996,0.31578946847645434,3,8,5,8,41.0
F06.30,"Mood disorder due to known physiological condition, unspecified",0.0,0.0,0.0,0,0,2,2,9.0
F06.31,Mood disorder due to known physiological condition with depressive features,0.0,0.0,0.0,0,0,3,3,8.0
F06.4,Anxiety disorder due to known physiological condition,0.0,0.0,0.0,0,0,12,12,54.0
F06.8,Other specified mental disorders due to known physiological condition,0.0,0.0,0.0,0,0,16,16,71.0
F07.81,Postconcussional syndrome,0.4999999995833333,0.5999999993999999,0.5454545399999999,6,6,4,10,49.0
F09,"Physical Rehabilitation and Diagnostic Audiology, Rehabilitation, Hearing Treatment",0.0,0.0,0.0,0,0,20,20,102.0
F10.10,"Alcohol abuse, uncomplicated",0.4741935483718002,0.4005449591171514,0.434268828109764,147,163,220,367,1901.0
F10.11,"Alcohol abuse, in remission",0.0,0.0,0.0,0,0,117,117,447.0
F10.120,"Alcohol abuse with intoxication, uncomplicated",0.0,0.0,0.0,0,0,2,2,11.0
F10.121,Alcohol abuse with intoxication delirium,0.0,0.0,0.0,0,0,2,2,11.0
F10.129,"Alcohol abuse with intoxication, unspecified",0.439999999824,0.14285714283859,0.21568627076701272,11,14,66,77,323.0
F10.14,Alcohol abuse with alcohol-induced mood disorder,0.0,0.0,0.0,0,0,4,4,18.0
F10.188,Alcohol abuse with other alcohol-induced disorder,0.0,0.0,0.0,0,0,7,7,29.0
F10.20,"Alcohol dependence, uncomplicated",0.30188679242435035,0.23703703701947873,0.26556016102546454,32,74,103,135,584.0
F10.21,"Alcohol dependence, in remission",0.4266666666097778,0.1264822134337359,0.19512194768013835,32,43,221,253,1183.0
F10.220,"Alcohol dependence with intoxication, uncomplicated",0.0,0.0,0.0,0,0,2,2,10.0
F10.221,Alcohol dependence with intoxication delirium,0.0,0.0,0.0,0,0,4,4,19.0
F10.229,"Alcohol dependence with intoxication, unspecified",0.3478260868809074,0.2711864406320023,0.30476189978049895,16,30,43,59,295.0
F10.230,"Alcohol dependence with withdrawal, uncomplicated",0.0,0.0,0.0,0,0,3,3,16.0
F10.231,Alcohol dependence with withdrawal delirium,0.46153846118343195,0.21428571420918366,0.2926829223557406,6,7,22,28,142.0
F10.232,Alcohol dependence with withdrawal with perceptual disturbance,0.0,0.0,0.0,0,0,5,5,25.0
F10.239,"Alcohol dependence with withdrawal, unspecified",0.6317829457119464,0.7990196078039696,0.7056277006654673,163,95,41,204,938.0
F10.24,Alcohol dependence with alcohol-induced mood disorder,0.4999999975,0.16666666638888888,0.24999999562500003,1,1,5,6,26.0
F10.251,Alcohol dependence with alcohol-induced psychotic disorder with hallucinations,0.249999999375,0.3333333322222222,0.28571428000000004,1,3,2,3,17.0
F10.26,Alcohol dependence with alcohol-induced persisting amnestic disorder,0.0,0.0,0.0,0,0,2,2,7.0
F10.27,Alcohol dependence with alcohol-induced persisting dementia,0.0,0.0,0.0,0,1,1,1,8.0
F10.288,Alcohol dependence with other alcohol-induced disorder,0.0,0.0,0.0,0,0,4,4,21.0
F10.929,"Alcohol use, unspecified with intoxication, unspecified",0.0,0.0,0.0,0,0,2,2,8.0
F10.94,"Alcohol use, unspecified with alcohol-induced mood disorder",0.9999999900000002,0.3333333322222222,0.49999999375000004,1,0,2,3,13.0
F10.97,"Alcohol use, unspecified with alcohol-induced persisting dementia",0.0,0.0,0.0,0,1,2,2,9.0
F10.988,"Alcohol use, unspecified with other alcohol-induced disorder",0.0,0.0,0.0,0,0,2,2,11.0
F10.99,"Alcohol use, unspecified with unspecified alcohol-induced disorder",0.0,0.0,0.0,0,0,22,22,99.0
F11.10,"Opioid abuse, uncomplicated",0.3271028037077474,0.3043478260604915,0.31531531029340154,35,72,80,115,472.0
F11.11,"Opioid abuse, in remission",0.0,0.0,0.0,0,0,27,27,124.0
F11.129,"Opioid abuse with intoxication, unspecified",0.0,0.0,0.0,0,0,3,3,12.0
F11.20,"Opioid dependence, uncomplicated",0.4901960784073433,0.43478260867674856,0.46082948808426594,100,104,130,230,878.0
F11.21,"Opioid dependence, in remission",0.0,0.0,0.0,0,3,42,42,167.0
F11.229,"Opioid dependence with intoxication, unspecified",0.0,0.0,0.0,0,0,1,1,8.0
F11.23,Opioid dependence with withdrawal,0.485714285644898,0.6538461537204142,0.5573770441977963,34,36,18,52,249.0
F11.24,Opioid dependence with opioid-induced mood disorder,0.16666666638888888,0.4999999975,0.24999999562500003,1,5,1,2,7.0
F11.288,Opioid dependence with other opioid-induced disorder,0.0,0.0,0.0,0,0,1,1,7.0
F11.90,"Opioid use, unspecified, uncomplicated",0.27272727260330576,0.09374999998535158,0.13953487988101687,6,16,58,64,312.0
F11.99,"Opioid use, unspecified with unspecified opioid-induced disorder",0.0,0.0,0.0,0,0,3,3,14.0
F12.10,"Cannabis abuse, uncomplicated",0.4285714282653061,0.10344827584423305,0.16666666348765435,6,8,52,58,240.0
F12.11,"Cannabis abuse, in remission",0.0,0.0,0.0,0,0,5,5,26.0
F12.20,"Cannabis dependence, uncomplicated",0.0,0.0,0.0,0,0,7,7,35.0
F12.21,"Cannabis dependence, in remission",0.0,0.0,0.0,0,0,4,4,21.0
F12.90,"Cannabis use, unspecified, uncomplicated",0.5616438355395009,0.18807339448678562,0.28178693780281294,41,32,177,218,865.0
F12.929,"Cannabis use, unspecified with intoxication, unspecified",0.0,0.0,0.0,0,0,1,1,8.0
F12.959,"Cannabis use, unspecified with psychotic disorder, unspecified",0.0,0.0,0.0,0,0,2,2,11.0
F12.988,"Cannabis use, unspecified with other cannabis-induced disorder",0.0,0.0,0.0,0,1,4,4,19.0
F13.10,"Sedative, hypnotic or anxiolytic abuse, uncomplicated",0.0,0.0,0.0,0,2,22,22,86.0
F13.20,"Sedative, hypnotic or anxiolytic dependence, uncomplicated",0.9999999900000002,0.1999999996,0.33333332944444444,1,0,4,5,24.0
F13.21,"Sedative, hypnotic or anxiolytic dependence, in remission",0.0,0.0,0.0,0,0,2,2,7.0
F13.231,"Sedative, hypnotic or anxiolytic dependence with withdrawal delirium",0.0,0.0,0.0,0,0,2,2,11.0
F13.239,"Sedative, hypnotic or anxiolytic dependence with withdrawal, unspecified",0.30769230745562126,0.3999999996,0.34782608173913043,4,9,6,10,34.0
F13.90,"Sedative, hypnotic, or anxiolytic use, unspecified, uncomplicated",0.0,0.0,0.0,0,0,6,6,26.0
F14.10,"Cocaine abuse, uncomplicated",0.3701298701058357,0.5999999999368422,0.4578313205451525,57,97,38,95,472.0
F14.11,"Cocaine abuse, in remission",0.0,0.0,0.0,0,0,25,25,121.0
F14.129,"Cocaine abuse with intoxication, unspecified",0.0,0.0,0.0,0,0,5,5,25.0
F14.14,Cocaine abuse with cocaine-induced mood disorder,0.0,0.0,0.0,0,0,2,2,7.0
F14.188,Cocaine abuse with other cocaine-induced disorder,0.0,0.0,0.0,0,0,2,2,12.0
F14.20,"Cocaine dependence, uncomplicated",0.0,0.0,0.0,0,0,11,11,51.0
F14.21,"Cocaine dependence, in remission",0.0,0.0,0.0,0,0,22,22,103.0
F14.23,Cocaine dependence with withdrawal,0.0,0.0,0.0,0,0,4,4,16.0
F14.90,"Cocaine use, unspecified, uncomplicated",0.45454545413223135,0.07462686566050346,0.12820512574950693,5,6,62,67,275.0
F15.10,"Other stimulant abuse, uncomplicated",0.4285714284489796,0.4285714284489796,0.42857142344897964,15,20,20,35,125.0
F15.11,"Other stimulant abuse, in remission",0.0,0.0,0.0,0,0,4,4,22.0
F15.129,"Other stimulant abuse with intoxication, unspecified",0.0,0.0,0.0,0,0,2,2,7.0
F15.20,"Other stimulant dependence, uncomplicated",0.0,0.0,0.0,0,0,2,2,11.0
F15.21,"Other stimulant dependence, in remission",0.0,0.0,0.0,0,0,2,2,6.0
F15.90,"Other stimulant use, unspecified, uncomplicated",0.3846153843195266,0.3124999998046875,0.34482758102259214,5,8,11,16,76.0
F15.93,"Other stimulant use, unspecified with withdrawal",0.0,0.0,0.0,0,0,3,3,12.0
F16.90,"Hallucinogen use, unspecified, uncomplicated",0.0,0.0,0.0,0,0,3,3,12.0
F17.200,"Nicotine dependence, unspecified, uncomplicated",0.0,0.0,0.0,0,0,198,198,833.0
F17.210,"Nicotine dependence, cigarettes, uncomplicated",0.5381895332352321,0.41652983032065394,0.46960814071235746,761,653,1066,1827,8486.0
F17.211,"Nicotine dependence, cigarettes, in remission",0.0,0.0,0.0,0,0,9,9,44.0
F17.213,"Nicotine dependence, cigarettes, with withdrawal",0.0,0.0,0.0,0,0,3,3,17.0
F17.218,"Nicotine dependence, cigarettes, with other nicotine-induced disorders",0.0,0.0,0.0,0,0,2,2,10.0
F17.219,"Nicotine dependence, cigarettes, with unspecified nicotine-induced disorders",0.0,0.0,0.0,0,0,3,3,16.0
F17.220,"Nicotine dependence, chewing tobacco, uncomplicated",0.0,0.0,0.0,0,0,9,9,43.0
F17.290,"Nicotine dependence, other tobacco product, uncomplicated",0.0,0.0,0.0,0,0,103,103,363.0
F19.10,"Other psychoactive substance abuse, uncomplicated",0.12499999984374999,0.024390243896490183,0.04081632378175778,1,7,40,41,202.0
F19.11,"Other psychoactive substance abuse, in remission",0.0,0.0,0.0,0,0,14,14,72.0
F19.14,Other psychoactive substance abuse with psychoactive substance-induced mood disorder,0.0,0.0,0.0,0,0,3,3,12.0
F19.20,"Other psychoactive substance dependence, uncomplicated",0.0,0.0,0.0,0,0,5,5,23.0
F19.21,"Other psychoactive substance dependence, in remission",0.0,0.0,0.0,0,0,6,6,26.0
F19.90,"Other psychoactive substance use, unspecified, uncomplicated",0.0,0.0,0.0,0,0,15,15,73.0
F19.921,"Other psychoactive substance use, unspecified with intoxication with delirium",0.0,0.0,0.0,0,0,2,2,9.0
F19.939,"Other psychoactive substance use, unspecified with withdrawal, unspecified",0.0,0.0,0.0,0,0,5,5,18.0
F19.94,"Other psychoactive substance use, unspecified with psychoactive substance-induced mood disorder",0.0,0.0,0.0,0,0,3,3,11.0
F19.959,"Other psychoactive substance use, unspecified with psychoactive substance-induced psychotic disorder, unspecified",0.0,0.0,0.0,0,0,2,2,11.0
F20.0,Paranoid schizophrenia,0.6326530610953769,0.9393939391092745,0.7560975559815586,31,18,2,33,211.0
F20.2,Catatonic schizophrenia,0.5454545449586776,0.8571428559183674,0.6666666611728396,6,5,1,7,31.0
F20.89,Other schizophrenia,0.0,0.0,0.0,0,0,4,4,19.0
F20.9,"Schizophrenia, unspecified",0.743243243142805,0.7333333332355556,0.7382550284581775,55,19,20,75,535.0
F21,Schizotypal disorder,0.4285714279591837,0.7499999981250001,0.5454545398347109,3,4,1,4,10.0
F22,Delusional disorders,0.5384615382544379,0.43749999986328125,0.4827586155766944,14,12,18,32,156.0
F23,Brief psychotic disorder,0.6999999992999999,0.5833333328472222,0.6363636308264463,7,3,5,12,59.0
F25.0,"Schizoaffective disorder, bipolar type",0.5454545453305785,0.9230769227218935,0.6857142808489796,24,20,2,26,131.0
F25.1,"Schizoaffective disorder, depressive type",0.9999999900000002,0.1999999996,0.33333332944444444,1,0,4,5,22.0
F25.8,Other schizoaffective disorders,0.0,0.0,0.0,0,0,2,2,9.0
F25.9,"Schizoaffective disorder, unspecified",0.6321839079733123,0.7333333332355556,0.6790123406226186,55,32,20,75,432.0
F28,Other psychotic disorder not due to a substance or known physiological condition,0.0,0.0,0.0,0,0,4,4,19.0
F29,Unspecified psychosis not due to a substance or known physiological condition,0.5454545453553719,0.6521739129017013,0.5940594008626606,30,25,16,46,199.0
F30.2,"Manic episode, severe with psychotic symptoms",0.0,0.0,0.0,0,0,3,3,14.0
F30.9,"Manic episode, unspecified",0.0,0.0,0.0,0,0,3,3,13.0
F31.0,"Bipolar disorder, current episode hypomanic",0.0,0.0,0.0,0,0,2,2,8.0
F31.10,"Bipolar disorder, current episode manic without psychotic features, unspecified",0.3999999992,0.49999999875,0.4444444385185186,2,3,2,4,16.0
F31.2,"Bipolar disorder, current episode manic severe with psychotic features",0.4999999998076923,0.7222222218209876,0.5909090858057853,13,13,5,18,67.0
F31.30,"Bipolar disorder, current episode depressed, mild or moderate severity, unspecified",0.0,0.0,0.0,0,0,5,5,26.0
F31.4,"Bipolar disorder, current episode depressed, severe, without psychotic features",0.4999999975,0.1999999996,0.28571428081632655,1,1,4,5,25.0
F31.5,"Bipolar disorder, current episode depressed, severe, with psychotic features",0.0,0.0,0.0,0,0,5,5,22.0
F31.60,"Bipolar disorder, current episode mixed, unspecified",0.33333333277777777,0.2857142853061225,0.3076923022485208,2,4,5,7,25.0
F31.63,"Bipolar disorder, current episode mixed, severe, without psychotic features",0.0,0.0,0.0,0,0,2,2,7.0
F31.64,"Bipolar disorder, current episode mixed, severe, with psychotic features",0.0,0.0,0.0,0,5,3,3,18.0
F31.81,Bipolar II disorder,0.481481481303155,0.6190476187528344,0.5416666615190974,13,14,8,21,106.0
F31.89,Other bipolar disorder,0.0,0.0,0.0,0,0,6,6,33.0
F31.9,"Bipolar disorder, unspecified",0.7418655097452957,0.8528678304026716,0.7935034752842363,342,119,59,401,2141.0
F32.1,"Major depressive disorder, single episode, moderate",0.0,0.0,0.0,0,0,2,2,8.0
F32.2,"Major depressive disorder, single episode, severe without psychotic features",0.5999999988,0.19999999986666667,0.29999999595000004,3,2,12,15,54.0
F32.3,"Major depressive disorder, single episode, severe with psychotic features",0.3333333329629629,0.12499999994791666,0.18181817774104692,3,6,21,24,98.0
F32.8,Other depressive episodes,0.0,0.0,0.0,0,0,2,2,9.0
F32.89,Other specified depressive episodes,0.0,0.0,0.0,0,0,6,6,30.0
F32.9,"Major depressive disorder, single episode, unspecified",0.7440337909171193,0.8792113800826573,0.8059940467372462,3523,1212,484,4007,16601.0
F33.0,"Major depressive disorder, recurrent, mild",0.0,0.0,0.0,0,0,2,2,10.0
F33.1,"Major depressive disorder, recurrent, moderate",0.0,0.0,0.0,0,1,8,8,40.0
F33.2,"Major depressive disorder, recurrent severe without psychotic features",0.5443037973994552,0.6515151514164371,0.593103443234245,43,36,23,66,269.0
F33.3,"Major depressive disorder, recurrent, severe with psychotic symptoms",0.1739130434026465,0.3999999996,0.24242423805325988,4,19,6,10,51.0
F33.41,"Major depressive disorder, recurrent, in partial remission",0.0,0.0,0.0,0,0,2,2,12.0
F33.8,Other recurrent depressive disorders,0.0,0.0,0.0,0,0,3,3,14.0
F33.9,"Major depressive disorder, recurrent, unspecified",0.4285714282653061,0.1818181817630854,0.2553191446446357,6,8,27,33,165.0
F34.1,Dysthymic disorder,0.4285714282653061,0.4999999995833333,0.46153845621301776,6,8,6,12,57.0
F39,Unspecified mood [affective] disorder,0.6126126125574223,0.5230769230366864,0.5643153476813416,68,43,62,130,579.0
F40.00,"Agoraphobia, unspecified",0.6666666659259258,0.374999999765625,0.47999999500800006,6,3,10,16,39.0
F40.01,Agoraphobia with panic disorder,0.5454545449586776,0.5454545449586776,0.5454545399586777,6,5,5,11,55.0
F40.10,"Social phobia, unspecified",0.0,0.0,0.0,0,0,2,2,8.0
F40.240,Claustrophobia,0.359999999856,0.359999999856,0.3599999948560001,9,16,16,25,124.0
F41.0,Panic disorder [episodic paroxysmal anxiety],0.5289855072080445,0.6347826086404538,0.577075093809933,73,65,42,115,495.0
F41.1,Generalized anxiety disorder,0.7037037036168268,0.6129032257405481,0.6551724087415777,57,24,36,93,446.0
F41.8,Other specified anxiety disorders,0.0,0.0,0.0,0,1,145,145,596.0
F41.9,"Anxiety disorder, unspecified",0.7254847645409267,0.7855428914193595,0.7543202715034224,2619,991,715,3334,13693.0
F42,Obsessive-compulsive disorder,0.0,0.0,0.0,0,3,9,9,43.0
F42.3,Hoarding disorder,0.6666666644444444,0.6666666644444444,0.6666666594444445,2,1,1,3,14.0
F42.8,Other obsessive-compulsive disorder,0.0,0.0,0.0,0,0,2,2,8.0
F42.9,"Obsessive-compulsive disorder, unspecified",0.47916666656684026,0.6764705880363322,0.560975604765021,23,25,11,34,209.0
F43.0,Acute stress reaction,0.7999999984,0.571428570612245,0.6666666606944446,4,1,3,7,33.0
F43.10,"Post-traumatic stress disorder, unspecified",0.6739562624120485,0.8149038461342571,0.7377584281081889,339,164,77,416,1709.0
F43.12,"Post-traumatic stress disorder, chronic",0.0,0.0,0.0,0,0,15,15,76.0
F43.20,"Adjustment disorder, unspecified",0.45454545433884297,0.32258064505723205,0.37735848556781776,10,12,21,31,152.0
F43.21,Adjustment disorder with depressed mood,0.6363636360743802,0.3888888887808642,0.48275861581450663,14,8,22,36,169.0
F43.22,Adjustment disorder with anxiety,0.6666666644444444,0.10526315783933518,0.1818181792975207,2,1,17,19,89.0
F43.23,Adjustment disorder with mixed anxiety and depressed mood,0.21428571413265304,0.12499999994791666,0.15789473210526328,3,11,21,24,111.0
F43.24,Adjustment disorder with disturbance of conduct,0.0,0.0,0.0,0,0,2,2,11.0
F43.25,Adjustment disorder with mixed disturbance of emotions and conduct,0.0,0.0,0.0,0,0,4,4,21.0
F43.29,Adjustment disorder with other symptoms,0.0,0.0,0.0,0,0,4,4,19.0
F43.9,"Reaction to severe stress, unspecified",0.1999999996,0.16666666638888888,0.1818181765289258,1,4,5,6,31.0
F44.4,Conversion disorder with motor symptom or deficit,0.0,0.0,0.0,0,0,5,5,15.0
F44.5,Conversion disorder with seizures or convulsions,0.49999999916666665,0.16666666657407406,0.24999999604166667,3,3,15,18,64.0
F44.81,Dissociative identity disorder,0.0,0.0,0.0,0,0,1,1,11.0
F44.89,Other dissociative and conversion disorders,0.0,0.0,0.0,0,2,2,2,11.0
F44.9,"Dissociative and conversion disorder, unspecified",0.1874999998828125,0.49999999916666665,0.27272726851239676,3,13,3,6,31.0
F45.0,Somatization disorder,0.0,0.0,0.0,0,0,3,3,20.0
F45.41,Pain disorder exclusively related to psychological factors,0.0,0.0,0.0,0,0,3,3,12.0
F45.42,Pain disorder with related psychological factors,0.0,0.0,0.0,0,0,2,2,9.0
F45.8,Other somatoform disorders,0.33333333277777777,0.1111111110493827,0.16666666277777784,2,4,16,18,64.0
F45.9,"Somatoform disorder, unspecified",0.1874999998828125,0.24999999979166665,0.21428570923469398,3,13,9,12,62.0
F48.2,Pseudobulbar affect,0.4999999975,0.249999999375,0.33333332777777785,1,1,3,4,9.0
F50.00,"Anorexia nervosa, unspecified",0.49999999937499995,0.26666666648888887,0.3478260821172023,4,4,11,15,70.0
F50.01,"Anorexia nervosa, restricting type",0.41666666649305556,0.6666666662222221,0.5128205078238003,10,14,5,15,75.0
F50.02,"Anorexia nervosa, binge eating/purging type",0.0,0.0,0.0,0,0,5,5,23.0
F50.2,Bulimia nervosa,0.4444444439506172,0.49999999937499995,0.4705882297577854,4,5,4,8,41.0
F50.8,Other eating disorders,0.0,0.0,0.0,0,0,2,2,9.0
F50.89,Other specified eating disorder,0.0,0.0,0.0,0,0,7,7,32.0
F50.9,"Eating disorder, unspecified",0.26923076912721894,0.49999999964285713,0.349999995275,7,19,7,14,70.0
F51.01,Primary insomnia,0.0,0.0,0.0,0,0,2,2,8.0
F51.04,Psychophysiologic insomnia,0.9999999900000002,0.0999999999,0.18181817983471074,1,0,9,10,49.0
F51.05,Insomnia due to other mental disorder,0.0,0.0,0.0,0,0,6,6,28.0
F51.4,Sleep terrors [night terrors],0.0,0.0,0.0,0,0,2,2,7.0
F51.5,Nightmare disorder,0.9999999900000002,0.3333333322222222,0.49999999375000004,1,0,2,3,16.0
F51.9,"Sleep disorder not due to a substance or known physiological condition, unspecified",0.0,0.0,0.0,0,0,5,5,24.0
F53,"Mental and behavioral disorders associated with the puerperium, not elsewhere classified",0.0,0.0,0.0,0,1,3,3,12.0
F54,Psychological and behavioral factors associated with disorders or diseases classified elsewhere,0.0,0.0,0.0,0,0,3,3,14.0
F55.2,Abuse of laxatives,0.5999999988,0.7499999981250001,0.6666666602469137,3,2,1,4,18.0
F55.3,Abuse of steroids or hormones,0.0,0.0,0.0,0,0,2,2,8.0
F55.8,Abuse of other non-psychoactive substances,0.0,0.0,0.0,0,0,3,3,13.0
F60.1,Schizoid personality disorder,0.0,0.0,0.0,0,2,2,2,10.0
F60.2,Antisocial personality disorder,0.4285714283673469,0.6923076917751478,0.5294117596712803,9,12,4,13,62.0
F60.3,Borderline personality disorder,0.5972222221392748,0.796296296148834,0.682539677533384,43,29,11,54,334.0
F60.7,Dependent personality disorder,0.6666666644444444,0.33333333277777777,0.44444443901234576,2,1,4,6,7.0
F60.81,Narcissistic personality disorder,0.3333333322222222,0.3333333322222222,0.33333332722222225,1,2,2,3,14.0
F60.89,Other specific personality disorders,0.0,0.0,0.0,0,0,5,5,15.0
F60.9,"Personality disorder, unspecified",0.4285714283673469,0.359999999856,0.39130434269376185,9,12,16,25,93.0
F63.81,Intermittent explosive disorder,0.6666666644444444,0.49999999875,0.5714285648979592,2,1,2,4,9.0
F63.9,"Impulse disorder, unspecified",0.999999995,0.999999995,0.9999999900000001,2,0,0,2,12.0
F64.0,Transsexualism,0.0,0.0,0.0,0,2,6,6,27.0
F64.1,Dual role transvestism,0.0,0.0,0.0,0,0,2,2,9.0
F64.8,Other gender identity disorders,0.249999999375,0.3333333322222222,0.28571428000000004,1,3,2,3,12.0
F64.9,"Gender identity disorder, unspecified",0.4999999975,0.249999999375,0.33333332777777785,1,1,3,4,18.0
F68.10,"Factitious disorder imposed on self, unspecified",0.1999999996,0.1999999996,0.19999999460000012,1,4,4,5,24.0
F70,Mild intellectual disabilities,0.7142857137755102,0.5555555552469136,0.6249999946875,10,4,8,18,79.0
F71,Moderate intellectual disabilities,0.0,0.0,0.0,0,0,2,2,8.0
F72,Severe intellectual disabilities,0.1111111109876543,0.16666666638888888,0.13333332835555572,1,8,5,6,25.0
F78,Other intellectual disabilities,0.0,0.0,0.0,0,0,1,1,8.0
F79,Unspecified intellectual disabilities,0.6388888887114197,0.5749999998562499,0.6052631527493075,23,13,17,40,151.0
F80.2,Mixed receptive-expressive language disorder,0.9999999900000002,0.249999999375,0.3999999952,1,0,3,4,19.0
F81.89,Other developmental disorders of scholastic skills,0.0,0.0,0.0,0,0,2,2,10.0
F81.9,"Developmental disorder of scholastic skills, unspecified",0.6666666644444444,0.15384615372781063,0.24999999664062497,2,1,11,13,67.0
F84.0,Autistic disorder,0.72413793078478,0.9545454541115702,0.8235294065359476,21,8,1,22,81.0
F84.5,Asperger's syndrome,0.9090909082644627,0.7692307686390532,0.8333333276736111,10,1,3,13,65.0
F88,Other disorders of psychological development,0.0,0.0,0.0,0,1,4,4,16.0
F89,Unspecified disorder of psychological development,0.3333333322222222,0.3333333322222222,0.33333332722222225,1,2,2,3,16.0
F90.0,"Attention-deficit hyperactivity disorder, predominantly inattentive type",0.0,0.0,0.0,0,0,6,6,15.0
F90.1,"Attention-deficit hyperactivity disorder, predominantly hyperactive type",0.0,0.0,0.0,0,0,8,8,38.0
F90.9,"Attention-deficit hyperactivity disorder, unspecified type",0.5488721804304935,0.7564766838986281,0.6361655724407991,146,120,47,193,888.0
F91.8,Other conduct disorders,0.0,0.0,0.0,0,0,3,3,12.0
F91.9,"Conduct disorder, unspecified",0.0,0.0,0.0,0,1,5,5,21.0
F95.2,Tourette's disorder,0.8749999989062499,0.9999999985714286,0.933333327111111,7,1,0,7,32.0
F98.8,Other specified behavioral and emotional disorders with onset usually occurring in childhood and adolescence,0.0,0.0,0.0,0,0,9,9,43.0
F99,"Mental disorder, not otherwise specified",0.4999999975,0.14285714265306124,0.22222221827160496,1,1,6,7,27.0
G00.3,Staphylococcal meningitis,0.0,0.0,0.0,0,0,2,2,10.0
G00.9,"Bacterial meningitis, unspecified",0.9999999900000002,0.1999999996,0.33333332944444444,1,0,4,5,18.0
G03.0,Nonpyogenic meningitis,0.8571428559183674,0.5999999993999999,0.705882347266436,6,1,4,10,46.0
G03.8,Meningitis due to other specified causes,0.0,0.0,0.0,0,0,5,5,19.0
G03.9,"Meningitis, unspecified",0.0,0.0,0.0,0,0,5,5,24.0
G04.81,Other encephalitis and encephalomyelitis,0.7999999984,0.7999999984,0.7999999934,4,1,1,5,22.0
G04.90,"Encephalitis and encephalomyelitis, unspecified",0.249999999375,0.14285714265306124,0.1818181768595043,1,3,6,7,19.0
G06.0,Intracranial abscess and granuloma,0.5238095235600907,0.8461538455029586,0.6470588184256055,11,10,2,13,33.0
G06.1,Intraspinal abscess and granuloma,0.539999999892,0.8181818179338842,0.6506024046915373,27,23,6,33,142.0
G06.2,"Extradural and subdural abscess, unspecified",0.0,0.0,0.0,0,0,5,5,23.0
G08,Intracranial and intraspinal phlebitis and thrombophlebitis,0.4374999997265625,0.6363636357851239,0.5185185133058986,7,9,4,11,46.0
G09,Sequelae of inflammatory diseases of central nervous system,0.0,0.0,0.0,0,0,3,3,13.0
G10,Huntington's disease,0.3333333322222222,0.3333333322222222,0.33333332722222225,1,2,2,3,15.0
G11.1,Early-onset cerebellar ataxia,0.0,0.0,0.0,0,1,4,4,4.0
G11.4,Hereditary spastic paraplegia,0.7499999981250001,0.49999999916666665,0.5999999940000001,3,1,3,6,8.0
G11.9,"Hereditary ataxia, unspecified",0.999999995,0.999999995,0.9999999900000001,2,0,0,2,11.0
G12.21,Amyotrophic lateral sclerosis,0.74999999953125,0.9230769223668639,0.8275862013793104,12,4,1,13,52.0
G13.1,Other systemic atrophy primarily affecting central nervous system in neoplastic disease,0.0,0.0,0.0,0,0,5,5,23.0
G13.8,Systemic atrophy primarily affecting central nervous system in other diseases classified elsewhere,0.0,0.0,0.0,0,0,2,2,7.0
G14,Postpolio syndrome,0.5999999988,0.5999999988,0.5999999938,3,2,2,5,23.0
G20,Parkinson's disease,0.7446808510321412,0.8663366336204783,0.8009153267996376,175,60,27,202,1024.0
G21.11,Neuroleptic induced parkinsonism,0.5999999988,0.5999999988,0.5999999938,3,2,2,5,24.0
G21.19,Other drug induced secondary parkinsonism,0.2857142853061225,0.49999999875,0.36363635834710756,2,5,2,4,20.0
G21.4,Vascular parkinsonism,0.9999999900000002,0.14285714265306124,0.24999999718750004,1,0,6,7,11.0
G23.1,Progressive supranuclear ophthalmoplegia [Steele-Richardson-Olszewski],0.9999999975,0.9999999975,0.9999999925,4,0,0,4,22.0
G24.01,Drug induced subacute dyskinesia,0.41666666649305556,0.7692307686390532,0.5405405356902849,10,14,3,13,65.0
G24.8,Other dystonia,0.4285714279591837,0.7499999981250001,0.5454545398347109,3,4,1,4,16.0
G24.9,"Dystonia, unspecified",0.26315789459833794,0.5555555549382716,0.35714285252551026,5,14,4,9,45.0
G25.0,Essential tremor,0.5824175823535805,0.7066666665724445,0.6385542118369867,53,38,22,75,344.0
G25.1,Drug-induced tremor,0.4999999975,0.09090909082644627,0.15384615100591717,1,1,10,11,55.0
G25.2,Other specified forms of tremor,0.7499999981250001,0.149999999925,0.2499999970138889,3,1,17,20,101.0
G25.3,Myoclonus,0.33333333324786324,0.4062499998730469,0.36619717804403895,13,26,19,32,158.0
G25.5,Other chorea,0.9999999900000002,0.3333333322222222,0.49999999375000004,1,0,2,3,14.0
G25.70,"Drug induced movement disorder, unspecified",0.0,0.0,0.0,0,1,1,1,8.0
G25.71,Drug induced akathisia,0.29999999969999996,0.7499999981250001,0.42857142387755104,3,7,1,4,18.0
G25.81,Restless legs syndrome,0.7021276595495699,0.895927601769415,0.7872763369905419,198,84,23,221,1026.0
G25.82,Stiff-man syndrome,0.999999995,0.6666666644444444,0.799999992,2,0,1,3,13.0
G25.89,Other specified extrapyramidal and movement disorders,0.0,0.0,0.0,0,0,4,4,17.0
G25.9,"Extrapyramidal and movement disorder, unspecified",0.0,0.0,0.0,0,3,5,5,22.0
G30.0,Alzheimer's disease with early onset,0.49999999937499995,0.571428570612245,0.5333333276444445,4,4,3,7,33.0
G30.1,Alzheimer's disease with late onset,0.9999999980000001,0.9999999980000001,0.9999999930000001,5,0,0,5,27.0
G30.8,Other Alzheimer's disease,0.0,0.0,0.0,0,0,7,7,36.0
G30.9,"Alzheimer's disease, unspecified",0.877419354782102,0.7120418847794742,0.786127162638745,136,19,55,191,827.0
G31.01,Pick's disease,0.999999995,0.6666666644444444,0.799999992,2,0,1,3,13.0
G31.09,Other frontotemporal dementia,0.3999999998,0.666666666111111,0.49999999500000003,8,12,4,12,57.0
G31.2,Degeneration of nervous system due to alcohol,0.9999999900000002,0.1111111109876543,0.1999999978,1,0,8,9,37.0
G31.83,Dementia with Lewy bodies,0.72413793078478,0.6562499997949218,0.6885245849502821,21,8,11,32,163.0
G31.84,"Mild cognitive impairment, so stated",0.5057471263786498,0.4444444443995511,0.47311827453983124,44,43,55,99,460.0
G31.89,Other specified degenerative diseases of nervous system,0.0,0.0,0.0,0,1,6,6,32.0
G31.9,"Degenerative disease of nervous system, unspecified",0.0,0.0,0.0,0,1,12,12,52.0
G35,Multiple sclerosis,0.8938053096554155,0.9439252335566426,0.9181818131020663,101,12,6,107,508.0
G36.0,Neuromyelitis optica [Devic],0.999999999090909,0.9166666659027777,0.9565217333081286,11,0,1,12,58.0
G37.3,Acute transverse myelitis in demyelinating disease of central nervous system,0.3333333322222222,0.249999999375,0.28571428000000004,1,2,3,4,21.0
G37.9,"Demyelinating disease of central nervous system, unspecified",0.0,0.0,0.0,0,3,3,3,15.0
G40.009,"Localization-related (focal) (partial) idiopathic epilepsy and epileptic syndromes with seizures of localized onset, not intractable, without status epilepticus",0.0,0.0,0.0,0,0,2,2,8.0
G40.101,"Localization-related (focal) (partial) symptomatic epilepsy and epileptic syndromes with simple partial seizures, not intractable, with status epilepticus",0.0,0.0,0.0,0,0,2,2,12.0
G40.109,"Localization-related (focal) (partial) symptomatic epilepsy and epileptic syndromes with simple partial seizures, not intractable, without status epilepticus",0.3913043476559546,0.29032258055150884,0.333333328319616,9,14,22,31,151.0
G40.119,"Localization-related (focal) (partial) symptomatic epilepsy and epileptic syndromes with simple partial seizures, intractable, without status epilepticus",0.0,0.0,0.0,0,2,5,5,30.0
G40.201,"Localization-related (focal) (partial) symptomatic epilepsy and epileptic syndromes with complex partial seizures, not intractable, with status epilepticus",0.0,0.0,0.0,0,0,2,2,9.0
G40.209,"Localization-related (focal) (partial) symptomatic epilepsy and epileptic syndromes with complex partial seizures, not intractable, without status epilepticus",0.4324324323155588,0.380952380861678,0.40506328605672165,16,21,26,42,208.0
G40.219,"Localization-related (focal) (partial) symptomatic epilepsy and epileptic syndromes with complex partial seizures, intractable, without status epilepticus",0.27272727260330576,0.5454545449586776,0.3636363589715335,6,16,5,11,44.0
G40.309,"Generalized idiopathic epilepsy and epileptic syndromes, not intractable, without status epilepticus",0.0,0.0,0.0,0,1,3,3,16.0
G40.401,"Other generalized epilepsy and epileptic syndromes, not intractable, with status epilepticus",0.0,0.0,0.0,0,0,8,8,37.0
G40.409,"Other generalized epilepsy and epileptic syndromes, not intractable, without status epilepticus",0.35616438351285423,0.388059701434618,0.371428566384694,26,47,41,67,252.0
G40.411,"Other generalized epilepsy and epileptic syndromes, intractable, with status epilepticus",0.0,0.0,0.0,0,0,2,2,8.0
G40.419,"Other generalized epilepsy and epileptic syndromes, intractable, without status epilepticus",0.0,0.0,0.0,0,0,11,11,38.0
G40.501,"Epileptic seizures related to external causes, not intractable, with status epilepticus",0.0,0.0,0.0,0,0,2,2,7.0
G40.509,"Epileptic seizures related to external causes, not intractable, without status epilepticus",0.0,0.0,0.0,0,0,9,9,32.0
G40.801,"Other epilepsy, not intractable, with status epilepticus",0.3333333329629629,0.5999999988,0.42857142336734694,3,6,2,5,24.0
G40.802,"Other epilepsy, not intractable, without status epilepticus",0.5454545449586776,0.176470588183391,0.266666662854321,6,5,28,34,150.0
G40.804,"Other epilepsy, intractable, without status epilepticus",0.0,0.0,0.0,0,0,2,2,12.0
G40.814,"Lennox-Gastaut syndrome, intractable, without status epilepticus",0.0,0.0,0.0,0,0,2,2,8.0
G40.89,Other seizures,0.0,0.0,0.0,0,1,50,50,247.0
G40.901,"Epilepsy, unspecified, not intractable, with status epilepticus",0.5357142855229592,0.6249999997395833,0.5769230717307693,15,13,9,24,94.0
G40.909,"Epilepsy, unspecified, not intractable, without status epilepticus",0.6375545851435581,0.8051470588087289,0.7116165669486809,438,249,106,544,2351.0
G40.911,"Epilepsy, unspecified, intractable, with status epilepticus",0.0,0.0,0.0,0,0,2,2,11.0
G40.919,"Epilepsy, unspecified, intractable, without status epilepticus",0.0,0.0,0.0,0,0,9,9,40.0
G40.A09,"Absence epileptic syndrome, not intractable, without status epilepticus",0.0,0.0,0.0,0,0,4,4,6.0
G43.009,"Migraine without aura, not intractable, without status migrainosus",0.0,0.0,0.0,0,0,7,7,31.0
G43.109,"Migraine with aura, not intractable, without status migrainosus",0.5789473682686981,0.6111111109413581,0.5945945894375457,22,16,14,36,179.0
G43.409,"Hemiplegic migraine, not intractable, without status migrainosus",0.9999999900000002,0.4999999975,0.6666666577777778,1,0,1,2,8.0
G43.709,"Chronic migraine without aura, not intractable, without status migrainosus",0.0,0.0,0.0,0,0,2,2,10.0
G43.809,"Other migraine, not intractable, without status migrainosus",0.4210526313573407,0.2962962961865569,0.3478260819565218,8,11,19,27,129.0
G43.829,"Menstrual migraine, not intractable, without status migrainosus",0.0,0.0,0.0,0,0,2,2,11.0
G43.909,"Migraine, unspecified, not intractable, without status migrainosus",0.5127819548795071,0.7209302325428979,0.5992970074340797,341,324,132,473,2137.0
G43.919,"Migraine, unspecified, intractable, without status migrainosus",0.0,0.0,0.0,0,0,4,4,14.0
G43.A0,"Cyclical vomiting, in migraine, not intractable",0.29999999969999996,0.4285714279591837,0.35294117121107266,3,7,4,7,33.0
G43.B0,"Ophthalmoplegic migraine, not intractable",0.30769230745562126,0.6666666655555555,0.4210526268144044,4,9,2,6,32.0
G44.009,"Cluster headache syndrome, unspecified, not intractable",0.5999999993999999,0.8571428559183674,0.705882347266436,6,4,1,7,36.0
G44.209,"Tension-type headache, unspecified, not intractable",0.3749999998828125,0.4285714284183673,0.3999999948888889,12,20,16,28,125.0
G44.229,"Chronic tension-type headache, not intractable",0.0,0.0,0.0,0,0,4,4,21.0
G44.309,"Post-traumatic headache, unspecified, not intractable",0.0,0.0,0.0,0,1,4,4,22.0
G44.40,"Drug-induced headache, not elsewhere classified, not intractable",0.4285714279591837,0.1764705881314879,0.24999999565972228,3,4,14,17,64.0
G44.53,Primary thunderclap headache,0.9999999900000002,0.4999999975,0.6666666577777778,1,0,1,2,8.0
G44.89,Other headache syndrome,0.4999999975,0.08333333326388888,0.14285714020408163,1,1,11,12,55.0
G45.0,Vertebro-basilar artery syndrome,0.4999999975,0.9999999900000002,0.6666666577777778,1,1,0,1,8.0
G45.3,Amaurosis fugax,0.29999999969999996,0.4285714279591837,0.35294117121107266,3,7,4,7,34.0
G45.4,Transient global amnesia,0.666666666111111,0.9999999987499999,0.7999999944,8,4,0,8,41.0
G45.8,Other transient cerebral ischemic attacks and related syndromes,0.7499999981250001,0.4285714279591837,0.5454545398347109,3,1,4,7,36.0
G45.9,"Transient cerebral ischemic attack, unspecified",0.6999999998833333,0.7777777776337449,0.7368421001477378,42,18,12,54,271.0
G46.0,Middle cerebral artery syndrome,0.15384615372781063,0.14285714275510203,0.14814814304526766,2,11,12,14,68.0
G47.00,"Insomnia, unspecified",0.7067901234495186,0.6068904593585964,0.6530418201177641,687,285,445,1132,4607.0
G47.01,Insomnia due to medical condition,0.0,0.0,0.0,0,0,3,3,13.0
G47.09,Other insomnia,0.1999999996,0.1111111109876543,0.14285713806122466,1,4,8,9,41.0
G47.10,"Hypersomnia, unspecified",0.0,0.0,0.0,0,0,3,3,11.0
G47.20,"Circadian rhythm sleep disorder, unspecified type",0.0,0.0,0.0,0,0,4,4,19.0
G47.30,"Sleep apnea, unspecified",0.36607142853874364,0.3333333333062331,0.3489361651940245,41,71,82,123,561.0
G47.31,Primary central sleep apnea,0.49999999949999996,0.49999999949999996,0.49999999450000004,5,5,5,10,49.0
G47.33,Obstructive sleep apnea (adult) (pediatric),0.8298591549249023,0.7335657370481397,0.7787470211845571,1473,302,535,2008,9253.0
G47.39,Other sleep apnea,0.0,0.0,0.0,0,1,3,3,15.0
G47.419,Narcolepsy without cataplexy,0.4736842102770083,0.8181818174380164,0.5999999949555557,9,10,2,11,52.0
G47.52,REM sleep behavior disorder,0.49999999937499995,0.7999999984,0.615384609704142,4,4,1,5,24.0
G47.62,Sleep related leg cramps,0.0,0.0,0.0,0,0,2,2,10.0
G47.8,Other sleep disorders,0.0,0.0,0.0,0,0,2,2,11.0
G47.9,"Sleep disorder, unspecified",0.39999999973333333,0.4285714282653061,0.41379309816884663,6,9,8,14,60.0
G50.0,Trigeminal neuralgia,0.5510204080508122,0.8999999997,0.6835442989136358,27,22,3,30,164.0
G51.0,Bell's palsy,0.5686274508688965,0.6444444443012346,0.6041666615603299,29,22,16,45,161.0
G51.3,Clonic hemifacial spasm,0.0,0.0,0.0,0,3,2,2,7.0
G54.0,Brachial plexus disorders,0.3076923075739645,0.7272727266115702,0.43243242802045295,8,18,3,11,58.0
G54.6,Phantom limb syndrome with pain,0.7272727266115702,0.8888888879012344,0.7999999942499999,8,3,1,9,45.0
G54.8,Other nerve root and plexus disorders,0.0,0.0,0.0,0,0,2,2,8.0
G56.00,"Carpal tunnel syndrome, unspecified upper limb",0.0,0.0,0.0,0,1,7,7,37.0
G56.01,"Carpal tunnel syndrome, right upper limb",0.4999999975,0.16666666638888888,0.24999999562500003,1,1,5,6,28.0
G56.02,"Carpal tunnel syndrome, left upper limb",0.30769230745562126,0.571428570612245,0.39999999505,4,9,3,7,30.0
G56.03,"Carpal tunnel syndrome, bilateral upper limbs",0.9999999900000002,0.249999999375,0.3999999952,1,0,3,4,18.0
G56.12,"Other lesions of median nerve, left upper limb",0.0,0.0,0.0,0,0,2,2,8.0
G56.20,"Lesion of ulnar nerve, unspecified upper limb",0.0,0.0,0.0,0,0,4,4,18.0
G56.21,"Lesion of ulnar nerve, right upper limb",0.9999999900000002,0.16666666638888888,0.2857142824489796,1,0,5,6,28.0
G56.22,"Lesion of ulnar nerve, left upper limb",0.3999999992,0.33333333277777777,0.36363635801652905,2,3,4,6,27.0
G56.31,"Lesion of radial nerve, right upper limb",0.0,0.0,0.0,0,0,2,2,11.0
G56.32,"Lesion of radial nerve, left upper limb",0.6666666644444444,0.999999995,0.799999992,2,1,0,2,10.0
G57.10,"Meralgia paresthetica, unspecified lower limb",0.0,0.0,0.0,0,0,3,3,15.0
G57.90,Unspecified mononeuropathy of unspecified lower limb,0.0,0.0,0.0,0,0,2,2,10.0
G57.91,Unspecified mononeuropathy of right lower limb,0.0,0.0,0.0,0,0,3,3,16.0
G57.92,Unspecified mononeuropathy of left lower limb,0.0,0.0,0.0,0,0,2,2,12.0
G57.93,Unspecified mononeuropathy of bilateral lower limbs,0.0,0.0,0.0,0,0,3,3,13.0
G58.7,Mononeuritis multiplex,0.0,0.0,0.0,0,0,1,1,8.0
G58.8,Other specified mononeuropathies,0.9999999900000002,0.09090909082644627,0.16666666486111115,1,0,10,11,56.0
G60.0,Hereditary motor and sensory neuropathy,0.0,0.0,0.0,0,2,13,13,63.0
G60.8,Other hereditary and idiopathic neuropathies,0.33333333277777777,0.2857142853061225,0.3076923022485208,2,4,5,7,33.0
G60.9,"Hereditary and idiopathic neuropathy, unspecified",0.3124999998046875,0.5555555549382716,0.399999995072,5,11,4,9,48.0
G61.0,Guillain-Barre syndrome,0.6363636360743802,0.874999999453125,0.7368421,14,8,2,16,79.0
G61.81,Chronic inflammatory demyelinating polyneuritis,0.74999999953125,0.9999999991666666,0.857142851632653,12,4,0,12,44.0
G62.0,Drug-induced polyneuropathy,0.6666666665079365,0.41791044769881935,0.5137614630586651,28,14,39,67,321.0
G62.1,Alcoholic polyneuropathy,0.4583333331423611,0.4583333331423611,0.4583333281423611,11,13,13,24,100.0
G62.2,Polyneuropathy due to other toxic agents,0.0,0.0,0.0,0,0,6,6,18.0
G62.81,Critical illness polyneuropathy,0.0,0.0,0.0,0,0,2,2,8.0
G62.89,Other specified polyneuropathies,0.0,0.0,0.0,0,2,30,30,84.0
G62.9,"Polyneuropathy, unspecified",0.5801526717446536,0.5801526717446536,0.5801526667446536,304,220,220,524,2195.0
G63,Polyneuropathy in diseases classified elsewhere,0.0,0.0,0.0,0,0,7,7,32.0
G65.0,Sequelae of Guillain-Barre syndrome,0.0,0.0,0.0,0,0,3,3,12.0
G70.00,Myasthenia gravis without (acute) exacerbation,0.7692307690335306,0.882352940916955,0.8219178030174519,30,9,4,34,171.0
G70.01,Myasthenia gravis with (acute) exacerbation,0.6999999992999999,0.7777777769135802,0.7368420995013849,7,3,2,9,42.0
G70.9,"Myoneural disorder, unspecified",0.0,0.0,0.0,0,0,2,2,10.0
G71.0,Muscular dystrophy,0.37499999953124996,0.7499999981250001,0.49999999472222234,3,5,1,4,16.0
G71.11,Myotonic muscular dystrophy,0.7142857132653061,0.9999999980000001,0.8333333270833335,5,2,0,5,20.0
G71.3,"Mitochondrial myopathy, not elsewhere classified",0.8235294112802768,0.874999999453125,0.8484848429752067,14,3,2,16,11.0
G72.0,Drug-induced myopathy,0.46153846118343195,0.46153846118343195,0.461538456183432,6,7,7,13,52.0
G72.41,Inclusion body myositis [IBM],0.6666666655555555,0.9999999975,0.7999999936,4,2,0,4,17.0
G72.81,Critical illness myopathy,0.7142857132653061,0.49999999949999996,0.5882352885813149,5,2,5,10,52.0
G72.89,Other specified myopathies,0.4999999975,0.249999999375,0.33333332777777785,1,1,3,4,18.0
G72.9,"Myopathy, unspecified",0.0,0.0,0.0,0,6,5,5,21.0
G80.0,Spastic quadriplegic cerebral palsy,0.4444444439506172,0.9999999975,0.6153846101775148,4,5,0,4,19.0
G80.1,Spastic diplegic cerebral palsy,0.0,0.0,0.0,0,1,5,5,26.0
G80.8,Other cerebral palsy,0.3999999992,0.2857142853061225,0.33333332791666676,2,3,5,7,34.0
G80.9,"Cerebral palsy, unspecified",0.7222222220884773,0.88636363616219,0.7959183622365682,39,15,5,44,154.0
G81.01,Flaccid hemiplegia affecting right dominant side,0.1999999996,0.14285714265306124,0.16666666152777793,1,4,6,7,37.0
G81.04,Flaccid hemiplegia affecting left nondominant side,0.0,0.0,0.0,0,2,8,8,41.0
G81.14,Spastic hemiplegia affecting left nondominant side,0.0,0.0,0.0,0,0,2,2,7.0
G81.90,"Hemiplegia, unspecified affecting unspecified side",0.0,0.0,0.0,0,0,3,3,15.0
G81.91,"Hemiplegia, unspecified affecting right dominant side",0.6734693877092878,0.659999999956,0.6666666616222835,99,48,51,150,625.0
G81.92,"Hemiplegia, unspecified affecting left dominant side",0.0,0.0,0.0,0,0,4,4,21.0
G81.93,"Hemiplegia, unspecified affecting right nondominant side",0.0,0.0,0.0,0,0,4,4,22.0
G81.94,"Hemiplegia, unspecified affecting left nondominant side",0.5421686746661344,0.6521739129962193,0.5921052581613574,90,76,48,138,667.0
G82.20,"Paraplegia, unspecified",0.4588235293577855,0.7358490564649341,0.5652173864912834,39,46,14,53,359.0
G82.21,"Paraplegia, complete",0.0,0.0,0.0,0,0,1,1,8.0
G82.22,"Paraplegia, incomplete",0.0,0.0,0.0,0,0,3,3,13.0
G82.50,"Quadriplegia, unspecified",0.6499999998375,0.742857142644898,0.6933333281706667,26,14,9,35,116.0
G82.54,"Quadriplegia, C5-C7 incomplete",0.0,0.0,0.0,0,0,2,2,8.0
G83.11,Monoplegia of lower limb affecting right dominant side,0.0,0.0,0.0,0,0,5,5,22.0
G83.14,Monoplegia of lower limb affecting left nondominant side,0.0,0.0,0.0,0,0,4,4,19.0
G83.21,Monoplegia of upper limb affecting right dominant side,0.13333333328888888,0.26666666648888887,0.1777777732543211,4,26,11,15,75.0
G83.24,Monoplegia of upper limb affecting left nondominant side,0.3333333322222222,0.0999999999,0.15384615005917168,1,2,9,10,51.0
G83.4,Cauda equina syndrome,0.470588235017301,0.38095238077097504,0.4210526264127424,8,9,13,21,89.0
G83.84,Todd's paralysis (postepileptic),0.0,0.0,0.0,0,1,8,8,41.0
G83.89,Other specified paralytic syndromes,0.0,0.0,0.0,0,0,3,3,14.0
G83.9,"Paralytic syndrome, unspecified",0.0,0.0,0.0,0,0,4,4,16.0
G89.11,Acute pain due to trauma,0.0,0.0,0.0,0,0,11,11,53.0
G89.12,Acute post-thoracotomy pain,0.0,0.0,0.0,0,0,5,5,24.0
G89.18,Other acute postprocedural pain,0.3333333332888889,0.1602564102461374,0.2164502120462511,25,50,131,156,755.0
G89.21,Chronic pain due to trauma,0.0,0.0,0.0,0,3,13,13,56.0
G89.28,Other chronic postprocedural pain,0.0,0.0,0.0,0,1,11,11,52.0
G89.29,Other chronic pain,0.5633717404453404,0.7252146760286869,0.6341296879073095,929,720,352,1281,5365.0
G89.3,Neoplasm related pain (acute) (chronic),0.695331695314611,0.7389033942365821,0.7164556911890081,283,124,100,383,1495.0
G89.4,Chronic pain syndrome,0.5874999999265625,0.5874999999265625,0.5874999949265626,47,33,33,80,363.0
G90.1,Familial dysautonomia [Riley-Day],0.470588235017301,0.4210526313573407,0.44444443921296295,8,9,11,19,72.0
G90.2,Horner's syndrome,0.45454545413223135,0.5555555549382716,0.49999999455000005,5,6,4,9,44.0
G90.3,Multi-system degeneration of the autonomic nervous system,0.0,0.0,0.0,0,0,9,9,47.0
G90.4,Autonomic dysreflexia,0.9999999900000002,0.14285714265306124,0.24999999718750004,1,0,6,7,27.0
G90.50,"Complex regional pain syndrome I, unspecified",0.0,0.0,0.0,0,0,7,7,28.0
G90.511,Complex regional pain syndrome I of right upper limb,0.0,0.0,0.0,0,0,2,2,11.0
G90.521,Complex regional pain syndrome I of right lower limb,0.0,0.0,0.0,0,1,2,2,11.0
G90.522,Complex regional pain syndrome I of left lower limb,0.3333333322222222,0.1999999996,0.24999999468750006,1,2,4,5,15.0
G90.523,"Complex regional pain syndrome I of lower limb, bilateral",0.9999999900000002,0.3333333322222222,0.49999999375000004,1,0,2,3,14.0
G90.8,Other disorders of autonomic nervous system,0.0,0.0,0.0,0,0,10,10,43.0
G90.9,"Disorder of the autonomic nervous system, unspecified",0.49999999875,0.09523809519274376,0.15999999718400001,2,2,19,21,100.0
G91.0,Communicating hydrocephalus,0.0,0.0,0.0,0,1,7,7,32.0
G91.1,Obstructive hydrocephalus,0.3999999998666667,0.5714285711564626,0.4705882302652826,12,18,9,21,106.0
G91.2,(Idiopathic) normal pressure hydrocephalus,0.40740740725651575,0.549999999725,0.4680851012947035,11,16,9,20,101.0
G91.3,"Post-traumatic hydrocephalus, unspecified",0.0,0.0,0.0,0,0,2,2,8.0
G91.4,Hydrocephalus in diseases classified elsewhere,0.0,0.0,0.0,0,1,5,5,24.0
G91.8,Other hydrocephalus,0.0,0.0,0.0,0,0,5,5,27.0
G91.9,"Hydrocephalus, unspecified",0.42857142850340135,0.6923076921301775,0.5294117598788928,27,36,12,39,169.0
G92,Toxic encephalopathy,0.792248062003221,0.6224116930496661,0.6971350564540965,511,134,310,821,3611.0
G93.0,Cerebral cysts,0.3999999996,0.3333333330555555,0.3636363583471074,4,6,8,12,56.0
G93.1,"Anoxic brain damage, not elsewhere classified",0.8076923075369823,0.7368421051338874,0.7706421967039813,42,10,15,57,224.0
G93.2,Benign intracranial hypertension,0.6896551721759809,0.79999999968,0.7407407354938271,20,9,5,25,121.0
G93.40,"Encephalopathy, unspecified",0.4684210526069252,0.3178571428457908,0.3787233994225441,89,101,191,280,1219.0
G93.41,Metabolic encephalopathy,0.633333333262963,0.3454545454336088,0.4470588189268743,57,33,108,165,794.0
G93.49,Other encephalopathy,0.12499999984374999,0.015873015870496346,0.028169012076968997,1,7,62,63,291.0
G93.5,Compression of brain,0.5645161289867326,0.6034482758100476,0.583333328290278,70,54,46,116,497.0
G93.6,Cerebral edema,0.5989583333177354,0.8303249097173168,0.695915274988934,230,154,47,277,1238.0
G93.81,Temporal sclerosis,0.49999999875,0.999999995,0.6666666600000001,2,2,0,2,11.0
G93.82,Brain death,0.3636363633057851,0.4444444439506172,0.39999999464999997,4,7,5,9,39.0
G93.89,Other specified disorders of brain,0.36170212758261655,0.24999999996323533,0.29565216902835545,17,30,51,68,303.0
G93.9,"Disorder of brain, unspecified",0.41666666649305556,0.41666666649305556,0.4166666614930556,10,14,14,24,112.0
G94,Other disorders of brain in diseases classified elsewhere,0.0,0.0,0.0,0,0,4,4,19.0
G95.0,Syringomyelia and syringobulbia,0.4444444439506172,0.6666666655555555,0.5333333278222222,4,5,2,6,15.0
G95.11,Acute infarction of spinal cord (embolic) (nonembolic),0.9999999975,0.7999999984,0.8888888819753088,4,0,1,5,25.0
G95.19,Other vascular myelopathies,0.0,0.0,0.0,0,2,11,11,50.0
G95.20,Unspecified cord compression,0.0,0.0,0.0,0,0,8,8,41.0
G95.29,Other cord compression,0.44827586199167657,0.7647058821280277,0.5652173865217393,26,32,8,34,154.0
G95.89,Other specified diseases of spinal cord,0.37499999953124996,0.19999999986666667,0.26086956045368626,3,5,12,15,77.0
G95.9,"Disease of spinal cord, unspecified",0.0,0.0,0.0,0,0,10,10,46.0
G96.0,Cerebrospinal fluid leak,0.49999999979166665,0.5217391302079395,0.5106382926573111,12,12,11,23,101.0
G96.11,Dural tear,0.0,0.0,0.0,0,1,3,3,13.0
G96.19,"Other disorders of meninges, not elsewhere classified",0.49999999916666665,0.29999999969999996,0.37499999484375,3,3,7,10,48.0
G97.0,Cerebrospinal fluid leak from spinal puncture,0.0,0.0,0.0,0,0,2,2,10.0
G97.1,Other reaction to spinal and lumbar puncture,0.6874999995703125,0.6470588231487889,0.6666666612672176,11,5,6,17,84.0
G97.31,Intraoperative hemorrhage and hematoma of a nervous system organ or structure complicating a nervous system procedure,0.0,0.0,0.0,0,0,2,2,11.0
G97.41,Accidental puncture or laceration of dura during a procedure,0.5263157891966759,0.6666666662222221,0.5882352888408305,10,9,5,15,76.0
G97.51,Postprocedural hemorrhage of a nervous system organ or structure following a nervous system procedure,0.0,0.0,0.0,0,0,6,6,27.0
G97.61,Postprocedural hematoma of a nervous system organ or structure following a nervous system procedure,0.12499999984374999,0.3333333322222222,0.18181817752066123,1,7,2,3,16.0
G97.62,Postprocedural hematoma of a nervous system organ or structure following other procedure,0.0,0.0,0.0,0,0,2,2,8.0
G97.81,Other intraoperative complications of nervous system,0.0,0.0,0.0,0,0,2,2,9.0
G97.82,Other postprocedural complications and disorders of nervous system,0.3999999996,0.21052631567867036,0.2758620642568371,4,6,15,19,96.0
G99.2,Myelopathy in diseases classified elsewhere,0.4999999975,0.0999999999,0.16666666361111113,1,1,9,10,49.0
GZB0ZZZ,"Electroconvulsive Therapy, Unilateral-Single Seizure",0.43749999986328125,0.7368421048753462,0.5490196029527106,14,18,5,19,86.0
GZB2ZZZ,"Electroconvulsive Therapy, Bilateral-Single Seizure",0.24999999968749997,0.16666666652777776,0.1999999950000001,2,6,10,12,57.0
GZB4ZZZ,Other Electroconvulsive Therapy,0.2592592591632373,0.7777777769135802,0.3888888849228395,7,20,2,9,44.0
H00.019,"Hordeolum externum unspecified eye, unspecified eyelid",0.0,0.0,0.0,0,0,1,1,3.0
H01.003,"Unspecified blepharitis right eye, unspecified eyelid",0.4999999975,0.3333333322222222,0.39999999360000005,1,1,2,3,12.0
H01.006,"Unspecified blepharitis left eye, unspecified eyelid",0.4999999975,0.1999999996,0.28571428081632655,1,1,4,5,11.0
H01.009,"Unspecified blepharitis unspecified eye, unspecified eyelid",0.0,0.0,0.0,0,1,2,2,9.0
H02.401,Unspecified ptosis of right eyelid,0.4444444439506172,0.28571428551020406,0.3478260818903592,4,5,10,14,71.0
H02.402,Unspecified ptosis of left eyelid,0.23076923059171597,0.149999999925,0.18181817693296612,3,10,17,20,76.0
H02.403,Unspecified ptosis of bilateral eyelids,0.0,0.0,0.0,0,2,4,4,19.0
H02.409,Unspecified ptosis of unspecified eyelid,0.0,0.0,0.0,0,0,3,3,17.0
H04.122,Dry eye syndrome of left lacrimal gland,0.0,0.0,0.0,0,0,2,2,8.0
H04.123,Dry eye syndrome of bilateral lacrimal glands,0.16666666652777776,0.11764705875432525,0.13793102953626651,2,10,15,17,78.0
H04.129,Dry eye syndrome of unspecified lacrimal gland,0.352941176366782,0.5714285711564626,0.4363636314842976,12,22,9,21,90.0
H05.011,Cellulitis of right orbit,0.6666666644444444,0.999999995,0.799999992,2,1,0,2,11.0
H05.012,Cellulitis of left orbit,0.9999999900000002,0.4999999975,0.6666666577777778,1,0,1,2,8.0
H05.20,Unspecified exophthalmos,0.9999999900000002,0.1999999996,0.33333332944444444,1,0,4,5,27.0
H05.89,Other disorders of orbit,0.0,0.0,0.0,0,0,2,2,8.0
H10.89,Other conjunctivitis,0.24999999968749997,0.2857142853061225,0.2666666613333334,2,6,5,7,32.0
H10.9,Unspecified conjunctivitis,0.4827586205231867,0.5384615382544379,0.5090909039206613,14,15,12,26,112.0
H11.30,"Conjunctival hemorrhage, unspecified eye",0.0,0.0,0.0,0,0,1,1,7.0
H11.31,"Conjunctival hemorrhage, right eye",0.249999999375,0.14285714265306124,0.1818181768595043,1,3,6,7,31.0
H11.32,"Conjunctival hemorrhage, left eye",0.45454545413223135,0.6249999992187499,0.5263157840443214,5,6,3,8,39.0
H11.33,"Conjunctival hemorrhage, bilateral",0.0,0.0,0.0,0,0,2,2,8.0
H16.001,"Unspecified corneal ulcer, right eye",0.3333333322222222,0.4999999975,0.39999999360000005,1,2,1,2,8.0
H16.8,Other keratitis,0.0,0.0,0.0,0,1,2,2,11.0
H18.51,Endothelial corneal dystrophy,0.0,0.0,0.0,0,0,2,2,11.0
H18.9,Unspecified disorder of cornea,0.9999999900000002,0.3333333322222222,0.49999999375000004,1,0,2,3,13.0
H20.9,Unspecified iridocyclitis,0.4444444439506172,0.4444444439506172,0.4444444389506173,4,5,5,9,32.0
H25.10,"Age-related nuclear cataract, unspecified eye",0.0,0.0,0.0,0,0,2,2,10.0
H25.13,"Age-related nuclear cataract, bilateral",0.0,0.0,0.0,0,0,2,2,10.0
H26.8,Other specified cataract,0.0,0.0,0.0,0,0,2,2,8.0
H26.9,Unspecified cataract,0.38709677406867843,0.13483146065900772,0.1999999961347223,12,19,77,89,424.0
H33.20,"Serous retinal detachment, unspecified eye",0.0,0.0,0.0,0,0,3,3,13.0
H33.22,"Serous retinal detachment, left eye",0.999999995,0.999999995,0.9999999900000001,2,0,0,2,9.0
H34.11,"Central retinal artery occlusion, right eye",0.3333333322222222,0.3333333322222222,0.33333332722222225,1,2,2,3,14.0
H34.12,"Central retinal artery occlusion, left eye",0.33333333277777777,0.49999999875,0.3999999944,2,4,2,4,16.0
H34.232,"Retinal artery branch occlusion, left eye",0.0,0.0,0.0,0,1,2,2,7.0
H34.9,Unspecified retinal vascular occlusion,0.249999999375,0.1999999996,0.2222222167901236,1,3,4,5,18.0
H35.00,Unspecified background retinopathy,0.0,0.0,0.0,0,0,6,6,28.0
H35.039,"Hypertensive retinopathy, unspecified eye",0.3999999992,0.3999999992,0.39999999420000004,2,3,3,5,21.0
H35.30,Unspecified macular degeneration,0.5029940119459285,0.6315789473209339,0.559999995026889,84,83,49,133,507.0
H35.3190,"Nonexudative age-related macular degeneration, unspecified eye, stage unspecified",0.0,0.0,0.0,0,0,2,2,11.0
H35.3290,"Exudative age-related macular degeneration, unspecified eye, stage unspecified",0.0,0.0,0.0,0,0,4,4,12.0
H35.61,"Retinal hemorrhage, right eye",0.0,0.0,0.0,0,0,2,2,7.0
H35.63,"Retinal hemorrhage, bilateral",0.0,0.0,0.0,0,0,2,2,8.0
H40.052,"Ocular hypertension, left eye",0.0,0.0,0.0,0,1,2,2,10.0
H40.059,"Ocular hypertension, unspecified eye",0.49999999949999996,0.8333333319444445,0.62499999453125,5,5,1,6,31.0
H40.10X0,"Unspecified open-angle glaucoma, stage unspecified",0.6764705880363322,0.7931034480023781,0.7301587249584279,23,11,6,29,88.0
H40.1130,"Primary open-angle glaucoma, bilateral, stage unspecified",0.49999999875,0.6666666644444444,0.5714285648979592,2,2,1,3,17.0
H40.1190,"Primary open-angle glaucoma, unspecified eye, stage unspecified",0.0,0.0,0.0,0,0,4,4,22.0
H40.11X0,"Primary open-angle glaucoma, stage unspecified",0.4999999975,0.3333333322222222,0.39999999360000005,1,1,2,3,12.0
H40.20X0,"Unspecified primary angle-closure glaucoma, stage unspecified",0.18181818165289254,0.2857142853061225,0.22222221722222232,2,9,5,7,24.0
H40.89,Other specified glaucoma,0.1999999996,0.16666666638888888,0.1818181765289258,1,4,5,6,30.0
H40.9,Unspecified glaucoma,0.6708333333240162,0.8797814207490021,0.7612293094995968,483,237,66,549,2480.0
H42,Glaucoma in diseases classified elsewhere,0.0,0.0,0.0,0,2,5,5,24.0
H43.11,"Vitreous hemorrhage, right eye",0.3333333322222222,0.249999999375,0.28571428000000004,1,2,3,4,18.0
H43.12,"Vitreous hemorrhage, left eye",0.9999999900000002,0.4999999975,0.6666666577777778,1,0,1,2,10.0
H43.392,"Other vitreous opacities, left eye",0.0,0.0,0.0,0,0,2,2,10.0
H43.399,"Other vitreous opacities, unspecified eye",0.0,0.0,0.0,0,0,3,3,15.0
H43.813,"Vitreous degeneration, bilateral",0.0,0.0,0.0,0,0,1,1,8.0
H43.819,"Vitreous degeneration, unspecified eye",0.0,0.0,0.0,0,0,3,3,12.0
H46.8,Other optic neuritis,0.3999999992,0.6666666644444444,0.49999999406250006,2,3,1,3,17.0
H46.9,Unspecified optic neuritis,0.3333333330555555,0.571428570612245,0.42105262648199443,4,8,3,7,38.0
H47.10,Unspecified papilledema,0.249999999375,0.249999999375,0.2499999943750001,1,3,3,4,19.0
H49.00,"Third [oculomotor] nerve palsy, unspecified eye",0.0,0.0,0.0,0,0,2,2,9.0
H49.01,"Third [oculomotor] nerve palsy, right eye",0.571428570612245,0.6666666655555555,0.6153846094674558,4,3,2,6,29.0
H49.02,"Third [oculomotor] nerve palsy, left eye",0.6666666655555555,0.4444444439506172,0.5333333278222222,4,2,5,9,33.0
H49.12,"Fourth [trochlear] nerve palsy, left eye",0.0,0.0,0.0,0,1,2,2,8.0
H49.20,"Sixth [abducent] nerve palsy, unspecified eye",0.0,0.0,0.0,0,1,2,2,11.0
H49.21,"Sixth [abducent] nerve palsy, right eye",0.0,0.0,0.0,0,0,7,7,32.0
H49.22,"Sixth [abducent] nerve palsy, left eye",0.999999995,0.24999999968749997,0.399999996,2,0,6,8,38.0
H50.00,Unspecified esotropia,0.0,0.0,0.0,0,1,1,1,8.0
H50.10,Unspecified exotropia,0.0,0.0,0.0,0,0,3,3,15.0
H50.9,Unspecified strabismus,0.0,0.0,0.0,0,8,4,4,14.0
H51.0,Palsy (spasm) of conjugate gaze,0.0,0.0,0.0,0,0,3,3,17.0
H51.8,Other specified disorders of binocular movement,0.0,0.0,0.0,0,0,5,5,22.0
H52.10,"Myopia, unspecified eye",0.0,0.0,0.0,0,0,2,2,11.0
H52.4,Presbyopia,0.0,0.0,0.0,0,1,3,3,11.0
H53.009,"Unspecified amblyopia, unspecified eye",0.1999999996,0.4999999975,0.28571428081632655,1,4,1,2,9.0
H53.122,"Transient visual loss, left eye",0.0,0.0,0.0,0,2,2,2,7.0
H53.149,"Visual discomfort, unspecified",0.0,0.0,0.0,0,2,7,7,33.0
H53.2,Diplopia,0.3870967741623309,0.6857142856163266,0.49484535616112246,48,76,22,70,334.0
H53.40,Unspecified visual field defects,0.3333333322222222,0.14285714265306124,0.1999999954000001,1,2,6,7,36.0
H53.451,"Other localized visual field defect, right eye",0.0,0.0,0.0,0,0,3,3,16.0
H53.452,"Other localized visual field defect, left eye",0.0,0.0,0.0,0,0,4,4,20.0
H53.461,"Homonymous bilateral field defects, right side",0.49999999982142856,0.7368421048753462,0.5957446757808963,14,14,5,19,89.0
H53.462,"Homonymous bilateral field defects, left side",0.4878048779298037,0.6666666664444444,0.5633802766514581,20,21,10,30,106.0
H53.47,Heteronymous bilateral field defects,0.1764705881314879,0.19999999986666667,0.1874999949023439,3,14,12,15,71.0
H53.8,Other visual disturbances,0.4629629628772291,0.2906976743848026,0.35714285235306126,25,29,61,86,334.0
H53.9,Unspecified visual disturbance,0.249999999375,0.07692307686390532,0.11764705508650528,1,3,12,13,64.0
H54.0,"Blindness, both eyes",0.4444444439506172,0.1999999999,0.2758620644946493,4,5,16,20,63.0
H54.12,"Blindness, left eye, low vision right eye",0.0,0.0,0.0,0,0,2,2,9.0
H54.3,"Unqualified visual loss, both eyes",0.249999999375,0.14285714265306124,0.1818181768595043,1,3,6,7,35.0
H54.40,"Blindness, one eye, unspecified eye",0.0,0.0,0.0,0,0,13,13,60.0
H54.41,"Blindness, right eye, normal vision left eye",0.35593220332950304,0.8076923073816568,0.49411764269619385,21,38,5,26,79.0
H54.42,"Blindness, left eye, normal vision right eye",0.9999999900000002,0.05555555552469135,0.1052631567867036,1,0,17,18,87.0
H54.61,"Unqualified visual loss, right eye, normal vision left eye",0.1111111109876543,0.05263157891966759,0.0714285670153064,1,8,18,19,91.0
H54.62,"Unqualified visual loss, left eye, normal vision right eye",0.21052631573407202,0.3999999998,0.27586206435196203,8,30,12,20,101.0
H54.7,Unspecified visual loss,0.1666666665972222,0.1249999999609375,0.14285713790816343,4,20,28,32,147.0
H54.8,"Legal blindness, as defined in USA",0.6923076922544378,0.6923076922544378,0.6923076872544378,90,40,40,130,466.0
H55.00,Unspecified nystagmus,0.49999999875,0.1111111110493827,0.181818178677686,2,2,16,18,88.0
H55.09,Other forms of nystagmus,0.0,0.0,0.0,0,2,13,13,49.0
H57.02,Anisocoria,0.470588235017301,0.3333333331944444,0.39024389739440807,8,9,16,24,122.0
H57.03,Miosis,0.0,0.0,0.0,0,0,2,2,8.0
H57.04,Mydriasis,0.0,0.0,0.0,0,1,3,3,18.0
H57.11,"Ocular pain, right eye",0.2727272724793388,0.5999999988,0.374999995234375,3,8,2,5,22.0
H57.12,"Ocular pain, left eye",0.9999999900000002,0.16666666638888888,0.2857142824489796,1,0,5,6,27.0
H57.13,"Ocular pain, bilateral",0.0,0.0,0.0,0,0,2,2,7.0
H57.8,Other specified disorders of eye and adnexa,0.249999999375,0.16666666638888888,0.1999999948000001,1,3,5,6,28.0
H57.89,Other specified disorders of eye and adnexa,0.0,0.0,0.0,0,0,2,2,8.0
H57.9,Unspecified disorder of eye and adnexa,0.0,0.0,0.0,0,0,4,4,11.0
H60.91,"Unspecified otitis externa, right ear",0.9999999900000002,0.3333333322222222,0.49999999375000004,1,0,2,3,9.0
H60.92,"Unspecified otitis externa, left ear",0.4999999975,0.4999999975,0.4999999925000001,1,1,1,2,11.0
H61.20,"Impacted cerumen, unspecified ear",0.0,0.0,0.0,0,0,2,2,12.0
H61.21,"Impacted cerumen, right ear",0.0,0.0,0.0,0,0,2,2,11.0
H61.22,"Impacted cerumen, left ear",0.0,0.0,0.0,0,5,2,2,11.0
H61.23,"Impacted cerumen, bilateral",0.9999999900000002,0.3333333322222222,0.49999999375000004,1,0,2,3,16.0
H66.90,"Otitis media, unspecified, unspecified ear",0.4999999975,0.1999999996,0.28571428081632655,1,1,4,5,26.0
H66.91,"Otitis media, unspecified, right ear",0.37499999953124996,0.7499999981250001,0.49999999472222234,3,5,1,4,19.0
H66.92,"Otitis media, unspecified, left ear",0.8333333319444445,0.8333333319444445,0.8333333269444445,5,1,1,6,23.0
H66.93,"Otitis media, unspecified, bilateral",0.0,0.0,0.0,0,0,2,2,7.0
H70.91,"Unspecified mastoiditis, right ear",0.0,0.0,0.0,0,3,1,1,8.0
H73.892,"Other specified disorders of tympanic membrane, left ear",0.4999999975,0.9999999900000002,0.6666666577777778,1,1,0,1,8.0
H81.02,"Meniere's disease, left ear",0.0,0.0,0.0,0,0,1,1,10.0
H81.09,"Meniere's disease, unspecified ear",0.449999999775,0.4999999997222222,0.47368420529085875,9,11,9,18,92.0
H81.10,"Benign paroxysmal vertigo, unspecified ear",0.659999999868,0.5593220338035048,0.6055045820789496,33,17,26,59,222.0
H81.20,"Vestibular neuronitis, unspecified ear",0.4999999996875,0.7999999992,0.6153846101775148,8,8,2,10,49.0
H81.21,"Vestibular neuronitis, right ear",0.0,0.0,0.0,0,0,1,1,8.0
H81.22,"Vestibular neuronitis, left ear",0.0,0.0,0.0,0,0,2,2,9.0
H81.399,"Other peripheral vertigo, unspecified ear",0.41666666649305556,0.8333333326388889,0.5555555508024692,10,14,2,12,59.0
H81.49,"Vertigo of central origin, unspecified ear",0.0,0.0,0.0,0,0,2,2,10.0
H83.09,"Labyrinthitis, unspecified ear",0.0,0.0,0.0,0,2,2,2,12.0
H90.2,"Conductive hearing loss, unspecified",0.0,0.0,0.0,0,0,3,3,11.0
H90.3,"Sensorineural hearing loss, bilateral",0.1999999996,0.0999999999,0.13333332871111125,1,4,9,10,30.0
H90.5,Unspecified sensorineural hearing loss,0.3548387096201873,0.5116279068577609,0.41904761413151936,22,40,21,43,208.0
H91.10,"Presbycusis, unspecified ear",0.0,0.0,0.0,0,0,5,5,11.0
H91.3,"Deaf nonspeaking, not elsewhere classified",0.0,0.0,0.0,0,0,2,2,12.0
H91.8X1,"Other specified hearing loss, right ear",0.0,0.0,0.0,0,2,2,2,11.0
H91.8X2,"Other specified hearing loss, left ear",0.0,0.0,0.0,0,0,3,3,18.0
H91.8X3,"Other specified hearing loss, bilateral",0.0,0.0,0.0,0,0,4,4,19.0
H91.8X9,"Other specified hearing loss, unspecified ear",0.0,0.0,0.0,0,0,2,2,8.0
H91.90,"Unspecified hearing loss, unspecified ear",0.534883720805841,0.1597222222111304,0.2459893012451028,23,20,121,144,603.0
H91.91,"Unspecified hearing loss, right ear",0.5454545449586776,0.3529411762629758,0.42857142349489796,6,5,11,17,63.0
H91.92,"Unspecified hearing loss, left ear",0.3181818180371901,0.46666666635555554,0.37837837335281227,7,15,8,15,67.0
H91.93,"Unspecified hearing loss, bilateral",0.47222222209104936,0.2786885245444773,0.35051545917738336,17,19,44,61,186.0
H92.01,"Otalgia, right ear",0.4999999975,0.3333333322222222,0.39999999360000005,1,1,2,3,16.0
H92.02,"Otalgia, left ear",0.18181818165289254,0.49999999875,0.26666666240000003,2,9,2,4,22.0
H92.09,"Otalgia, unspecified ear",0.0,0.0,0.0,0,0,3,3,15.0
H93.11,"Tinnitus, right ear",0.9999999900000002,0.4999999975,0.6666666577777778,1,0,1,2,11.0
H93.12,"Tinnitus, left ear",0.1999999996,0.16666666638888888,0.1818181765289258,1,4,5,6,18.0
H93.13,"Tinnitus, bilateral",0.0,0.0,0.0,0,0,4,4,18.0
H93.19,"Tinnitus, unspecified ear",0.0,0.0,0.0,0,9,13,13,67.0
H93.3X9,Disorders of unspecified acoustic nerve,0.24999999968749997,0.3999999992,0.3076923024852071,2,6,3,5,25.0
HZ2ZZZZ,Detoxification Services for Substance Abuse Treatment,0.0,0.0,0.0,0,0,15,15,62.0
I05.0,Rheumatic mitral stenosis,0.29999999985,0.3529411762629758,0.3243243191818846,6,14,11,17,59.0
I05.1,Rheumatic mitral insufficiency,0.1999999996,0.1999999996,0.19999999460000012,1,4,4,5,24.0
I05.2,Rheumatic mitral stenosis with insufficiency,0.0,0.0,0.0,0,0,8,8,41.0
I05.9,"Rheumatic mitral valve disease, unspecified",0.0,0.0,0.0,0,2,4,4,18.0
I07.1,Rheumatic tricuspid insufficiency,0.4666666666277778,0.5137614678427742,0.4890829644011366,56,64,53,109,483.0
I07.9,"Rheumatic tricuspid valve disease, unspecified",0.0,0.0,0.0,0,0,2,2,9.0
I08.0,Rheumatic disorders of both mitral and aortic valves,0.45859872608543956,0.5070422534854195,0.48160534615093786,72,85,70,142,710.0
I08.1,Rheumatic disorders of both mitral and tricuspid valves,0.5671641790762605,0.5560975609484831,0.5615763496526245,114,87,91,205,719.0
I08.2,Rheumatic disorders of both aortic and tricuspid valves,0.5789473681163435,0.6470588231487889,0.6111111057870371,11,8,6,17,86.0
I08.3,"Combined rheumatic disorders of mitral, aortic and tricuspid valves",0.46153846146745564,0.34090909087035126,0.39215685780682646,30,35,58,88,410.0
I09.81,Rheumatic heart failure,0.0,0.0,0.0,0,1,9,9,47.0
I09.9,"Rheumatic heart disease, unspecified",0.26666666648888887,0.49999999937499995,0.3478260821172023,4,11,4,8,35.0
I10,Essential (primary) hypertension,0.8182173064400544,0.8930549637822851,0.8539997233799904,6288,1397,753,7041,31718.0
I11.0,Hypertensive heart disease with heart failure,0.6158495634612771,0.710302091396512,0.6597122252364449,917,572,374,1291,5324.0
I11.9,Hypertensive heart disease without heart failure,0.3636363633057851,0.14814814809327845,0.21052631156509696,4,7,23,27,112.0
I12.0,Hypertensive chronic kidney disease with stage 5 chronic kidney disease or end stage renal disease,0.7542579075242273,0.7029478457890488,0.7276995255055491,310,101,131,441,2064.0
I12.9,"Hypertensive chronic kidney disease with stage 1 through stage 4 chronic kidney disease, or unspecified chronic kidney disease",0.6590257879618394,0.7590759075857487,0.7055214674131979,1150,595,365,1515,6936.0
I13.0,"Hypertensive heart and chronic kidney disease with heart failure and stage 1 through stage 4 chronic kidney disease, or unspecified chronic kidney disease",0.6751484308678953,0.6873920552617669,0.6812152281995376,796,383,362,1158,4705.0
I13.10,"Hypertensive heart and chronic kidney disease without heart failure, with stage 1 through stage 4 chronic kidney disease, or unspecified chronic kidney disease",0.0,0.0,0.0,0,0,12,12,62.0
I13.11,"Hypertensive heart and chronic kidney disease without heart failure, with stage 5 chronic kidney disease, or end stage renal disease",0.0,0.0,0.0,0,0,4,4,19.0
I13.2,"Hypertensive heart and chronic kidney disease with heart failure and with stage 5 chronic kidney disease, or end stage renal disease",0.6657824933510402,0.8096774193287201,0.7307132410233724,251,126,59,310,1214.0
I15.0,Renovascular hypertension,0.0,0.0,0.0,0,0,3,3,12.0
I15.1,Hypertension secondary to other renal disorders,0.0,0.0,0.0,0,1,6,6,14.0
I15.8,Other secondary hypertension,0.0,0.0,0.0,0,0,10,10,30.0
I15.9,"Secondary hypertension, unspecified",0.0,0.0,0.0,0,0,2,2,8.0
I16.0,Hypertensive urgency,0.5763888888488619,0.6639999999468801,0.6171003667262753,83,61,42,125,550.0
I16.1,Hypertensive emergency,0.6590909090160124,0.6987951806386994,0.6783625680243495,58,30,25,83,323.0
I16.9,"Hypertensive crisis, unspecified",0.0,0.0,0.0,0,2,5,5,22.0
I20.0,Unstable angina,0.2857142853061225,0.1999999998,0.23529411252595167,2,5,8,10,41.0
I20.1,Angina pectoris with documented spasm,0.3333333331111111,0.49999999949999996,0.39999999488000004,5,10,5,10,49.0
I20.8,Other forms of angina pectoris,0.0,0.0,0.0,0,1,8,8,42.0
I20.9,"Angina pectoris, unspecified",0.9999999900000002,0.07692307686390532,0.14285714132653063,1,0,12,13,63.0
I21.01,ST elevation (STEMI) myocardial infarction involving left main coronary artery,0.0,0.0,0.0,0,0,2,2,8.0
I21.02,ST elevation (STEMI) myocardial infarction involving left anterior descending coronary artery,0.0,0.0,0.0,0,3,6,6,32.0
I21.09,ST elevation (STEMI) myocardial infarction involving other coronary artery of anterior wall,0.3749999999414063,0.7999999997333334,0.5106382934178364,24,40,6,30,153.0
I21.11,ST elevation (STEMI) myocardial infarction involving right coronary artery,0.24999999968749997,0.18181818165289254,0.21052631069252087,2,6,9,11,44.0
I21.19,ST elevation (STEMI) myocardial infarction involving other coronary artery of inferior wall,0.5777777776493827,0.6499999998375,0.6117647007557094,26,19,14,40,196.0
I21.21,ST elevation (STEMI) myocardial infarction involving left circumflex coronary artery,0.0,0.0,0.0,0,0,2,2,8.0
I21.29,ST elevation (STEMI) myocardial infarction involving other sites,0.9999999900000002,0.14285714265306124,0.24999999718750004,1,0,6,7,35.0
I21.3,ST elevation (STEMI) myocardial infarction of unspecified site,0.249999999375,0.045454545433884296,0.07692307426035512,1,3,21,22,104.0
I21.4,Non-ST elevation (NSTEMI) myocardial infarction,0.6421499292695594,0.8121645795919111,0.7172195843145059,454,253,105,559,2545.0
I21.9,"Acute myocardial infarction, unspecified",0.0,0.0,0.0,0,0,2,2,9.0
I21.A1,Myocardial infarction type 2,0.565420560721242,0.48399999998063997,0.5215517191455485,121,93,129,250,1044.0
I21.A9,Other myocardial infarction type,0.0,0.0,0.0,0,0,2,2,10.0
I22.2,Subsequent non-ST elevation (NSTEMI) myocardial infarction,0.0,0.0,0.0,0,0,11,11,53.0
I23.6,"Thrombosis of atrium, auricular appendage, and ventricle as current complications following acute myocardial infarction",0.0,0.0,0.0,0,1,3,3,16.0
I23.7,Postinfarction angina,0.0,0.0,0.0,0,0,7,7,37.0
I24.0,Acute coronary thrombosis not resulting in myocardial infarction,0.0,0.0,0.0,0,2,9,9,39.0
I24.1,Dressler's syndrome,0.9999999900000002,0.9999999900000002,0.9999999850000002,1,0,0,1,8.0
I24.8,Other forms of acute ischemic heart disease,0.5555555555144033,0.4687499999707031,0.5084745712726229,75,60,85,160,637.0
I24.9,"Acute ischemic heart disease, unspecified",0.0,0.0,0.0,0,0,6,6,30.0
I25.10,Atherosclerotic heart disease of native coronary artery without angina pectoris,0.8352509179906114,0.9101093624942382,0.8710747971514723,3412,673,337,3749,16308.0
I25.110,Atherosclerotic heart disease of native coronary artery with unstable angina pectoris,0.6163522012190973,0.5077720206990791,0.5568181768331935,98,61,95,193,936.0
I25.111,Atherosclerotic heart disease of native coronary artery with angina pectoris with documented spasm,0.2727272724793388,0.4285714279591837,0.33333332820987654,3,8,4,7,34.0
I25.118,Atherosclerotic heart disease of native coronary artery with other forms of angina pectoris,0.39743589738494417,0.2672413792873068,0.3195876240248699,31,47,85,116,447.0
I25.119,Atherosclerotic heart disease of native coronary artery with unspecified angina pectoris,0.2794117646647924,0.09999999999473684,0.14728681781203062,19,49,171,190,693.0
I25.2,Old myocardial infarction,0.7705597788474737,0.7857646229683879,0.7780879224200302,1115,332,304,1419,6151.0
I25.3,Aneurysm of heart,0.49999999975,0.5882352937716263,0.5405405352812274,10,10,7,17,70.0
I25.41,Coronary artery aneurysm,0.249999999375,0.3333333322222222,0.28571428000000004,1,3,2,3,15.0
I25.42,Coronary artery dissection,0.48484848470156106,0.8421052627146814,0.6153846105103551,16,17,3,19,77.0
I25.5,Ischemic cardiomyopathy,0.710327455901503,0.7560321715615005,0.7324675274533649,282,115,91,373,1686.0
I25.710,Atherosclerosis of autologous vein coronary artery bypass graft(s) with unstable angina pectoris,0.5454545449586776,0.4285714282653061,0.4799999946879999,6,5,8,14,72.0
I25.718,Atherosclerosis of autologous vein coronary artery bypass graft(s) with other forms of angina pectoris,0.0,0.0,0.0,0,0,3,3,17.0
I25.719,Atherosclerosis of autologous vein coronary artery bypass graft(s) with unspecified angina pectoris,0.0,0.0,0.0,0,0,5,5,24.0
I25.720,Atherosclerosis of autologous artery coronary artery bypass graft(s) with unstable angina pectoris,0.0,0.0,0.0,0,0,3,3,12.0
I25.810,Atherosclerosis of coronary artery bypass graft(s) without angina pectoris,0.4999999998333333,0.31249999993489586,0.3846153797830375,15,15,33,48,237.0
I25.82,Chronic total occlusion of coronary artery,0.26229508194571355,0.38554216862824797,0.3121951171017252,32,90,51,83,403.0
I25.83,Coronary atherosclerosis due to lipid rich plaque,0.0,0.0,0.0,0,0,2,2,8.0
I25.84,Coronary atherosclerosis due to calcified coronary lesion,0.16666666657407406,0.0882352940916955,0.11538461081360965,3,15,31,34,163.0
I25.9,"Chronic ischemic heart disease, unspecified",0.0,0.0,0.0,0,0,27,27,127.0
I26.02,Saddle embolus of pulmonary artery with acute cor pulmonale,0.1999999996,0.4999999975,0.28571428081632655,1,4,1,2,8.0
I26.09,Other pulmonary embolism with acute cor pulmonale,0.16666666638888888,0.1111111109876543,0.13333332835555572,1,5,8,9,43.0
I26.90,Septic pulmonary embolism without acute cor pulmonale,0.7999999992,0.666666666111111,0.7272727216528925,8,2,4,12,56.0
I26.92,Saddle embolus of pulmonary artery without acute cor pulmonale,0.9090909082644627,0.7692307686390532,0.8333333276736111,10,1,3,13,58.0
I26.93,Single subsegmental pulmonary embolism without acute cor pulmonale,0.0,0.0,0.0,0,0,1,1,8.0
I26.94,Multiple subsegmental pulmonary emboli without acute cor pulmonale,0.0,0.0,0.0,0,0,3,3,14.0
I26.99,Other pulmonary embolism without acute cor pulmonale,0.8051948051686625,0.8611111110812114,0.8322147600783749,248,60,40,288,1354.0
I27.0,Primary pulmonary hypertension,0.2222222219753086,0.2857142853061225,0.24999999476562512,2,7,5,7,33.0
I27.2,Other secondary pulmonary hypertension,0.39759036143620263,0.45833333332060183,0.42580644662709677,165,250,195,360,1778.0
I27.20,"Pulmonary hypertension, unspecified",0.4675324675172879,0.3582089552149699,0.4056337978931165,144,164,258,402,1835.0
I27.21,Secondary pulmonary arterial hypertension,0.7499999981250001,0.10344827582639714,0.1818181795775941,3,1,26,29,142.0
I27.22,Pulmonary hypertension due to left heart disease,0.5555555549382716,0.17241379304399523,0.2631578909833795,5,4,24,29,116.0
I27.23,Pulmonary hypertension due to lung diseases and hypoxia,0.4999999975,0.07142857137755101,0.12499999765625001,1,1,13,14,68.0
I27.24,Chronic thromboembolic pulmonary hypertension,0.0,0.0,0.0,0,4,2,2,7.0
I27.29,Other secondary pulmonary hypertension,0.0,0.0,0.0,0,1,21,21,107.0
I27.81,Cor pulmonale (chronic),0.41666666631944443,0.5555555549382716,0.47619047083900223,5,7,4,9,39.0
I27.82,Chronic pulmonary embolism,0.5862068963495838,0.4594594593352812,0.5151515100688707,17,12,20,37,171.0
I28.1,Aneurysm of pulmonary artery,0.0,0.0,0.0,0,0,2,2,9.0
I28.8,Other diseases of pulmonary vessels,0.0,0.0,0.0,0,3,4,4,22.0
I30.0,Acute nonspecific idiopathic pericarditis,0.3333333322222222,0.1999999996,0.24999999468750006,1,2,4,5,22.0
I30.1,Infective pericarditis,0.5238095235600907,0.7857142851530612,0.6285714234122449,11,10,3,14,48.0
I30.8,Other forms of acute pericarditis,0.0,0.0,0.0,0,0,3,3,13.0
I30.9,"Acute pericarditis, unspecified",0.45454545413223135,0.3571428568877551,0.39999999475200004,5,6,9,14,68.0
I31.0,Chronic adhesive pericarditis,0.0,0.0,0.0,0,0,2,2,9.0
I31.1,Chronic constrictive pericarditis,0.4285714282653061,0.7499999990624999,0.5454545403305785,6,8,2,8,24.0
I31.2,"Hemopericardium, not elsewhere classified",0.4999999975,0.1999999996,0.28571428081632655,1,1,4,5,23.0
I31.3,Pericardial effusion (noninflammatory),0.6089385474520146,0.8134328357601915,0.6964856180620401,109,70,25,134,650.0
I31.4,Cardiac tamponade,0.6666666665359477,0.7906976742347215,0.7234042502014488,34,17,9,43,214.0
I31.9,"Disease of pericardium, unspecified",0.46511627896160085,0.39215686266820454,0.42553190983929384,20,23,31,51,220.0
I32,Pericarditis in diseases classified elsewhere,0.0,0.0,0.0,0,2,1,1,8.0
I33.0,Acute and subacute infective endocarditis,0.7590361444868632,0.7590361444868632,0.7590361394868632,63,20,20,83,345.0
I33.9,"Acute and subacute endocarditis, unspecified",0.0,0.0,0.0,0,1,4,4,12.0
I34.0,Nonrheumatic mitral (valve) insufficiency,0.5540897097479132,0.5011933174104727,0.526315784473056,210,169,209,419,1885.0
I34.1,Nonrheumatic mitral (valve) prolapse,0.4854368931567537,0.5813953487696052,0.5291005240849921,50,53,36,86,408.0
I34.2,Nonrheumatic mitral (valve) stenosis,0.0,0.0,0.0,0,0,6,6,28.0
I34.8,Other nonrheumatic mitral valve disorders,0.4999999975,0.249999999375,0.33333332777777785,1,1,3,4,18.0
I35.0,Nonrheumatic aortic (valve) stenosis,0.6976744185911303,0.7627118643906206,0.7287449342664197,360,156,112,472,2051.0
I35.1,Nonrheumatic aortic (valve) insufficiency,0.5340909090302169,0.6025641024868508,0.5662650551908841,47,41,31,78,358.0
I35.2,Nonrheumatic aortic (valve) stenosis with insufficiency,0.4285714283673469,0.29032258055150884,0.34615384120562126,9,12,22,31,143.0
I35.8,Other nonrheumatic aortic valve disorders,0.4999999975,0.12499999984374999,0.19999999640000002,1,1,7,8,40.0
I36.0,Nonrheumatic tricuspid (valve) stenosis,0.0,0.0,0.0,0,0,2,2,10.0
I36.1,Nonrheumatic tricuspid (valve) insufficiency,0.0,0.0,0.0,0,0,39,39,144.0
I37.1,Nonrheumatic pulmonary valve insufficiency,0.4999999975,0.3333333322222222,0.39999999360000005,1,1,2,3,15.0
I38,"Endocarditis, valve unspecified",0.0,0.0,0.0,0,4,11,11,54.0
I40.0,Infective myocarditis,0.5999999988,0.5999999988,0.5999999938,3,2,2,5,22.0
I40.1,Isolated myocarditis,0.9999999966666667,0.9999999966666667,0.9999999916666666,3,0,0,3,8.0
I42.0,Dilated cardiomyopathy,0.6374999999601563,0.7555555554995884,0.6915254187178397,102,58,33,135,583.0
I42.1,Obstructive hypertrophic cardiomyopathy,0.571428571292517,0.749999999765625,0.6486486435646457,24,18,8,32,157.0
I42.2,Other hypertrophic cardiomyopathy,0.7115384614016272,0.6981132074154504,0.704761899628118,37,15,16,53,176.0
I42.5,Other restrictive cardiomyopathy,0.5833333328472222,0.5833333328472222,0.5833333278472224,7,5,5,12,33.0
I42.6,Alcoholic cardiomyopathy,0.5909090906404958,0.649999999675,0.6190476137641724,13,9,7,20,100.0
I42.7,Cardiomyopathy due to drug and external agent,0.559999999776,0.6666666663492063,0.60869564694707,14,11,7,21,74.0
I42.8,Other cardiomyopathies,0.4130434781710775,0.12418300652783117,0.19095477029569963,19,27,134,153,622.0
I42.9,"Cardiomyopathy, unspecified",0.46124031005964183,0.48373983737870974,0.4722222172063177,119,139,127,246,1100.0
I43,Cardiomyopathy in diseases classified elsewhere,0.5454545452892562,0.5806451611030177,0.5624999948291015,18,15,13,31,149.0
I44.0,"Atrioventricular block, first degree",0.3943661971275541,0.33333333329365084,0.3612903175691988,28,43,56,84,342.0
I44.1,"Atrioventricular block, second degree",0.6666666665843622,0.6067415729655347,0.6352941125833911,54,27,35,89,386.0
I44.2,"Atrioventricular block, complete",0.7383177569403442,0.6370967741421697,0.6839826789505445,79,28,45,124,581.0
I44.30,Unspecified atrioventricular block,0.0,0.0,0.0,0,0,12,12,40.0
I44.39,Other atrioventricular block,0.0,0.0,0.0,0,0,4,4,18.0
I44.4,Left anterior fascicular block,0.9999999900000002,0.07692307686390532,0.14285714132653063,1,0,12,13,31.0
I44.7,"Left bundle-branch block, unspecified",0.6585365853337299,0.6459330143231611,0.6521739080124391,135,70,74,209,954.0
I45.10,Unspecified right bundle-branch block,0.5271317829048735,0.4331210190806929,0.47552447053914615,68,61,89,157,597.0
I45.19,Other right bundle-branch block,0.0,0.0,0.0,0,0,3,3,14.0
I45.2,Bifascicular block,0.2592592591632373,0.1944444443904321,0.22222221725371638,7,20,29,36,181.0
I45.3,Trifascicular block,0.3333333322222222,0.4999999975,0.39999999360000005,1,2,1,2,11.0
I45.5,Other specified heart block,0.14285714265306124,0.12499999984374999,0.13333332817777796,1,6,7,8,39.0
I45.6,Pre-excitation syndrome,0.7999999992,0.7999999992,0.7999999942000001,8,2,2,10,47.0
I45.81,Long QT syndrome,0.5393939393612488,0.563291139204855,0.5510835862994949,89,76,69,158,796.0
I45.89,Other specified conduction disorders,0.9999999900000002,0.12499999984374999,0.22222221975308643,1,0,7,8,39.0
I45.9,"Conduction disorder, unspecified",0.0,0.0,0.0,0,1,6,6,29.0
I46.2,Cardiac arrest due to underlying cardiac condition,0.49999999937499995,0.1739130434026465,0.2580645121331946,4,4,19,23,110.0
I46.8,Cardiac arrest due to other underlying condition,0.0,0.0,0.0,0,0,20,20,79.0
I46.9,"Cardiac arrest, cause unspecified",0.32941176466712807,0.4242424241781451,0.3708609221823605,28,57,38,66,270.0
I47.1,Supraventricular tachycardia,0.6559139784769915,0.6777777777589507,0.6666666616497954,244,128,116,360,1586.0
I47.2,Ventricular tachycardia,0.7061224489507705,0.6070175438383503,0.6528301836830901,173,72,112,285,1252.0
I47.9,"Paroxysmal tachycardia, unspecified",0.0,0.0,0.0,0,0,2,2,8.0
I48.0,Paroxysmal atrial fibrillation,0.8444216990701697,0.7419064748134722,0.789851598651424,825,152,287,1112,4826.0
I48.1,Persistent atrial fibrillation,0.5809523808970521,0.5169491524985637,0.5470851967616482,61,44,57,118,523.0
I48.19,Other persistent atrial fibrillation,0.9999999900000002,0.09090909082644627,0.16666666486111115,1,0,10,11,55.0
I48.2,Chronic atrial fibrillation,0.7014925372785327,0.35338345863775983,0.46999999552883337,141,60,258,399,1752.0
I48.20,"Chronic atrial fibrillation, unspecified",0.0,0.0,0.0,0,0,26,26,116.0
I48.21,Permanent atrial fibrillation,0.0,0.0,0.0,0,0,3,3,15.0
I48.3,Typical atrial flutter,0.6363636357851239,0.5833333328472222,0.6086956466540643,7,4,5,12,58.0
I48.4,Atypical atrial flutter,0.0,0.0,0.0,0,0,9,9,39.0
I48.91,Unspecified atrial fibrillation,0.7116279069737352,0.8697674418559702,0.7827906927207777,1683,682,252,1935,8773.0
I48.92,Unspecified atrial flutter,0.6333333333157407,0.765100671115265,0.693009113564361,228,132,70,298,1316.0
I49.01,Ventricular fibrillation,0.6862745096693579,0.6862745096693579,0.6862745046693579,35,16,16,51,217.0
I49.1,Atrial premature depolarization,0.5624999996484374,0.3913043476559546,0.4615384564628534,9,7,14,23,113.0
I49.3,Ventricular premature depolarization,0.6341463413087448,0.35135135130387146,0.45217390837655963,26,15,48,74,326.0
I49.49,Other premature depolarization,0.0,0.0,0.0,0,0,2,2,7.0
I49.5,Sick sinus syndrome,0.6666666665432098,0.32142857139987246,0.43373493531717233,36,18,76,112,532.0
I49.8,Other specified cardiac arrhythmias,0.41666666631944443,0.14705882348615917,0.21739130039697546,5,7,29,34,157.0
I49.9,"Cardiac arrhythmia, unspecified",0.0,0.0,0.0,0,5,16,16,79.0
I50.1,"Left ventricular failure, unspecified",0.0,0.0,0.0,0,0,14,14,68.0
I50.20,Unspecified systolic (congestive) heart failure,0.49999999875,0.01612903225676379,0.031249999389648446,2,2,122,124,504.0
I50.21,Acute systolic (congestive) heart failure,0.6018518517961249,0.5284552845098817,0.562770557742921,65,43,58,123,605.0
I50.22,Chronic systolic (congestive) heart failure,0.6343001260954061,0.8035143769839694,0.7089499598231791,503,290,123,626,2755.0
I50.23,Acute on chronic systolic (congestive) heart failure,0.7294520547820299,0.7787934186329288,0.7533156448594039,426,158,121,547,2349.0
I50.30,Unspecified diastolic (congestive) heart failure,0.0,0.0,0.0,0,2,177,177,672.0
I50.31,Acute diastolic (congestive) heart failure,0.5961538460392012,0.309999999969,0.40789473228704987,31,21,69,100,473.0
I50.32,Chronic diastolic (congestive) heart failure,0.7055555555490227,0.7904564315270699,0.7455968638933483,762,318,202,964,4077.0
I50.33,Acute on chronic diastolic (congestive) heart failure,0.8448928120952724,0.8101571946697683,0.8271604888191512,670,123,157,827,3282.0
I50.40,Unspecified combined systolic (congestive) and diastolic (congestive) heart failure,0.0,0.0,0.0,0,0,5,5,26.0
I50.41,Acute combined systolic (congestive) and diastolic (congestive) heart failure,0.0,0.0,0.0,0,0,10,10,49.0
I50.42,Chronic combined systolic (congestive) and diastolic (congestive) heart failure,0.7812499997558594,0.4237288134875036,0.5494505447699554,25,7,34,59,235.0
I50.43,Acute on chronic combined systolic (congestive) and diastolic (congestive) heart failure,0.584905660266999,0.3195876288330322,0.41333332870844447,31,22,66,97,431.0
I50.810,"Right heart failure, unspecified",0.0,0.0,0.0,0,0,10,10,52.0
I50.811,Acute right heart failure,0.0,0.0,0.0,0,0,7,7,20.0
I50.812,Chronic right heart failure,0.0,0.0,0.0,0,0,9,9,13.0
I50.813,Acute on chronic right heart failure,0.0,0.0,0.0,0,0,7,7,20.0
I50.814,Right heart failure due to left heart failure,0.0,0.0,0.0,0,5,5,5,25.0
I50.82,Biventricular heart failure,0.0,0.0,0.0,0,0,8,8,31.0
I50.84,End stage heart failure,0.999999995,0.14285714275510203,0.24999999750000002,2,0,12,14,60.0
I50.89,Other heart failure,0.0,0.0,0.0,0,0,2,2,8.0
I50.9,"Heart failure, unspecified",0.5169491525204682,0.387301587289292,0.4428312110576711,122,114,193,315,1495.0
I51.0,"Cardiac septal defect, acquired",0.0,0.0,0.0,0,0,3,3,16.0
I51.1,"Rupture of chordae tendineae, not elsewhere classified",0.2352941175086505,0.3636363633057851,0.285714280739796,4,13,7,11,56.0
I51.3,"Intracardiac thrombosis, not elsewhere classified",0.5217391303213611,0.479999999904,0.4999999949045139,24,22,26,50,211.0
I51.4,"Myocarditis, unspecified",0.0,0.0,0.0,0,1,5,5,23.0
I51.7,Cardiomegaly,0.3571428568877551,0.14285714281632653,0.20408162848813002,5,9,30,35,139.0
I51.81,Takotsubo syndrome,0.8333333330555556,0.5952380950963718,0.6944444393904321,25,5,17,42,181.0
I51.89,Other ill-defined heart diseases,0.0,0.0,0.0,0,0,13,13,52.0
I51.9,"Heart disease, unspecified",0.0,0.0,0.0,0,2,11,11,48.0
I60.11,Nontraumatic subarachnoid hemorrhage from right middle cerebral artery,0.9999999900000002,0.3333333322222222,0.49999999375000004,1,0,2,3,14.0
I60.12,Nontraumatic subarachnoid hemorrhage from left middle cerebral artery,0.0,0.0,0.0,0,0,3,3,13.0
I60.2,Nontraumatic subarachnoid hemorrhage from anterior communicating artery,0.0,0.0,0.0,0,0,2,2,9.0
I60.31,Nontraumatic subarachnoid hemorrhage from right posterior communicating artery,0.0,0.0,0.0,0,0,4,4,11.0
I60.32,Nontraumatic subarachnoid hemorrhage from left posterior communicating artery,0.0,0.0,0.0,0,0,2,2,9.0
I60.4,Nontraumatic subarachnoid hemorrhage from basilar artery,0.0,0.0,0.0,0,0,2,2,9.0
I60.6,Nontraumatic subarachnoid hemorrhage from other intracranial arteries,0.0,0.0,0.0,0,0,3,3,15.0
I60.7,Nontraumatic subarachnoid hemorrhage from unspecified intracranial artery,0.0,0.0,0.0,0,0,2,2,8.0
I60.8,Other nontraumatic subarachnoid hemorrhage,0.0,0.0,0.0,0,1,12,12,64.0
I60.9,"Nontraumatic subarachnoid hemorrhage, unspecified",0.49019607833525564,0.6756756754930606,0.5681818131792356,25,26,12,37,161.0
I61.0,"Nontraumatic intracerebral hemorrhage in hemisphere, subcortical",0.49999999977272724,0.5789473681163435,0.5365853606186795,11,11,8,19,88.0
I61.1,"Nontraumatic intracerebral hemorrhage in hemisphere, cortical",0.39999999993333335,0.40677966094800344,0.40336133947037645,24,36,35,59,207.0
I61.2,"Nontraumatic intracerebral hemorrhage in hemisphere, unspecified",0.0,0.0,0.0,0,0,11,11,33.0
I61.3,Nontraumatic intracerebral hemorrhage in brain stem,0.5999999988,0.4285714279591837,0.4999999943055557,3,2,4,7,34.0
I61.4,Nontraumatic intracerebral hemorrhage in cerebellum,0.6363636360743802,0.9333333327111111,0.7567567515266618,14,8,1,15,72.0
I61.5,"Nontraumatic intracerebral hemorrhage, intraventricular",0.660714285596301,0.6981132074154504,0.6788990774480264,37,19,16,53,218.0
I61.6,"Nontraumatic intracerebral hemorrhage, multiple localized",0.0,0.0,0.0,0,0,4,4,19.0
I61.8,Other nontraumatic intracerebral hemorrhage,0.19230769223372782,0.0943396226237095,0.12658227403300767,5,21,48,53,257.0
I61.9,"Nontraumatic intracerebral hemorrhage, unspecified",0.3636363633057851,0.13333333328888888,0.19512194719809645,4,7,26,30,148.0
I62.00,"Nontraumatic subdural hemorrhage, unspecified",0.9999999900000002,0.07692307686390532,0.14285714132653063,1,0,12,13,63.0
I62.01,Nontraumatic acute subdural hemorrhage,0.624999999609375,0.34482758608799047,0.44444443966419755,10,6,19,29,113.0
I62.02,Nontraumatic subacute subdural hemorrhage,0.0,0.0,0.0,0,3,9,9,37.0
I62.03,Nontraumatic chronic subdural hemorrhage,0.47058823520184545,0.6857142855183673,0.5581395299269876,24,27,11,35,162.0
I62.1,Nontraumatic extradural hemorrhage,0.0,0.0,0.0,0,0,2,2,7.0
I62.9,"Nontraumatic intracranial hemorrhage, unspecified",0.0,0.0,0.0,0,0,8,8,37.0
I63.02,Cerebral infarction due to thrombosis of basilar artery,0.9999999975,0.9999999975,0.9999999925,4,0,0,4,18.0
I63.031,Cerebral infarction due to thrombosis of right carotid artery,0.0,0.0,0.0,0,1,2,2,11.0
I63.032,Cerebral infarction due to thrombosis of left carotid artery,0.0,0.0,0.0,0,1,3,3,14.0
I63.10,Cerebral infarction due to embolism of unspecified precerebral artery,0.0,0.0,0.0,0,0,11,11,31.0
I63.112,Cerebral infarction due to embolism of left vertebral artery,0.0,0.0,0.0,0,1,1,1,8.0
I63.12,Cerebral infarction due to embolism of basilar artery,0.0,0.0,0.0,0,0,3,3,14.0
I63.131,Cerebral infarction due to embolism of right carotid artery,0.13333333324444444,0.2857142853061225,0.18181817731404967,2,13,5,7,36.0
I63.132,Cerebral infarction due to embolism of left carotid artery,0.2222222219753086,0.2222222219753086,0.22222221697530875,2,7,7,9,36.0
I63.19,Cerebral infarction due to embolism of other precerebral artery,0.0,0.0,0.0,0,2,5,5,27.0
I63.211,Cerebral infarction due to unspecified occlusion or stenosis of right vertebral artery,0.0,0.0,0.0,0,0,2,2,7.0
I63.212,Cerebral infarction due to unspecified occlusion or stenosis of left vertebral artery,0.0,0.0,0.0,0,0,2,2,8.0
I63.231,Cerebral infarction due to unspecified occlusion or stenosis of right carotid arteries,0.29999999969999996,0.37499999953124996,0.3333333280246914,3,7,5,8,39.0
I63.232,Cerebral infarction due to unspecified occlusion or stenosis of left carotid arteries,0.0,0.0,0.0,0,0,6,6,20.0
I63.29,Cerebral infarction due to unspecified occlusion or stenosis of other precerebral arteries,0.0,0.0,0.0,0,0,2,2,10.0
I63.311,Cerebral infarction due to thrombosis of right middle cerebral artery,0.12499999984374999,0.16666666638888888,0.1428571377551022,1,7,5,6,33.0
I63.312,Cerebral infarction due to thrombosis of left middle cerebral artery,0.14285714275510203,0.33333333277777777,0.19999999560000006,2,12,4,6,33.0
I63.40,Cerebral infarction due to embolism of unspecified cerebral artery,0.28124999991210936,0.17999999996399998,0.21951219030933974,9,23,41,50,248.0
I63.411,Cerebral infarction due to embolism of right middle cerebral artery,0.6923076921745562,0.6923076921745562,0.6923076871745563,36,16,16,52,178.0
I63.412,Cerebral infarction due to embolism of left middle cerebral artery,0.5833333332523148,0.7924528300391598,0.671999995008,42,30,11,53,238.0
I63.421,Cerebral infarction due to embolism of right anterior cerebral artery,0.3333333322222222,0.249999999375,0.28571428000000004,1,2,3,4,15.0
I63.422,Cerebral infarction due to embolism of left anterior cerebral artery,0.12499999984374999,0.1999999996,0.15384614887573977,1,7,4,5,24.0
I63.431,Cerebral infarction due to embolism of right posterior cerebral artery,0.7499999981250001,0.2727272724793388,0.3999999955555556,3,1,8,11,39.0
I63.432,Cerebral infarction due to embolism of left posterior cerebral artery,0.4444444439506172,0.3636363633057851,0.39999999464999997,4,5,7,11,53.0
I63.433,Cerebral infarction due to embolism of bilateral posterior cerebral arteries,0.0,0.0,0.0,0,0,2,2,11.0
I63.441,Cerebral infarction due to embolism of right cerebellar artery,0.3333333329629629,0.37499999953124996,0.3529411710726644,3,6,5,8,41.0
I63.442,Cerebral infarction due to embolism of left cerebellar artery,0.3124999998046875,0.6249999992187499,0.41666666187500007,5,11,3,8,41.0
I63.443,Cerebral infarction due to embolism of bilateral cerebellar arteries,0.33333333277777777,0.3999999992,0.36363635801652905,2,4,3,5,27.0
I63.449,Cerebral infarction due to embolism of unspecified cerebellar artery,0.0,0.0,0.0,0,0,2,2,12.0
I63.49,Cerebral infarction due to embolism of other cerebral artery,0.0,0.0,0.0,0,0,9,9,47.0
I63.50,Cerebral infarction due to unspecified occlusion or stenosis of unspecified cerebral artery,0.0,0.0,0.0,0,0,2,2,10.0
I63.511,Cerebral infarction due to unspecified occlusion or stenosis of right middle cerebral artery,0.14285714281632653,0.49999999949999996,0.2222222186666667,5,30,5,10,48.0
I63.512,Cerebral infarction due to unspecified occlusion or stenosis of left middle cerebral artery,0.0,0.0,0.0,0,1,9,9,45.0
I63.521,Cerebral infarction due to unspecified occlusion or stenosis of right anterior cerebral artery,0.0,0.0,0.0,0,0,2,2,9.0
I63.522,Cerebral infarction due to unspecified occlusion or stenosis of left anterior cerebral artery,0.4999999975,0.4999999975,0.4999999925000001,1,1,1,2,12.0
I63.531,Cerebral infarction due to unspecified occlusion or stenosis of right posterior cerebral artery,0.0,0.0,0.0,0,0,2,2,12.0
I63.532,Cerebral infarction due to unspecified occlusion or stenosis of left posterior cerebral artery,0.3333333322222222,0.3333333322222222,0.33333332722222225,1,2,2,3,16.0
I63.541,Cerebral infarction due to unspecified occlusion or stenosis of right cerebellar artery,0.0,0.0,0.0,0,0,1,1,8.0
I63.542,Cerebral infarction due to unspecified occlusion or stenosis of left cerebellar artery,0.0,0.0,0.0,0,0,2,2,10.0
I63.8,Other cerebral infarction,0.16666666638888888,0.031249999990234374,0.05263157626038795,1,5,31,32,162.0
I63.81,Other cerebral infarction due to occlusion or stenosis of small artery,0.0,0.0,0.0,0,0,5,5,26.0
I63.89,Other cerebral infarction,0.0,0.0,0.0,0,0,17,17,85.0
I63.9,"Cerebral infarction, unspecified",0.3970588234710208,0.269999999973,0.32142856657171204,27,41,73,100,486.0
I65.01,Occlusion and stenosis of right vertebral artery,0.3571428568877551,0.49999999949999996,0.4166666614583334,5,9,5,10,50.0
I65.02,Occlusion and stenosis of left vertebral artery,0.30769230745562126,0.3999999996,0.34782608173913043,4,9,6,10,46.0
I65.03,Occlusion and stenosis of bilateral vertebral arteries,0.0,0.0,0.0,0,0,4,4,20.0
I65.09,Occlusion and stenosis of unspecified vertebral artery,0.0,0.0,0.0,0,0,2,2,10.0
I65.1,Occlusion and stenosis of basilar artery,0.49999999875,0.49999999875,0.4999999937500001,2,2,2,4,21.0
I65.21,Occlusion and stenosis of right carotid artery,0.605263157815097,0.7666666665388889,0.6764705832050174,46,30,14,60,259.0
I65.22,Occlusion and stenosis of left carotid artery,0.3979591836328613,0.5909090908195593,0.4756097512299227,39,59,27,66,271.0
I65.23,Occlusion and stenosis of bilateral carotid arteries,0.3009708737571873,0.2583333333118056,0.27802690083371884,31,72,89,120,516.0
I65.29,Occlusion and stenosis of unspecified carotid artery,0.32432432423666907,0.2790697673769605,0.299999994953125,12,25,31,43,208.0
I66.01,Occlusion and stenosis of right middle cerebral artery,0.0,0.0,0.0,0,0,2,2,8.0
I66.02,Occlusion and stenosis of left middle cerebral artery,0.0,0.0,0.0,0,1,2,2,10.0
I66.8,Occlusion and stenosis of other cerebral arteries,0.0,0.0,0.0,0,0,2,2,10.0
I66.9,Occlusion and stenosis of unspecified cerebral artery,0.0,0.0,0.0,0,0,3,3,14.0
I67.1,"Cerebral aneurysm, nonruptured",0.7771739130012405,0.8719512194590273,0.8218390754290528,143,41,21,164,761.0
I67.2,Cerebral atherosclerosis,0.5121951218262939,0.3818181817487603,0.43749999501519105,21,20,34,55,273.0
I67.3,Progressive vascular leukoencephalopathy,0.0,0.0,0.0,0,0,2,2,7.0
I67.4,Hypertensive encephalopathy,0.33333333277777777,0.2857142853061225,0.3076923022485208,2,4,5,7,33.0
I67.5,Moyamoya disease,0.7999999992,0.7999999992,0.7999999942000001,8,2,2,10,48.0
I67.6,Nonpyogenic thrombosis of intracranial venous system,0.0,0.0,0.0,0,0,3,3,12.0
I67.82,Cerebral ischemia,0.3333333322222222,0.0999999999,0.15384615005917168,1,2,9,10,49.0
I67.83,Posterior reversible encephalopathy syndrome,0.6666666659259258,0.8571428559183674,0.749999994140625,6,3,1,7,35.0
I67.841,Reversible cerebrovascular vasoconstriction syndrome,0.9999999980000001,0.8333333319444445,0.909090902479339,5,0,1,6,28.0
I67.848,Other cerebrovascular vasospasm and vasoconstriction,0.5999999996,0.5294117643944637,0.5624999946679689,9,6,8,17,75.0
I67.89,Other cerebrovascular disease,0.6666666655555555,0.3333333330555555,0.4444444395061729,4,2,8,12,58.0
I67.9,"Cerebrovascular disease, unspecified",0.9999999900000002,0.0999999999,0.18181817983471074,1,0,9,10,43.0
I68.0,Cerebral amyloid angiopathy,0.7288135591985062,0.9148936168266184,0.8113207496279816,43,16,4,47,228.0
I69.054,Hemiplegia and hemiparesis following nontraumatic subarachnoid hemorrhage affecting left non-dominant side,0.0,0.0,0.0,0,0,2,2,7.0
I69.098,Other sequelae following nontraumatic subarachnoid hemorrhage,0.0,0.0,0.0,0,0,1,1,8.0
I69.120,Aphasia following nontraumatic intracerebral hemorrhage,0.0,0.0,0.0,0,0,5,5,28.0
I69.122,Dysarthria following nontraumatic intracerebral hemorrhage,0.0,0.0,0.0,0,0,2,2,11.0
I69.151,Hemiplegia and hemiparesis following nontraumatic intracerebral hemorrhage affecting right dominant side,0.0,0.0,0.0,0,0,10,10,36.0
I69.154,Hemiplegia and hemiparesis following nontraumatic intracerebral hemorrhage affecting left non-dominant side,0.4285714279591837,0.29999999969999996,0.35294117121107266,3,4,7,10,47.0
I69.191,Dysphagia following nontraumatic intracerebral hemorrhage,0.0,0.0,0.0,0,1,4,4,14.0
I69.192,Facial weakness following nontraumatic intracerebral hemorrhage,0.0,0.0,0.0,0,0,3,3,14.0
I69.198,Other sequelae of nontraumatic intracerebral hemorrhage,0.18181818165289254,0.124999999921875,0.14814814320987668,2,9,14,16,55.0
I69.222,Dysarthria following other nontraumatic intracranial hemorrhage,0.0,0.0,0.0,0,0,2,2,8.0
I69.251,Hemiplegia and hemiparesis following other nontraumatic intracranial hemorrhage affecting right dominant side,0.0,0.0,0.0,0,0,3,3,14.0
I69.254,Hemiplegia and hemiparesis following other nontraumatic intracranial hemorrhage affecting left non-dominant side,0.0,0.0,0.0,0,0,6,6,28.0
I69.292,Facial weakness following other nontraumatic intracranial hemorrhage,0.0,0.0,0.0,0,0,2,2,7.0
I69.298,Other sequelae of other nontraumatic intracranial hemorrhage,0.0,0.0,0.0,0,0,5,5,22.0
I69.30,Unspecified sequelae of cerebral infarction,0.0,0.0,0.0,0,0,3,3,16.0
I69.31,Cognitive deficits following cerebral infarction,0.0,0.0,0.0,0,0,4,4,16.0
I69.311,Memory deficit following cerebral infarction,0.9999999900000002,0.05882352937716263,0.11111110993827158,1,0,16,17,42.0
I69.312,Visuospatial deficit and spatial neglect following cerebral infarction,0.0,0.0,0.0,0,1,4,4,16.0
I69.318,Other symptoms and signs involving cognitive functions following cerebral infarction,0.0,0.0,0.0,0,0,7,7,14.0
I69.319,Unspecified symptoms and signs involving cognitive functions following cerebral infarction,0.0,0.0,0.0,0,1,11,11,50.0
I69.320,Aphasia following cerebral infarction,0.5319148935604346,0.7692307691124262,0.6289308126972827,50,44,15,65,268.0
I69.321,Dysphasia following cerebral infarction,0.0,0.0,0.0,0,0,2,2,8.0
I69.322,Dysarthria following cerebral infarction,0.5862068963495838,0.4358974357856673,0.4999999949610728,17,12,22,39,170.0
I69.323,Fluency disorder following cerebral infarction,0.0,0.0,0.0,0,0,1,1,8.0
I69.328,Other speech and language deficits following cerebral infarction,0.6249999992187499,0.29411764688581316,0.399999995328,5,3,12,17,61.0
I69.331,Monoplegia of upper limb following cerebral infarction affecting right dominant side,0.0,0.0,0.0,0,0,5,5,24.0
I69.334,Monoplegia of upper limb following cerebral infarction affecting left non-dominant side,0.5999999988,0.5999999988,0.5999999938,3,2,2,5,27.0
I69.341,Monoplegia of lower limb following cerebral infarction affecting right dominant side,0.0,0.0,0.0,0,0,4,4,12.0
I69.344,Monoplegia of lower limb following cerebral infarction affecting left non-dominant side,0.0,0.0,0.0,0,0,4,4,18.0
I69.351,Hemiplegia and hemiparesis following cerebral infarction affecting right dominant side,0.53801169587497,0.7666666666027778,0.632302400608401,92,79,28,120,552.0
I69.353,Hemiplegia and hemiparesis following cerebral infarction affecting right non-dominant side,0.0,0.0,0.0,0,0,2,2,9.0
I69.354,Hemiplegia and hemiparesis following cerebral infarction affecting left non-dominant side,0.5589353611954777,0.8399999999519999,0.6712328718835097,147,116,28,175,683.0
I69.359,Hemiplegia and hemiparesis following cerebral infarction affecting unspecified side,0.0,0.0,0.0,0,1,10,10,29.0
I69.365,"Other paralytic syndrome following cerebral infarction, bilateral",0.0,0.0,0.0,0,0,2,2,11.0
I69.390,Apraxia following cerebral infarction,0.0,0.0,0.0,0,1,2,2,8.0
I69.391,Dysphagia following cerebral infarction,0.5789473681163435,0.35483870956295527,0.439999995112,11,8,20,31,150.0
I69.392,Facial weakness following cerebral infarction,0.419999999916,0.428571428483965,0.4242424191572289,21,29,28,49,191.0
I69.393,Ataxia following cerebral infarction,0.9999999900000002,0.16666666638888888,0.2857142824489796,1,0,5,6,28.0
I69.398,Other sequelae of cerebral infarction,0.4230769230362426,0.29530201340299983,0.3478260820872065,44,60,105,149,535.0
I69.820,Aphasia following other cerebrovascular disease,0.0,0.0,0.0,0,0,3,3,14.0
I69.851,Hemiplegia and hemiparesis following other cerebrovascular disease affecting right dominant side,0.0,0.0,0.0,0,0,3,3,14.0
I69.854,Hemiplegia and hemiparesis following other cerebrovascular disease affecting left non-dominant side,0.0,0.0,0.0,0,0,4,4,22.0
I69.891,Dysphagia following other cerebrovascular disease,0.0,0.0,0.0,0,0,2,2,7.0
I69.898,Other sequelae of other cerebrovascular disease,0.0,0.0,0.0,0,0,8,8,37.0
I69.920,Aphasia following unspecified cerebrovascular disease,0.0,0.0,0.0,0,0,6,6,31.0
I69.928,Other speech and language deficits following unspecified cerebrovascular disease,0.0,0.0,0.0,0,0,2,2,9.0
I69.951,Hemiplegia and hemiparesis following unspecified cerebrovascular disease affecting right dominant side,0.4999999975,0.08333333326388888,0.14285714020408163,1,1,11,12,39.0
I69.954,Hemiplegia and hemiparesis following unspecified cerebrovascular disease affecting left non-dominant side,0.0,0.0,0.0,0,0,15,15,68.0
I69.991,Dysphagia following unspecified cerebrovascular disease,0.0,0.0,0.0,0,0,3,3,14.0
I69.992,Facial weakness following unspecified cerebrovascular disease,0.0,0.0,0.0,0,7,8,8,26.0
I69.998,Other sequelae following unspecified cerebrovascular disease,0.0,0.0,0.0,0,0,11,11,40.0
I70.0,Atherosclerosis of aorta,0.3333333331746032,0.15217391301039698,0.20895521951436855,7,14,39,46,197.0
I70.1,Atherosclerosis of renal artery,0.5384615383579882,0.7179487177646285,0.6153846103514069,28,24,11,39,169.0
I70.201,"Unspecified atherosclerosis of native arteries of extremities, right leg",0.0,0.0,0.0,0,0,17,17,70.0
I70.202,"Unspecified atherosclerosis of native arteries of extremities, left leg",0.0,0.0,0.0,0,0,17,17,85.0
I70.203,"Unspecified atherosclerosis of native arteries of extremities, bilateral legs",0.0,0.0,0.0,0,0,14,14,49.0
I70.208,"Unspecified atherosclerosis of native arteries of extremities, other extremity",0.0,0.0,0.0,0,0,4,4,19.0
I70.209,"Unspecified atherosclerosis of native arteries of extremities, unspecified extremity",0.0,0.0,0.0,0,0,18,18,58.0
I70.211,"Atherosclerosis of native arteries of extremities with intermittent claudication, right leg",0.5833333328472222,0.6363636357851239,0.6086956466540643,7,5,4,11,50.0
I70.212,"Atherosclerosis of native arteries of extremities with intermittent claudication, left leg",0.38095238077097504,0.5333333329777777,0.44444443933641975,8,13,7,15,71.0
I70.213,"Atherosclerosis of native arteries of extremities with intermittent claudication, bilateral legs",0.4999999996875,0.666666666111111,0.571428566122449,8,8,4,12,58.0
I70.218,"Atherosclerosis of native arteries of extremities with intermittent claudication, other extremity",0.0,0.0,0.0,0,0,2,2,8.0
I70.219,"Atherosclerosis of native arteries of extremities with intermittent claudication, unspecified extremity",0.0,0.0,0.0,0,0,7,7,20.0
I70.221,"Atherosclerosis of native arteries of extremities with rest pain, right leg",0.49999999875,0.09999999995,0.16666666375000005,2,2,18,20,51.0
I70.222,"Atherosclerosis of native arteries of extremities with rest pain, left leg",0.5999999988,0.1874999998828125,0.28571428181405895,3,2,13,16,57.0
I70.223,"Atherosclerosis of native arteries of extremities with rest pain, bilateral legs",0.0,0.0,0.0,0,0,7,7,23.0
I70.233,Atherosclerosis of native arteries of right leg with ulceration of ankle,0.9999999900000002,0.4999999975,0.6666666577777778,1,0,1,2,10.0
I70.234,Atherosclerosis of native arteries of right leg with ulceration of heel and midfoot,0.0,0.0,0.0,0,0,6,6,33.0
I70.235,Atherosclerosis of native arteries of right leg with ulceration of other part of foot,0.49999999979166665,0.631578947036011,0.5581395296917252,12,12,7,19,82.0
I70.238,Atherosclerosis of native arteries of right leg with ulceration of other part of lower leg,0.0,0.0,0.0,0,0,4,4,18.0
I70.242,Atherosclerosis of native arteries of left leg with ulceration of calf,0.0,0.0,0.0,0,0,2,2,10.0
I70.243,Atherosclerosis of native arteries of left leg with ulceration of ankle,0.0,0.0,0.0,0,0,2,2,11.0
I70.244,Atherosclerosis of native arteries of left leg with ulceration of heel and midfoot,0.3333333329629629,0.37499999953124996,0.3529411710726644,3,6,5,8,40.0
I70.245,Atherosclerosis of native arteries of left leg with ulceration of other part of foot,0.38095238077097504,0.347826086805293,0.36363635848140496,8,13,15,23,73.0
I70.248,Atherosclerosis of native arteries of left leg with ulceration of other part of lower leg,0.0,0.0,0.0,0,0,4,4,13.0
I70.25,Atherosclerosis of native arteries of other extremities with ulceration,0.0,0.0,0.0,0,0,1,1,8.0
I70.261,"Atherosclerosis of native arteries of extremities with gangrene, right leg",0.571428570612245,0.18181818173553718,0.2758620651129608,4,3,18,22,111.0
I70.262,"Atherosclerosis of native arteries of extremities with gangrene, left leg",0.21739130425330813,0.21739130425330813,0.21739129925330825,5,18,18,23,114.0
I70.263,"Atherosclerosis of native arteries of extremities with gangrene, bilateral legs",0.0,0.0,0.0,0,0,8,8,29.0
I70.268,"Atherosclerosis of native arteries of extremities with gangrene, other extremity",0.0,0.0,0.0,0,0,3,3,17.0
I70.291,"Other atherosclerosis of native arteries of extremities, right leg",0.0,0.0,0.0,0,0,3,3,13.0
I70.292,"Other atherosclerosis of native arteries of extremities, left leg",0.0,0.0,0.0,0,0,2,2,9.0
I70.293,"Other atherosclerosis of native arteries of extremities, bilateral legs",0.0,0.0,0.0,0,0,2,2,8.0
I70.298,"Other atherosclerosis of native arteries of extremities, other extremity",0.0,0.0,0.0,0,0,2,2,11.0
I70.401,"Unspecified atherosclerosis of autologous vein bypass graft(s) of the extremities, right leg",0.0,0.0,0.0,0,0,2,2,9.0
I70.422,"Atherosclerosis of autologous vein bypass graft(s) of the extremities with rest pain, left leg",0.0,0.0,0.0,0,0,1,1,8.0
I70.461,"Atherosclerosis of autologous vein bypass graft(s) of the extremities with gangrene, right leg",0.0,0.0,0.0,0,0,2,2,8.0
I70.8,Atherosclerosis of other arteries,0.18181818165289254,0.08695652170132324,0.11764705437716279,2,9,21,23,108.0
I70.90,Unspecified atherosclerosis,0.0,0.0,0.0,0,0,3,3,13.0
I70.92,Chronic total occlusion of artery of the extremities,0.0,0.0,0.0,0,1,15,15,78.0
I71.00,Dissection of unspecified site of aorta,0.0,0.0,0.0,0,0,6,6,23.0
I71.01,Dissection of thoracic aorta,0.6060606058769513,0.499999999875,0.547945200375305,20,13,20,40,148.0
I71.02,Dissection of abdominal aorta,0.29999999969999996,0.23076923059171597,0.2608695600756144,3,7,10,13,66.0
I71.03,Dissection of thoracoabdominal aorta,0.249999999375,0.1111111109876543,0.15384614934911253,1,3,8,9,34.0
I71.1,"Thoracic aortic aneurysm, ruptured",0.0,0.0,0.0,0,0,2,2,10.0
I71.2,"Thoracic aortic aneurysm, without rupture",0.6951219511347413,0.522935779768538,0.5968586337808724,57,25,52,109,407.0
I71.3,"Abdominal aortic aneurysm, ruptured",0.9999999966666667,0.49999999916666665,0.6666666607407408,3,0,3,6,27.0
I71.4,"Abdominal aortic aneurysm, without rupture",0.6428571428265306,0.7068062826855075,0.6733167032070696,135,75,56,191,873.0
I71.6,"Thoracoabdominal aortic aneurysm, without rupture",0.8333333319444445,0.6249999992187499,0.7142857083673471,5,1,3,8,37.0
I71.9,"Aortic aneurysm of unspecified site, without rupture",0.0,0.0,0.0,0,0,11,11,35.0
I72.0,Aneurysm of carotid artery,0.12499999984374999,0.16666666638888888,0.1428571377551022,1,7,5,6,26.0
I72.1,Aneurysm of artery of upper extremity,0.3999999992,0.3999999992,0.39999999420000004,2,3,3,5,23.0
I72.2,Aneurysm of renal artery,0.2857142853061225,0.49999999875,0.36363635834710756,2,5,2,4,21.0
I72.3,Aneurysm of iliac artery,0.6333333331222222,0.7916666663368055,0.7037036985048011,19,11,5,24,120.0
I72.4,Aneurysm of artery of lower extremity,0.7142857141156462,0.8571428568979592,0.7792207740597067,30,12,5,35,168.0
I72.5,Aneurysm of other precerebral arteries,0.4999999975,0.1999999996,0.28571428081632655,1,1,4,5,23.0
I72.6,Aneurysm of vertebral artery,0.4999999975,0.3333333322222222,0.39999999360000005,1,1,2,3,15.0
I72.8,Aneurysm of other specified arteries,0.719999999712,0.5999999998,0.6545454493487604,18,7,12,30,144.0
I73.00,Raynaud's syndrome without gangrene,0.48453608242427465,0.6025641024868508,0.5371428521404082,47,50,31,78,390.0
I73.1,Thromboangiitis obliterans [Buerger's disease],0.0,0.0,0.0,0,0,2,2,10.0
I73.89,Other specified peripheral vascular diseases,0.0,0.0,0.0,0,0,8,8,40.0
I73.9,"Peripheral vascular disease, unspecified",0.5124378109367755,0.5841209829757255,0.5459363907714387,309,294,220,529,2396.0
I74.09,Other arterial embolism and thrombosis of abdominal aorta,0.39999999973333333,0.4285714282653061,0.41379309816884663,6,9,8,14,58.0
I74.10,Embolism and thrombosis of unspecified parts of aorta,0.0,0.0,0.0,0,0,2,2,11.0
I74.11,Embolism and thrombosis of thoracic aorta,0.6666666644444444,0.3999999992,0.49999999406250006,2,1,3,5,24.0
I74.19,Embolism and thrombosis of other parts of aorta,0.0,0.0,0.0,0,0,2,2,11.0
I74.2,Embolism and thrombosis of arteries of the upper extremities,0.5833333328472222,0.5833333328472222,0.5833333278472224,7,5,5,12,49.0
I74.3,Embolism and thrombosis of arteries of the lower extremities,0.705882352733564,0.48979591826738855,0.5783132480359995,24,10,25,49,165.0
I74.5,Embolism and thrombosis of iliac artery,0.3157894735180055,0.39999999973333333,0.35294117133217995,6,13,9,15,55.0
I74.8,Embolism and thrombosis of other arteries,0.3333333329629629,0.13636363630165288,0.19354838285119674,3,6,19,22,94.0
I75.021,Atheroembolism of right lower extremity,0.0,0.0,0.0,0,0,2,2,10.0
I75.022,Atheroembolism of left lower extremity,0.0,0.0,0.0,0,3,2,2,11.0
I75.89,Atheroembolism of other site,0.0,0.0,0.0,0,0,2,2,10.0
I76,Septic arterial embolism,0.46428571411989794,0.6842105259556787,0.5531914843096425,13,15,6,19,91.0
I77.0,"Arteriovenous fistula, acquired",0.1999999996,0.0999999999,0.13333332871111125,1,4,9,10,35.0
I77.1,Stricture of artery,0.0,0.0,0.0,0,0,35,35,154.0
I77.2,Rupture of artery,0.0,0.0,0.0,0,2,3,3,17.0
I77.3,Arterial fibromuscular dysplasia,0.9999999900000002,0.4999999975,0.6666666577777778,1,0,1,2,11.0
I77.4,Celiac artery compression syndrome,0.3333333329629629,0.24999999979166665,0.28571428054421777,3,6,9,12,63.0
I77.6,"Arteritis, unspecified",0.2727272724793388,0.149999999925,0.19354838239334032,3,8,17,20,97.0
I77.71,Dissection of carotid artery,0.45454545433884297,0.8333333326388889,0.5882352892041522,10,12,2,12,62.0
I77.72,Dissection of iliac artery,0.5999999988,0.49999999916666665,0.5454545395041324,3,2,3,6,30.0
I77.74,Dissection of vertebral artery,0.7272727269421487,0.999999999375,0.8421052578393351,16,6,0,16,69.0
I77.77,Dissection of artery of lower extremity,0.0,0.0,0.0,0,1,3,3,15.0
I77.79,Dissection of other specified artery,0.41666666631944443,0.5555555549382716,0.47619047083900223,5,7,4,9,41.0
I77.810,Thoracic aortic ectasia,0.29999999985,0.2857142855782313,0.2926829216894706,6,14,15,21,104.0
I77.811,Abdominal aortic ectasia,0.0,0.0,0.0,0,0,3,3,18.0
I77.819,"Aortic ectasia, unspecified site",0.0,0.0,0.0,0,0,15,15,62.0
I77.89,Other specified disorders of arteries and arterioles,0.0,0.0,0.0,0,2,9,9,46.0
I77.9,"Disorder of arteries and arterioles, unspecified",0.0,0.0,0.0,0,0,6,6,27.0
I78.0,Hereditary hemorrhagic telangiectasia,0.8333333326388889,0.8333333326388889,0.833333327638889,10,2,2,12,26.0
I78.1,"Nevus, non-neoplastic",0.0,0.0,0.0,0,0,2,2,8.0
I80.01,Phlebitis and thrombophlebitis of superficial vessels of right lower extremity,0.9999999900000002,0.3333333322222222,0.49999999375000004,1,0,2,3,11.0
I80.02,Phlebitis and thrombophlebitis of superficial vessels of left lower extremity,0.0,0.0,0.0,0,0,2,2,10.0
I80.8,Phlebitis and thrombophlebitis of other sites,0.6041666665407986,0.5272727271768595,0.5631067910302574,29,19,26,55,232.0
I80.9,Phlebitis and thrombophlebitis of unspecified site,0.0,0.0,0.0,0,0,3,3,12.0
I81,Portal vein thrombosis,0.6456310679298237,0.8926174496045223,0.7492957697345766,133,73,16,149,726.0
I82.0,Budd-Chiari syndrome,0.3333333331944444,0.6153846149112425,0.43243242764061357,8,16,5,13,64.0
I82.210,Acute embolism and thrombosis of superior vena cava,0.249999999375,0.1999999996,0.2222222167901236,1,3,4,5,25.0
I82.211,Chronic embolism and thrombosis of superior vena cava,0.4999999975,0.3333333322222222,0.39999999360000005,1,1,2,3,12.0
I82.220,Acute embolism and thrombosis of inferior vena cava,0.26315789466759004,0.9999999989999999,0.41666666319444445,10,28,0,10,52.0
I82.221,Chronic embolism and thrombosis of inferior vena cava,0.16666666638888888,0.249999999375,0.1999999948000001,1,5,3,4,11.0
I82.290,Acute embolism and thrombosis of other thoracic veins,0.14285714275510203,0.49999999875,0.22222221851851853,2,12,2,4,22.0
I82.3,Embolism and thrombosis of renal vein,0.7499999981250001,0.7499999981250001,0.7499999931250001,3,1,1,4,18.0
I82.401,Acute embolism and thrombosis of unspecified deep veins of right lower extremity,0.0,0.0,0.0,0,2,11,11,34.0
I82.402,Acute embolism and thrombosis of unspecified deep veins of left lower extremity,0.0,0.0,0.0,0,0,9,9,39.0
I82.403,"Acute embolism and thrombosis of unspecified deep veins of lower extremity, bilateral",0.0,0.0,0.0,0,1,5,5,26.0
I82.409,Acute embolism and thrombosis of unspecified deep veins of unspecified lower extremity,0.0,0.0,0.0,0,0,6,6,22.0
I82.411,Acute embolism and thrombosis of right femoral vein,0.4399999999413334,0.7499999998295455,0.5546218439855943,33,42,11,44,214.0
I82.412,Acute embolism and thrombosis of left femoral vein,0.49999999995098043,0.822580645028616,0.6219512147337896,51,51,11,62,272.0
I82.413,"Acute embolism and thrombosis of femoral vein, bilateral",0.46428571411989794,0.9285714279081632,0.6190476143083901,13,15,1,14,70.0
I82.421,Acute embolism and thrombosis of right iliac vein,0.8333333319444445,0.49999999949999996,0.62499999453125,5,1,5,10,32.0
I82.422,Acute embolism and thrombosis of left iliac vein,0.3888888886728395,0.6363636357851239,0.4827586156480381,7,11,4,11,46.0
I82.423,"Acute embolism and thrombosis of iliac vein, bilateral",0.0,0.0,0.0,0,1,2,2,11.0
I82.431,Acute embolism and thrombosis of right popliteal vein,0.5238095236848073,0.6666666664646465,0.5866666615822222,22,20,11,33,147.0
I82.432,Acute embolism and thrombosis of left popliteal vein,0.569444444365355,0.7321428570121173,0.6406249949780274,41,31,15,56,186.0
I82.433,"Acute embolism and thrombosis of popliteal vein, bilateral",0.249999999375,0.16666666638888888,0.1999999948000001,1,3,5,6,30.0
I82.441,Acute embolism and thrombosis of right tibial vein,0.6666666662962962,0.5714285711564626,0.6153846100986194,12,6,9,21,105.0
I82.442,Acute embolism and thrombosis of left tibial vein,0.5555555554320988,0.6756756754930606,0.6097560924598454,25,20,12,37,126.0
I82.443,"Acute embolism and thrombosis of tibial vein, bilateral",0.1999999998,0.3999999992,0.2666666618666667,2,8,3,5,26.0
I82.451,Acute embolism and thrombosis of right peroneal vein,0.0,0.0,0.0,0,0,1,1,8.0
I82.491,Acute embolism and thrombosis of other specified deep vein of right lower extremity,0.1999999998,0.18181818165289254,0.19047618530612256,2,8,9,11,47.0
I82.492,Acute embolism and thrombosis of other specified deep vein of left lower extremity,0.12499999984374999,0.09090909082644627,0.10526315290858747,1,7,10,11,55.0
I82.493,"Acute embolism and thrombosis of other specified deep vein of lower extremity, bilateral",0.0,0.0,0.0,0,1,3,3,15.0
I82.4Y2,Acute embolism and thrombosis of unspecified deep veins of left proximal lower extremity,0.0,0.0,0.0,0,0,2,2,9.0
I82.4Z1,Acute embolism and thrombosis of unspecified deep veins of right distal lower extremity,0.5142857141387756,0.666666666419753,0.5806451561862643,18,17,9,27,86.0
I82.4Z2,Acute embolism and thrombosis of unspecified deep veins of left distal lower extremity,0.4285714283673469,0.37499999984375,0.3999999948444445,9,12,15,24,121.0
I82.4Z3,"Acute embolism and thrombosis of unspecified deep veins of distal lower extremity, bilateral",0.49999999875,0.2857142853061225,0.36363635834710756,2,2,5,7,33.0
I82.501,Chronic embolism and thrombosis of unspecified deep veins of right lower extremity,0.0,0.0,0.0,0,1,4,4,15.0
I82.502,Chronic embolism and thrombosis of unspecified deep veins of left lower extremity,0.21428571413265304,0.7499999981250001,0.33333332950617284,3,11,1,4,20.0
I82.509,Chronic embolism and thrombosis of unspecified deep veins of unspecified lower extremity,0.21052631567867036,0.49999999937499995,0.2962962919067216,4,15,4,8,36.0
I82.511,Chronic embolism and thrombosis of right femoral vein,0.49999999916666665,0.29999999969999996,0.37499999484375,3,3,7,10,35.0
I82.512,Chronic embolism and thrombosis of left femoral vein,0.3157894735180055,0.46153846118343195,0.3749999949414063,6,13,7,13,49.0
I82.513,"Chronic embolism and thrombosis of femoral vein, bilateral",0.0,0.0,0.0,0,1,2,2,8.0
I82.522,Chronic embolism and thrombosis of left iliac vein,0.0,0.0,0.0,0,0,2,2,10.0
I82.531,Chronic embolism and thrombosis of right popliteal vein,0.0,0.0,0.0,0,0,3,3,14.0
I82.532,Chronic embolism and thrombosis of left popliteal vein,0.249999999375,0.14285714265306124,0.1818181768595043,1,3,6,7,26.0
I82.5Z1,Chronic embolism and thrombosis of unspecified deep veins of right distal lower extremity,0.0,0.0,0.0,0,11,3,3,11.0
I82.5Z2,Chronic embolism and thrombosis of unspecified deep veins of left distal lower extremity,0.0,0.0,0.0,0,0,4,4,14.0
I82.611,Acute embolism and thrombosis of superficial veins of right upper extremity,0.6086956519092628,0.559999999776,0.5833333280989584,14,9,11,25,121.0
I82.612,Acute embolism and thrombosis of superficial veins of left upper extremity,0.5925925923731138,0.695652173610586,0.639999994776,16,11,7,23,113.0
I82.613,"Acute embolism and thrombosis of superficial veins of upper extremity, bilateral",0.0,0.0,0.0,0,2,2,2,12.0
I82.621,Acute embolism and thrombosis of deep veins of right upper extremity,0.48076923067677513,0.62499999984375,0.543478255836484,25,27,15,40,159.0
I82.622,Acute embolism and thrombosis of deep veins of left upper extremity,0.5312499998339844,0.7083333330381945,0.6071428520280613,17,15,7,24,124.0
I82.623,"Acute embolism and thrombosis of deep veins of upper extremity, bilateral",0.0,0.0,0.0,0,2,3,3,14.0
I82.721,Chronic embolism and thrombosis of deep veins of right upper extremity,0.0,0.0,0.0,0,0,4,4,19.0
I82.722,Chronic embolism and thrombosis of deep veins of left upper extremity,0.0,0.0,0.0,0,0,2,2,10.0
I82.811,Embolism and thrombosis of superficial veins of right lower extremity,0.9999999900000002,0.3333333322222222,0.49999999375000004,1,0,2,3,13.0
I82.812,Embolism and thrombosis of superficial veins of left lower extremity,0.0,0.0,0.0,0,0,6,6,27.0
I82.890,Acute embolism and thrombosis of other specified veins,0.3999999996,0.21052631567867036,0.2758620642568371,4,6,15,19,93.0
I82.891,Chronic embolism and thrombosis of other specified veins,0.0,0.0,0.0,0,0,8,8,38.0
I82.A11,Acute embolism and thrombosis of right axillary vein,0.4374999997265625,0.5384615380473372,0.4827586154102259,7,9,6,13,63.0
I82.A12,Acute embolism and thrombosis of left axillary vein,0.4117647056401384,0.8749999989062499,0.5599999952,7,10,1,8,39.0
I82.B11,Acute embolism and thrombosis of right subclavian vein,0.4285714283673469,0.6923076917751478,0.5294117596712803,9,12,4,13,66.0
I82.B12,Acute embolism and thrombosis of left subclavian vein,0.15384615372781063,0.2222222219753086,0.18181817681818194,2,11,7,9,45.0
I82.B22,Chronic embolism and thrombosis of left subclavian vein,0.0,0.0,0.0,0,0,1,1,8.0
I82.C11,Acute embolism and thrombosis of right internal jugular vein,0.5428571427020408,0.8636363632438017,0.6666666616928286,19,16,3,22,101.0
I82.C12,Acute embolism and thrombosis of left internal jugular vein,0.49999999977272724,0.9166666659027777,0.6470588185813149,11,11,1,12,62.0
I82.C13,"Acute embolism and thrombosis of internal jugular vein, bilateral",0.0,0.0,0.0,0,0,2,2,9.0
I82.C21,Chronic embolism and thrombosis of right internal jugular vein,0.0,0.0,0.0,0,0,3,3,17.0
I82.C22,Chronic embolism and thrombosis of left internal jugular vein,0.9999999900000002,0.4999999975,0.6666666577777778,1,0,1,2,7.0
I83.009,Varicose veins of unspecified lower extremity with ulcer of unspecified site,0.0,0.0,0.0,0,0,3,3,16.0
I83.018,Varicose veins of right lower extremity with ulcer other part of lower leg,0.0,0.0,0.0,0,0,2,2,11.0
I83.028,Varicose veins of left lower extremity with ulcer other part of lower leg,0.0,0.0,0.0,0,0,2,2,9.0
I83.10,Varicose veins of unspecified lower extremity with inflammation,0.0,0.0,0.0,0,1,3,3,14.0
I83.11,Varicose veins of right lower extremity with inflammation,0.0,0.0,0.0,0,2,3,3,14.0
I83.12,Varicose veins of left lower extremity with inflammation,0.0,0.0,0.0,0,1,5,5,15.0
I83.228,Varicose veins of left lower extremity with both ulcer of other part of lower extremity and inflammation,0.0,0.0,0.0,0,0,2,2,10.0
I83.90,Asymptomatic varicose veins of unspecified lower extremity,0.0,0.0,0.0,0,0,15,15,62.0
I83.92,Asymptomatic varicose veins of left lower extremity,0.0,0.0,0.0,0,0,2,2,8.0
I83.93,Asymptomatic varicose veins of bilateral lower extremities,0.0,0.0,0.0,0,0,3,3,14.0
I85.00,Esophageal varices without bleeding,0.07142857137755101,0.03448275860879905,0.04651162349378084,1,13,28,29,136.0
I85.01,Esophageal varices with bleeding,0.0,0.0,0.0,0,0,4,4,13.0
I85.10,Secondary esophageal varices without bleeding,0.607594936689633,0.6689895470150178,0.6368159153884531,192,124,95,287,1405.0
I85.11,Secondary esophageal varices with bleeding,0.5909090907747934,0.742857142644898,0.6582278429995194,26,18,9,35,171.0
I86.1,Scrotal varices,0.9999999900000002,0.4999999975,0.6666666577777778,1,0,1,2,11.0
I86.4,Gastric varices,0.6999999997666666,0.6176470586418685,0.6562499948144531,21,9,13,34,176.0
I86.8,Varicose veins of other specified sites,0.5384615380473372,0.2916666665451389,0.37837837361577803,7,6,17,24,117.0
I87.1,Compression of vein,0.4358974358601797,0.6891891890960555,0.5340314088100656,51,66,23,74,246.0
I87.2,Venous insufficiency (chronic) (peripheral),0.47305389218724225,0.4787878787588613,0.4759036094293439,79,88,86,165,691.0
I87.8,Other specified disorders of veins,0.5252525252259973,0.4999999999759615,0.5123152659137566,104,94,104,208,826.0
I88.9,"Nonspecific lymphadenitis, unspecified",0.0,0.0,0.0,0,0,2,2,8.0
I89.0,"Lymphedema, not elsewhere classified",0.6413793103005945,0.7881355931535479,0.7072243295996762,93,52,25,118,347.0
I89.1,Lymphangitis,0.0,0.0,0.0,0,3,2,2,9.0
I89.8,Other specified noninfective disorders of lymphatic vessels and lymph nodes,0.49999999979166665,0.6666666662962962,0.5714285662585035,12,12,6,18,67.0
I95.1,Orthostatic hypotension,0.6254612546010062,0.7121848739346179,0.6660117828271853,339,203,137,476,2128.0
I95.2,Hypotension due to drugs,0.3852459016077667,0.23383084575951088,0.29102166710770744,47,75,154,201,796.0
I95.3,Hypotension of hemodialysis,0.34999999982499996,0.20588235288062284,0.2592592544993142,7,13,27,34,168.0
I95.81,Postprocedural hypotension,0.3199999999786666,0.19199999999231998,0.23999999530050006,48,102,202,250,1227.0
I95.89,Other hypotension,0.49999999937499995,0.0325203252006081,0.06106870113396657,4,4,119,123,508.0
I95.9,"Hypotension, unspecified",0.4482029598213911,0.27390180878199094,0.3400160337782483,212,261,562,774,3490.0
I96,"Gangrene, not elsewhere classified",0.29999999997000004,0.3658536584919691,0.3296703246830094,30,70,52,82,389.0
I97.0,Postcardiotomy syndrome,0.0,0.0,0.0,0,0,2,2,10.0
I97.120,Postprocedural cardiac arrest following cardiac surgery,0.0,0.0,0.0,0,0,3,3,16.0
I97.121,Postprocedural cardiac arrest following other surgery,0.0,0.0,0.0,0,0,5,5,21.0
I97.130,Postprocedural heart failure following cardiac surgery,0.0,0.0,0.0,0,0,3,3,13.0
I97.131,Postprocedural heart failure following other surgery,0.0,0.0,0.0,0,0,2,2,11.0
I97.190,Other postprocedural cardiac functional disturbances following cardiac surgery,0.249999999375,0.027027027019722424,0.04878048602022612,1,3,36,37,183.0
I97.191,Other postprocedural cardiac functional disturbances following other surgery,0.0,0.0,0.0,0,0,16,16,80.0
I97.2,Postmastectomy lymphedema syndrome,0.999999995,0.33333333277777777,0.49999999500000003,2,0,4,6,28.0
I97.3,Postprocedural hypertension,0.0,0.0,0.0,0,0,8,8,28.0
I97.410,Intraoperative hemorrhage and hematoma of a circulatory system organ or structure complicating a cardiac catheterization,0.0,0.0,0.0,0,0,2,2,8.0
I97.418,Intraoperative hemorrhage and hematoma of a circulatory system organ or structure complicating other circulatory system procedure,0.0,0.0,0.0,0,0,6,6,28.0
I97.42,Intraoperative hemorrhage and hematoma of a circulatory system organ or structure complicating other procedure,0.0,0.0,0.0,0,0,3,3,11.0
I97.51,Accidental puncture and laceration of a circulatory system organ or structure during a circulatory system procedure,0.7499999990624999,0.374999999765625,0.49999999513888893,6,2,10,16,81.0
I97.52,Accidental puncture and laceration of a circulatory system organ or structure during other procedure,0.0,0.0,0.0,0,1,5,5,20.0
I97.610,Postprocedural hemorrhage of a circulatory system organ or structure following a cardiac catheterization,0.0,0.0,0.0,0,1,5,5,23.0
I97.611,Postprocedural hemorrhage of a circulatory system organ or structure following cardiac bypass,0.33333333277777777,0.33333333277777777,0.3333333277777778,2,4,4,6,30.0
I97.618,Postprocedural hemorrhage of a circulatory system organ or structure following other circulatory system procedure,0.249999999375,0.05555555552469135,0.09090908785123977,1,3,17,18,82.0
I97.62,"Postprocedural hemorrhage, hematoma and seroma of a circulatory system organ or structure following other procedure",0.0,0.0,0.0,0,0,1,1,8.0
I97.620,Postprocedural hemorrhage of a circulatory system organ or structure following other procedure,0.0,0.0,0.0,0,0,7,7,24.0
I97.621,Postprocedural hematoma of a circulatory system organ or structure following other procedure,0.0,0.0,0.0,0,0,2,2,8.0
I97.630,Postprocedural hematoma of a circulatory system organ or structure following a cardiac catheterization,0.0,0.0,0.0,0,0,5,5,26.0
I97.638,Postprocedural hematoma of a circulatory system organ or structure following other circulatory system procedure,0.0,0.0,0.0,0,0,14,14,70.0
I97.710,Intraoperative cardiac arrest during cardiac surgery,0.0,0.0,0.0,0,4,5,5,27.0
I97.711,Intraoperative cardiac arrest during other surgery,0.0,0.0,0.0,0,0,5,5,21.0
I97.790,Other intraoperative cardiac functional disturbances during cardiac surgery,0.9999999900000002,0.16666666638888888,0.2857142824489796,1,0,5,6,32.0
I97.791,Other intraoperative cardiac functional disturbances during other surgery,0.0,0.0,0.0,0,0,3,3,12.0
I97.820,Postprocedural cerebrovascular infarction following cardiac surgery,0.6666666644444444,0.15384615372781063,0.24999999664062497,2,1,11,13,49.0
I97.821,Postprocedural cerebrovascular infarction following other surgery,0.0,0.0,0.0,0,0,12,12,59.0
I97.88,"Other intraoperative complications of the circulatory system, not elsewhere classified",0.26666666648888887,0.2222222220987654,0.24242423731864104,4,11,14,18,92.0
I97.89,"Other postprocedural complications and disorders of the circulatory system, not elsewhere classified",0.3695652173109641,0.163461538445821,0.22666666238400004,17,29,87,104,533.0
I99.8,Other disorder of circulatory system,0.0,0.0,0.0,0,1,16,16,81.0
I99.9,Unspecified disorder of circulatory system,0.0,0.0,0.0,0,0,2,2,7.0
J00,Acute nasopharyngitis [common cold],0.0,0.0,0.0,0,0,2,2,10.0
J01.00,"Acute maxillary sinusitis, unspecified",0.0,0.0,0.0,0,4,4,4,18.0
J01.80,Other acute sinusitis,0.0,0.0,0.0,0,0,3,3,17.0
J01.90,"Acute sinusitis, unspecified",0.45454545433884297,0.8333333326388889,0.5882352892041522,10,12,2,12,56.0
J02.0,Streptococcal pharyngitis,0.26315789459833794,0.7142857132653061,0.3846153803846154,5,14,2,7,36.0
J02.8,Acute pharyngitis due to other specified organisms,0.9999999900000002,0.249999999375,0.3999999952,1,0,3,4,20.0
J02.9,"Acute pharyngitis, unspecified",0.5714285712244898,0.3018867923958704,0.395061723773815,16,12,37,53,184.0
J03.90,"Acute tonsillitis, unspecified",0.2857142853061225,0.6666666644444444,0.39999999500000005,2,5,1,3,16.0
J04.0,Acute laryngitis,0.4285714279591837,0.7499999981250001,0.5454545398347109,3,4,1,4,22.0
J04.10,Acute tracheitis without obstruction,0.7272727266115702,0.6153846149112425,0.6666666611458333,8,3,5,13,61.0
J05.10,Acute epiglottitis without obstruction,0.49999999875,0.6666666644444444,0.5714285648979592,2,2,1,3,13.0
J06.9,"Acute upper respiratory infection, unspecified",0.5909090908707202,0.6594202898072884,0.6232876662051982,91,63,47,138,648.0
J09.X1,Influenza due to identified novel influenza A virus with pneumonia,0.0,0.0,0.0,0,0,4,4,20.0
J09.X2,Influenza due to identified novel influenza A virus with other respiratory manifestations,0.0,0.0,0.0,0,0,15,15,48.0
J10.00,Influenza due to other identified influenza virus with unspecified type of pneumonia,0.0,0.0,0.0,0,3,12,12,59.0
J10.01,Influenza due to other identified influenza virus with the same other identified influenza virus pneumonia,0.0,0.0,0.0,0,0,2,2,11.0
J10.08,Influenza due to other identified influenza virus with other specified pneumonia,0.5999999988,0.23076923059171597,0.33333332895061735,3,2,10,13,60.0
J10.1,Influenza due to other identified influenza virus with other respiratory manifestations,0.3863636362758264,0.4857142855755102,0.4303797417913796,17,27,18,35,171.0
J10.2,Influenza due to other identified influenza virus with gastrointestinal manifestations,0.0,0.0,0.0,0,0,1,1,8.0
J11.00,Influenza due to unidentified influenza virus with unspecified type of pneumonia,0.49999999875,0.16666666652777776,0.2499999959375,2,2,10,12,59.0
J11.08,Influenza due to unidentified influenza virus with specified pneumonia,0.0,0.0,0.0,0,0,6,6,27.0
J11.1,Influenza due to unidentified influenza virus with other respiratory manifestations,0.359999999856,0.21951219506841166,0.27272726793847574,9,16,32,41,206.0
J12.1,Respiratory syncytial virus pneumonia,0.3999999992,0.3999999992,0.39999999420000004,2,3,3,5,22.0
J12.2,Parainfluenza virus pneumonia,0.24999999979166665,0.9999999966666667,0.39999999626666666,3,9,0,3,17.0
J12.89,Other viral pneumonia,0.0,0.0,0.0,0,0,3,3,13.0
J12.9,"Viral pneumonia, unspecified",0.7142857132653061,0.49999999949999996,0.5882352885813149,5,2,5,10,49.0
J13,Pneumonia due to Streptococcus pneumoniae,0.7037037034430726,0.8636363632438017,0.7755101988171594,19,8,3,22,86.0
J14,Pneumonia due to Hemophilus influenzae,0.374999999765625,0.5454545449586776,0.444444439286694,6,10,5,11,55.0
J15.0,Pneumonia due to Klebsiella pneumoniae,0.6470588231487889,0.6470588231487889,0.647058818148789,11,6,6,17,73.0
J15.1,Pneumonia due to Pseudomonas,0.46428571411989794,0.5416666664409722,0.4999999948372782,13,15,11,24,121.0
J15.211,Pneumonia due to Methicillin susceptible Staphylococcus aureus,0.5999999998285714,0.6562499997949218,0.6268656664646916,21,14,11,32,132.0
J15.212,Pneumonia due to Methicillin resistant Staphylococcus aureus,0.5789473681163435,0.549999999725,0.5641025588165681,11,8,9,20,92.0
J15.29,Pneumonia due to other staphylococcus,0.0,0.0,0.0,0,0,2,2,10.0
J15.4,Pneumonia due to other streptococci,0.0,0.0,0.0,0,0,4,4,18.0
J15.5,Pneumonia due to Escherichia coli,0.5999999988,0.3333333329629629,0.42857142336734694,3,2,6,9,45.0
J15.6,Pneumonia due to other Gram-negative bacteria,0.3333333331944444,0.2857142856122449,0.3076923026035503,8,16,20,28,116.0
J15.8,Pneumonia due to other specified bacteria,0.0,0.0,0.0,0,0,10,10,43.0
J15.9,Unspecified bacterial pneumonia,0.7466666665671112,0.49999999995535716,0.5989304764151107,56,19,56,112,483.0
J16.8,Pneumonia due to other specified infectious organisms,0.2857142853061225,0.6666666644444444,0.39999999500000005,2,5,1,3,17.0
J18.0,"Bronchopneumonia, unspecified organism",0.4444444439506172,0.9999999975,0.6153846101775148,4,5,0,4,19.0
J18.1,"Lobar pneumonia, unspecified organism",0.0,0.0,0.0,0,1,17,17,82.0
J18.8,"Other pneumonia, unspecified organism",0.0,0.0,0.0,0,1,29,29,137.0
J18.9,"Pneumonia, unspecified organism",0.6599450045769025,0.8172531214436181,0.7302231187815471,720,371,161,881,4290.0
J20.8,Acute bronchitis due to other specified organisms,0.5714285711564626,0.631578947036011,0.5999999947125,12,9,7,19,96.0
J20.9,"Acute bronchitis, unspecified",0.34615384602071003,0.6428571423979591,0.449999995225,9,17,5,14,69.0
J21.9,"Acute bronchiolitis, unspecified",0.6666666644444444,0.49999999875,0.5714285648979592,2,1,2,4,17.0
J22,Unspecified acute lower respiratory infection,0.0,0.0,0.0,0,0,2,2,11.0
J30.1,Allergic rhinitis due to pollen,0.0,0.0,0.0,0,2,4,4,18.0
J30.2,Other seasonal allergic rhinitis,0.4883720929096809,0.35593220332950304,0.4117647009246444,21,22,38,59,290.0
J30.89,Other allergic rhinitis,0.0,0.0,0.0,0,0,3,3,17.0
J30.9,"Allergic rhinitis, unspecified",0.6923076921301775,0.29347826083766543,0.4122137362135074,27,12,65,92,403.0
J31.0,Chronic rhinitis,0.4999999996875,0.3999999998,0.4444444392592593,8,8,12,20,99.0
J32.0,Chronic maxillary sinusitis,0.999999995,0.2857142853061225,0.44444444000000005,2,0,5,7,34.0
J32.3,Chronic sphenoidal sinusitis,0.0,0.0,0.0,0,0,3,3,12.0
J32.4,Chronic pansinusitis,0.0,0.0,0.0,0,0,3,3,17.0
J32.8,Other chronic sinusitis,0.0,0.0,0.0,0,3,11,11,55.0
J32.9,"Chronic sinusitis, unspecified",0.5675675674141709,0.31818181813360885,0.4077669856084457,21,16,45,66,294.0
J33.8,Other polyp of sinus,0.0,0.0,0.0,0,0,2,2,11.0
J33.9,"Nasal polyp, unspecified",0.49999999875,0.6666666644444444,0.5714285648979592,2,2,1,3,17.0
J34.0,"Abscess, furuncle and carbuncle of nose",0.999999995,0.999999995,0.9999999900000001,2,0,0,2,9.0
J34.1,Cyst and mucocele of nose and nasal sinus,0.0,0.0,0.0,0,1,4,4,16.0
J34.2,Deviated nasal septum,0.0,0.0,0.0,0,2,6,6,29.0
J34.89,Other specified disorders of nose and nasal sinuses,0.3999999992,0.09523809519274376,0.15384615062130183,2,3,19,21,65.0
J35.1,Hypertrophy of tonsils,0.4999999975,0.4999999975,0.4999999925000001,1,1,1,2,11.0
J36,Peritonsillar abscess,0.6666666655555555,0.7999999984,0.7272727209917357,4,2,1,5,23.0
J38.00,"Paralysis of vocal cords and larynx, unspecified",0.33333333277777777,0.24999999968749997,0.2857142804081633,2,4,6,8,40.0
J38.01,"Paralysis of vocal cords and larynx, unilateral",0.37931034469678954,0.4583333331423611,0.415094334510502,11,18,13,24,103.0
J38.02,"Paralysis of vocal cords and larynx, bilateral",0.0,0.0,0.0,0,0,5,5,20.0
J38.3,Other diseases of vocal cords,0.49999999975,0.47619047596371883,0.48780487281380136,10,10,11,21,99.0
J38.4,Edema of larynx,0.4285714279591837,0.1874999998828125,0.2608695607561437,3,4,13,16,69.0
J38.5,Laryngeal spasm,0.3333333322222222,0.3333333322222222,0.33333332722222225,1,2,2,3,15.0
J38.6,Stenosis of larynx,0.7499999990624999,0.46153846118343195,0.5714285661678005,6,2,7,13,60.0
J38.7,Other diseases of larynx,0.0,0.0,0.0,0,3,6,6,32.0
J39.0,Retropharyngeal and parapharyngeal abscess,0.6363636357851239,0.7777777769135802,0.69999999435,7,4,2,9,26.0
J39.1,Other abscess of pharynx,0.4999999975,0.4999999975,0.4999999925000001,1,1,1,2,12.0
J39.2,Other diseases of pharynx,0.16666666638888888,0.07142857137755101,0.09999999570000016,1,5,13,14,67.0
J39.8,Other specified diseases of upper respiratory tract,0.6355932202851192,0.7281553397351306,0.6787330266358184,75,43,28,103,527.0
J40,"Bronchitis, not specified as acute or chronic",0.38461538446745563,0.41666666649305556,0.39999999484800003,10,16,14,24,106.0
J41.0,Simple chronic bronchitis,0.0,0.0,0.0,0,0,1,1,8.0
J42,Unspecified chronic bronchitis,0.6666666655555555,0.2222222220987654,0.33333332930555554,4,2,14,18,90.0
J43.0,Unilateral pulmonary emphysema [MacLeod's syndrome],0.0,0.0,0.0,0,0,2,2,7.0
J43.2,Centrilobular emphysema,0.9999999975,0.3333333330555555,0.49999999562499997,4,0,8,12,56.0
J43.8,Other emphysema,0.0,0.0,0.0,0,0,4,4,19.0
J43.9,"Emphysema, unspecified",0.5414634146077335,0.5285714285462585,0.5349397540110902,111,94,99,210,802.0
J44.0,Chronic obstructive pulmonary disease with (acute) lower respiratory infection,0.4368932038410784,0.42056074762424667,0.42857142353242644,45,58,62,107,496.0
J44.1,Chronic obstructive pulmonary disease with (acute) exacerbation,0.8213256483913163,0.8260869564977945,0.8236994169415534,285,62,60,345,1489.0
J44.9,"Chronic obstructive pulmonary disease, unspecified",0.7951736315432892,0.8257946210218473,0.8101948975456513,1351,348,285,1636,7492.0
J45.20,"Mild intermittent asthma, uncomplicated",0.5624999998242187,0.4090909089979339,0.47368420552631585,18,14,26,44,221.0
J45.21,Mild intermittent asthma with (acute) exacerbation,0.0,0.0,0.0,0,0,3,3,14.0
J45.30,"Mild persistent asthma, uncomplicated",0.2857142853061225,0.24999999968749997,0.2666666613333334,2,5,6,8,40.0
J45.40,"Moderate persistent asthma, uncomplicated",0.3846153843195266,0.6249999992187499,0.4761904710204082,5,8,3,8,41.0
J45.41,Moderate persistent asthma with (acute) exacerbation,0.23076923059171597,0.49999999916666665,0.31578946903047095,3,10,3,6,28.0
J45.50,"Severe persistent asthma, uncomplicated",0.7499999990624999,0.7499999990624999,0.7499999940625,6,2,2,8,38.0
J45.51,Severe persistent asthma with (acute) exacerbation,0.45454545413223135,0.49999999949999996,0.4761904707482993,5,6,5,10,44.0
J45.901,Unspecified asthma with (acute) exacerbation,0.7154471544133784,0.7719298244936904,0.7426160286998167,88,35,26,114,525.0
J45.902,Unspecified asthma with status asthmaticus,0.999999995,0.999999995,0.9999999900000001,2,0,0,2,8.0
J45.909,"Unspecified asthma, uncomplicated",0.6772093023224316,0.8416184971049618,0.7505154589722447,1456,694,274,1730,7753.0
J45.990,Exercise induced bronchospasm,0.37499999984375,0.6923076917751478,0.48648648166544933,9,15,4,13,62.0
J45.991,Cough variant asthma,0.12499999984374999,0.249999999375,0.16666666194444454,1,7,3,4,19.0
J45.998,Other asthma,0.0,0.0,0.0,0,0,12,12,48.0
J47.0,Bronchiectasis with acute lower respiratory infection,0.3529411762629758,0.4285714282653061,0.3870967689906348,6,11,8,14,67.0
J47.1,Bronchiectasis with (acute) exacerbation,0.6363636357851239,0.6363636357851239,0.6363636307851239,7,4,4,11,56.0
J47.9,"Bronchiectasis, uncomplicated",0.5222222221641976,0.5874999999265625,0.5529411714228375,47,43,33,80,331.0
J61,Pneumoconiosis due to asbestos and other mineral fibers,0.4444444441975308,0.7999999992,0.5714285664285714,8,10,2,10,30.0
J67.9,Hypersensitivity pneumonitis due to unspecified organic dust,0.7142857132653061,0.9999999980000001,0.8333333270833335,5,2,0,5,26.0
J68.0,"Bronchitis and pneumonitis due to chemicals, gases, fumes and vapors",0.0,0.0,0.0,0,1,3,3,15.0
J69.0,Pneumonitis due to inhalation of food and vomit,0.7103960395863763,0.6982968369659782,0.704294473510693,287,117,124,411,1924.0
J70.0,Acute pulmonary manifestations due to radiation,0.3571428568877551,0.7142857132653061,0.47619047129251707,5,9,2,7,20.0
J70.1,Chronic and other pulmonary manifestations due to radiation,0.37499999953124996,0.37499999953124996,0.37499999453125,3,5,5,8,41.0
J70.2,Acute drug-induced interstitial lung disorders,0.0,0.0,0.0,0,0,3,3,11.0
J70.3,Chronic drug-induced interstitial lung disorders,0.0,0.0,0.0,0,1,2,2,11.0
J70.4,"Drug-induced interstitial lung disorders, unspecified",0.1999999998,0.16666666652777776,0.181818176694215,2,8,10,12,54.0
J80,Acute respiratory distress syndrome,0.3999999999,0.39024390234384293,0.3950617232982777,16,24,25,41,159.0
J81.0,Acute pulmonary edema,0.777777777345679,0.1686746987748585,0.2772277197882561,14,4,69,83,365.0
J81.1,Chronic pulmonary edema,0.4499999998875,0.12328767122443235,0.19354838369984975,18,22,128,146,629.0
J82,"Pulmonary eosinophilia, not elsewhere classified",0.4999999995833333,0.7499999990624999,0.5999999946,6,6,2,8,41.0
J84.10,"Pulmonary fibrosis, unspecified",0.5106382978180173,0.7164179103408332,0.5962732869920143,48,46,19,67,253.0
J84.112,Idiopathic pulmonary fibrosis,0.5652173910586011,0.8124999994921874,0.6666666614858645,13,10,3,16,64.0
J84.116,Cryptogenic organizing pneumonia,0.7999999994666667,0.6666666662962962,0.7272727218732782,12,3,6,18,53.0
J84.17,Other interstitial pulmonary diseases with fibrosis in diseases classified elsewhere,0.0,0.0,0.0,0,0,4,4,16.0
J84.89,Other specified interstitial pulmonary diseases,0.9999999966666667,0.10714285710459183,0.19354838522372528,3,0,25,28,119.0
J84.9,"Interstitial pulmonary disease, unspecified",0.4921874999615478,0.7325581394497026,0.5887850418665387,63,65,23,86,360.0
J85.0,Gangrene and necrosis of lung,0.6249999992187499,0.6249999992187499,0.6249999942187501,5,3,3,8,39.0
J85.1,Abscess of lung with pneumonia,0.3999999996,0.3636363633057851,0.38095237560090706,4,6,7,11,42.0
J85.2,Abscess of lung without pneumonia,0.4444444439506172,0.7999999984,0.5714285660204083,4,5,1,5,18.0
J85.3,Abscess of mediastinum,0.6666666644444444,0.49999999875,0.5714285648979592,2,1,2,4,16.0
J86.0,Pyothorax with fistula,0.8181818174380164,0.749999999375,0.7826086899810963,9,2,3,12,58.0
J86.9,Pyothorax without fistula,0.8536585363771564,0.8974358972057856,0.874999994784375,35,6,4,39,196.0
J90,"Pleural effusion, not elsewhere classified",0.5086580086469987,0.5153508771816809,0.5119825657951597,235,227,221,456,1947.0
J91.0,Malignant pleural effusion,0.7692307691650231,0.7692307691650231,0.7692307641650231,90,27,27,117,545.0
J91.8,Pleural effusion in other conditions classified elsewhere,0.47619047596371883,0.0961538461446006,0.15999999717888003,10,11,94,104,385.0
J92.0,Pleural plaque with presence of asbestos,0.0,0.0,0.0,0,0,5,5,24.0
J92.9,Pleural plaque without asbestos,0.4999999975,0.249999999375,0.33333332777777785,1,1,3,4,15.0
J93.0,Spontaneous tension pneumothorax,0.7499999981250001,0.5999999988,0.6666666602469137,3,1,2,5,23.0
J93.11,Primary spontaneous pneumothorax,0.14285714275510203,0.49999999875,0.22222221851851853,2,12,2,4,19.0
J93.12,Secondary spontaneous pneumothorax,0.0,0.0,0.0,0,0,2,2,10.0
J93.82,Other air leak,0.0,0.0,0.0,0,1,4,4,21.0
J93.83,Other pneumothorax,0.6666666663492063,0.7368421048753462,0.6999999946625,14,7,5,19,97.0
J93.9,"Pneumothorax, unspecified",0.3333333322222222,0.026315789466759002,0.04878048642474721,1,2,37,38,152.0
J94.0,Chylous effusion,0.6666666644444444,0.6666666644444444,0.6666666594444445,2,1,1,3,12.0
J94.2,Hemothorax,0.6666666662222221,0.45454545433884297,0.5405405354273194,10,5,12,22,109.0
J94.8,Other specified pleural conditions,0.6024096384816374,0.7936507935248174,0.6849315018493151,50,33,13,63,229.0
J95.01,Hemorrhage from tracheostomy stoma,0.49999999875,0.33333333277777777,0.3999999944,2,2,4,6,28.0
J95.02,Infection of tracheostomy stoma,0.0,0.0,0.0,0,0,3,3,18.0
J95.03,Malfunction of tracheostomy stoma,0.5454545449586776,0.4285714282653061,0.4799999946879999,6,5,8,14,71.0
J95.09,Other tracheostomy complication,0.0,0.0,0.0,0,0,9,9,48.0
J95.1,Acute pulmonary insufficiency following thoracic surgery,0.0,0.0,0.0,0,0,2,2,12.0
J95.4,Chemical pneumonitis due to anesthesia,0.0,0.0,0.0,0,0,2,2,12.0
J95.5,Postprocedural subglottic stenosis,0.0,0.0,0.0,0,4,1,1,11.0
J95.61,Intraoperative hemorrhage and hematoma of a respiratory system organ or structure complicating a respiratory system procedure,0.0,0.0,0.0,0,0,1,1,8.0
J95.811,Postprocedural pneumothorax,0.45312499992919925,0.5272727271768595,0.4873949529298779,29,35,26,55,247.0
J95.812,Postprocedural air leak,0.3181818180371901,0.4374999997265625,0.3684210475623269,7,15,9,16,76.0
J95.821,Acute postprocedural respiratory failure,0.249999999375,0.03703703702331961,0.06451612674297613,1,3,26,27,130.0
J95.830,Postprocedural hemorrhage of a respiratory system organ or structure following a respiratory system procedure,0.9999999966666667,0.29999999969999996,0.46153845727810655,3,0,7,10,32.0
J95.831,Postprocedural hemorrhage of a respiratory system organ or structure following other procedure,0.0,0.0,0.0,0,0,3,3,14.0
J95.84,Transfusion-related acute lung injury (TRALI),0.0,0.0,0.0,0,0,2,2,9.0
J95.851,Ventilator associated pneumonia,0.731182795620303,0.5913043477746692,0.6538461488392199,68,25,47,115,511.0
J95.88,"Other intraoperative complications of respiratory system, not elsewhere classified",0.0,0.0,0.0,0,0,4,4,12.0
J95.89,"Other postprocedural complications and disorders of respiratory system, not elsewhere classified",0.7499999981250001,0.11538461534023668,0.19999999755555553,3,1,23,26,128.0
J96.00,"Acute respiratory failure, unspecified whether with hypoxia or hypercapnia",0.3684210525927978,0.2822580644933663,0.31963469825483215,35,60,89,124,595.0
J96.01,Acute respiratory failure with hypoxia,0.7107623318305968,0.6590436590368083,0.6839266400914435,634,258,328,962,4304.0
J96.02,Acute respiratory failure with hypercapnia,0.558441558405296,0.5657894736469875,0.5620914982314494,86,68,66,152,666.0
J96.10,"Chronic respiratory failure, unspecified whether with hypoxia or hypercapnia",0.3770491802660575,0.6216216214536158,0.46938775030612245,23,38,14,37,100.0
J96.11,Chronic respiratory failure with hypoxia,0.7037037035733882,0.4871794871170283,0.5757575708356291,38,16,40,78,235.0
J96.12,Chronic respiratory failure with hypercapnia,0.7619047615419501,0.5333333331555555,0.627450975301807,16,5,14,30,88.0
J96.20,"Acute and chronic respiratory failure, unspecified whether with hypoxia or hypercapnia",0.29999999969999996,0.23076923059171597,0.2608695600756144,3,7,10,13,62.0
J96.21,Acute and chronic respiratory failure with hypoxia,0.7664233576082902,0.5468749999715169,0.6382978674413576,105,32,87,192,782.0
J96.22,Acute and chronic respiratory failure with hypercapnia,0.6666666665700484,0.48936170207559987,0.5644171729624752,46,23,48,94,326.0
J96.90,"Respiratory failure, unspecified, unspecified whether with hypoxia or hypercapnia",0.2857142853061225,0.04255319148030783,0.07407407179012353,2,5,45,47,223.0
J96.91,"Respiratory failure, unspecified with hypoxia",0.3879310344493163,0.24456521737801276,0.29999999523688897,45,71,139,184,892.0
J96.92,"Respiratory failure, unspecified with hypercapnia",0.23076923059171597,0.08108108105916727,0.11999999610400013,3,10,34,37,181.0
J98.01,Acute bronchospasm,0.2222222219753086,0.2222222219753086,0.22222221697530875,2,7,7,9,46.0
J98.09,"Other diseases of bronchus, not elsewhere classified",0.6363636362479339,0.4487179486604208,0.526315784544067,35,20,43,78,383.0
J98.11,Atelectasis,0.5525291828578782,0.39335180054312047,0.45954692069306985,142,115,219,361,1734.0
J98.19,Other pulmonary collapse,0.3913043476559546,0.2727272726446281,0.3214285664732143,9,14,24,33,149.0
J98.2,Interstitial emphysema,0.5263157891966759,0.6666666662222221,0.5882352888408305,10,9,5,15,77.0
J98.4,Other disorders of lung,0.3770491802660575,0.2874999999640625,0.32624112979628794,23,38,57,80,294.0
J98.5,"Diseases of mediastinum, not elsewhere classified",0.0,0.0,0.0,0,0,2,2,10.0
J98.51,Mediastinitis,0.9999999966666667,0.7499999981250001,0.8571428497959185,3,0,1,4,20.0
J98.59,"Other diseases of mediastinum, not elsewhere classified",0.16666666638888888,0.16666666638888888,0.16666666138888903,1,5,5,6,30.0
J98.6,Disorders of diaphragm,0.5555555552469136,0.624999999609375,0.5882352887889275,10,8,6,16,77.0
J98.8,Other specified respiratory disorders,0.0,0.0,0.0,0,0,15,15,73.0
J98.9,"Respiratory disorder, unspecified",0.0,0.0,0.0,0,0,2,2,8.0
J99,Respiratory disorders in diseases classified elsewhere,0.0,0.0,0.0,0,0,2,2,10.0
K01.1,Impacted teeth,0.0,0.0,0.0,0,0,3,3,16.0
K02.7,Dental root caries,0.0,0.0,0.0,0,0,2,2,8.0
K02.9,"Dental caries, unspecified",0.5517241377407848,0.33333333326388886,0.41558441078090735,16,13,32,48,206.0
K03.81,Cracked tooth,0.0,0.0,0.0,0,2,5,5,24.0
K04.1,Necrosis of pulp,0.0,0.0,0.0,0,2,3,3,18.0
K04.5,Chronic apical periodontitis,0.0,0.0,0.0,0,0,2,2,10.0
K04.7,Periapical abscess without sinus,0.605263157735457,0.696969696758494,0.6478873187859552,23,15,10,33,131.0
K05.10,"Chronic gingivitis, plaque induced",0.999999995,0.6666666644444444,0.799999992,2,0,1,3,15.0
K05.30,"Chronic periodontitis, unspecified",0.0,0.0,0.0,0,0,3,3,14.0
K05.6,"Periodontal disease, unspecified",0.4999999975,0.16666666638888888,0.24999999562500003,1,1,5,6,31.0
K06.8,Other specified disorders of gingiva and edentulous alveolar ridge,0.0,0.0,0.0,0,0,5,5,12.0
K08.109,"Complete loss of teeth, unspecified cause, unspecified class",0.0,0.0,0.0,0,0,2,2,7.0
K08.3,Retained dental root,0.0,0.0,0.0,0,0,2,2,10.0
K08.8,Other specified disorders of teeth and supporting structures,0.0,0.0,0.0,0,0,5,5,25.0
K08.89,Other specified disorders of teeth and supporting structures,0.24999999968749997,0.09523809519274376,0.13793103039239013,2,6,19,21,71.0
K08.9,"Disorder of teeth and supporting structures, unspecified",0.0,0.0,0.0,0,1,2,2,9.0
K11.20,"Sialoadenitis, unspecified",0.49999999975,0.624999999609375,0.555555550308642,10,10,6,16,50.0
K11.21,Acute sialoadenitis,0.2857142853061225,0.49999999875,0.36363635834710756,2,5,2,4,20.0
K11.23,Chronic sialoadenitis,0.999999995,0.999999995,0.9999999900000001,2,0,0,2,9.0
K11.5,Sialolithiasis,0.6666666655555555,0.9999999975,0.7999999936,4,2,0,4,17.0
K11.7,Disturbances of salivary secretion,0.7142857132653061,0.5555555549382716,0.624999994296875,5,2,4,9,35.0
K11.8,Other diseases of salivary glands,0.0,0.0,0.0,0,1,3,3,14.0
K11.9,"Disease of salivary gland, unspecified",0.0,0.0,0.0,0,0,2,2,9.0
K12.0,Recurrent oral aphthae,0.45454545413223135,0.45454545413223135,0.4545454491322314,5,6,6,11,54.0
K12.1,Other forms of stomatitis,0.49999999916666665,0.3333333329629629,0.3999999946666667,3,3,6,9,47.0
K12.2,Cellulitis and abscess of mouth,0.772727272376033,0.809523809138322,0.7906976690535424,17,5,4,21,78.0
K12.30,"Oral mucositis (ulcerative), unspecified",0.3783783782761139,0.43749999986328125,0.405797096357908,14,23,18,32,158.0
K12.31,Oral mucositis (ulcerative) due to antineoplastic therapy,0.5999999998,0.47368421040166203,0.5294117596193773,18,12,20,38,140.0
K12.39,Other oral mucositis (ulcerative),0.0,0.0,0.0,0,0,2,2,8.0
K13.0,Diseases of lips,0.4999999975,0.1999999996,0.28571428081632655,1,1,4,5,22.0
K13.70,Unspecified lesions of oral mucosa,0.0,0.0,0.0,0,2,4,4,18.0
K13.79,Other lesions of oral mucosa,0.0,0.0,0.0,0,6,8,8,39.0
K14.0,Glossitis,0.9999999900000002,0.14285714265306124,0.24999999718750004,1,0,6,7,31.0
K14.6,Glossodynia,0.0,0.0,0.0,0,0,3,3,11.0
K14.8,Other diseases of tongue,0.0,0.0,0.0,0,0,5,5,27.0
K14.9,"Disease of tongue, unspecified",0.9999999900000002,0.1999999996,0.33333332944444444,1,0,4,5,14.0
K20.0,Eosinophilic esophagitis,0.3529411762629758,0.6666666659259258,0.46153845665680476,6,11,3,9,32.0
K20.8,Other esophagitis,0.46428571411989794,0.4062499998730469,0.43333332821111115,13,15,19,32,149.0
K20.9,"Esophagitis, unspecified",0.49999999995000005,0.44247787606703737,0.46948356304965955,50,50,63,113,474.0
K21.0,Gastro-esophageal reflux disease with esophagitis,0.4999999995833333,0.10714285712372448,0.17647058527681664,6,6,50,56,224.0
K21.9,Gastro-esophageal reflux disease without esophagitis,0.7829610950994543,0.858921161824029,0.8191840146077637,4347,1205,714,5061,22373.0
K22.0,Achalasia of cardia,0.6764705880363322,0.919999999632,0.7796610118012066,23,11,2,25,123.0
K22.10,Ulcer of esophagus without bleeding,0.49999999984375,0.5714285712244898,0.5333333281777777,16,16,12,28,138.0
K22.11,Ulcer of esophagus with bleeding,0.23333333325555555,0.5384615380473372,0.32558139097890754,7,23,6,13,66.0
K22.2,Esophageal obstruction,0.49473684205318563,0.6351351350493061,0.5562130127628585,47,48,27,74,355.0
K22.3,Perforation of esophagus,0.4285714279591837,0.5999999988,0.4999999943055557,3,4,2,5,19.0
K22.4,Dyskinesia of esophagus,0.5303030302226814,0.6999999998599999,0.6034482708531511,35,31,15,50,265.0
K22.5,"Diverticulum of esophagus, acquired",0.5882352937716263,0.7692307686390532,0.6666666613111112,10,7,3,13,55.0
K22.6,Gastro-esophageal laceration-hemorrhage syndrome,0.5853658535157644,0.7272727270523416,0.6486486435317751,24,17,9,33,145.0
K22.70,Barrett's esophagus without dysplasia,0.5833333333138889,0.7510729613411556,0.6566604078123406,175,125,58,233,932.0
K22.8,Other specified diseases of esophagus,0.0,0.0,0.0,0,1,25,25,110.0
K22.9,"Disease of esophagus, unspecified",0.0,0.0,0.0,0,0,4,4,16.0
K25.0,Acute gastric ulcer with hemorrhage,0.0,0.0,0.0,0,0,4,4,20.0
K25.4,Chronic or unspecified gastric ulcer with hemorrhage,0.4756097560395598,0.7647058822029988,0.5864661605969813,39,43,12,51,240.0
K25.5,Chronic or unspecified gastric ulcer with perforation,0.3333333322222222,0.3333333322222222,0.33333332722222225,1,2,2,3,18.0
K25.7,Chronic gastric ulcer without hemorrhage or perforation,0.0,0.0,0.0,0,0,2,2,9.0
K25.9,"Gastric ulcer, unspecified as acute or chronic, without hemorrhage or perforation",0.49122807008925823,0.33333333329365084,0.3971631156943817,28,29,56,84,342.0
K26.0,Acute duodenal ulcer with hemorrhage,0.0,0.0,0.0,0,0,3,3,16.0
K26.4,Chronic or unspecified duodenal ulcer with hemorrhage,0.6296296295130316,0.6666666665359477,0.6476190424997733,34,20,17,51,202.0
K26.5,Chronic or unspecified duodenal ulcer with perforation,0.5454545449586776,0.8571428559183674,0.6666666611728396,6,5,1,7,33.0
K26.6,Chronic or unspecified duodenal ulcer with both hemorrhage and perforation,0.0,0.0,0.0,0,0,2,2,8.0
K26.7,Chronic duodenal ulcer without hemorrhage or perforation,0.0,0.0,0.0,0,0,2,2,8.0
K26.9,"Duodenal ulcer, unspecified as acute or chronic, without hemorrhage or perforation",0.5624999998242187,0.35294117640138406,0.43373493491653364,18,14,33,51,253.0
K27.4,"Chronic or unspecified peptic ulcer, site unspecified, with hemorrhage",0.0,0.0,0.0,0,0,2,2,9.0
K27.9,"Peptic ulcer, site unspecified, unspecified as acute or chronic, without hemorrhage or perforation",0.6666666659259258,0.11111111109053498,0.19047618796674226,6,3,48,54,230.0
K28.4,Chronic or unspecified gastrojejunal ulcer with hemorrhage,0.7999999992,0.6153846149112425,0.6956521683931947,8,2,5,13,44.0
K28.5,Chronic or unspecified gastrojejunal ulcer with perforation,0.4999999975,0.4999999975,0.4999999925000001,1,1,1,2,11.0
K28.7,Chronic gastrojejunal ulcer without hemorrhage or perforation,0.0,0.0,0.0,0,1,2,2,8.0
K28.9,"Gastrojejunal ulcer, unspecified as acute or chronic, without hemorrhage or perforation",0.4374999997265625,0.34999999982499996,0.3888888837345679,7,9,13,20,71.0
K29.00,Acute gastritis without bleeding,0.0,0.0,0.0,0,0,4,4,22.0
K29.01,Acute gastritis with bleeding,0.16666666638888888,0.3333333322222222,0.2222222172839507,1,5,2,3,16.0
K29.20,Alcoholic gastritis without bleeding,0.5384615380473372,0.49999999964285713,0.5185185131412894,7,6,7,14,67.0
K29.21,Alcoholic gastritis with bleeding,0.9999999900000002,0.3333333322222222,0.49999999375000004,1,0,2,3,18.0
K29.40,Chronic atrophic gastritis without bleeding,0.3333333322222222,0.249999999375,0.28571428000000004,1,2,3,4,22.0
K29.50,Unspecified chronic gastritis without bleeding,0.7777777769135802,0.3043478259546314,0.4374999956835938,7,2,16,23,116.0
K29.60,Other gastritis without bleeding,0.49999999875,0.09523809519274376,0.15999999718400001,2,2,19,21,91.0
K29.61,Other gastritis with bleeding,0.0,0.0,0.0,0,0,5,5,19.0
K29.70,"Gastritis, unspecified, without bleeding",0.5337423312555986,0.4943181817900955,0.5132743312602571,87,76,89,176,813.0
K29.71,"Gastritis, unspecified, with bleeding",0.49999999916666665,0.149999999925,0.23076922704142017,3,3,17,20,98.0
K29.80,Duodenitis without bleeding,0.42105263146814403,0.32653061217825907,0.3678160869493988,16,22,33,49,239.0
K29.81,Duodenitis with bleeding,0.0,0.0,0.0,0,0,6,6,29.0
K30,Functional dyspepsia,0.47368421040166203,0.46153846142011834,0.46753246241187385,18,20,21,39,179.0
K31.1,Adult hypertrophic pyloric stenosis,0.6153846152268244,0.5853658535157644,0.599999994853125,24,15,17,41,171.0
K31.4,Gastric diverticulum,0.0,0.0,0.0,0,0,2,2,8.0
K31.5,Obstruction of duodenum,0.3518518517866941,0.759999999696,0.48101265377984304,19,35,6,25,124.0
K31.6,Fistula of stomach and duodenum,0.999999999090909,0.7857142851530612,0.8799999943679999,11,0,3,14,40.0
K31.7,Polyp of stomach and duodenum,0.7321428570121173,0.7884615383099113,0.7592592541255146,41,15,11,52,242.0
K31.811,Angiodysplasia of stomach and duodenum with bleeding,0.6538461535946746,0.5151515149954086,0.5762711813157139,17,9,16,33,159.0
K31.819,Angiodysplasia of stomach and duodenum without bleeding,0.5714285712244898,0.4444444443209876,0.49999999492187497,16,12,20,36,208.0
K31.82,Dieulafoy lesion (hemorrhagic) of stomach and duodenum,0.666666666111111,0.9999999987499999,0.7999999944,8,4,0,8,39.0
K31.84,Gastroparesis,0.7994923857665104,0.8948863636109408,0.844504016440929,315,79,37,352,1148.0
K31.89,Other diseases of stomach and duodenum,0.6463878326750423,0.7264957264646796,0.684104622756094,170,93,64,234,1125.0
K31.9,"Disease of stomach and duodenum, unspecified",0.12499999984374999,0.05555555552469135,0.07692307260355052,1,7,17,18,92.0
K35.2,Acute appendicitis with generalized peritonitis,0.4583333331423611,0.6470588231487889,0.5365853607376562,11,13,6,17,86.0
K35.3,Acute appendicitis with localized peritonitis,0.4374999997265625,0.34999999982499996,0.3888888837345679,7,9,13,20,100.0
K35.32,"Acute appendicitis with perforation and localized peritonitis, without abscess",0.0,0.0,0.0,0,0,6,6,27.0
K35.33,"Acute appendicitis with perforation and localized peritonitis, with abscess",0.4285714279591837,0.3333333329629629,0.374999994609375,3,4,6,9,43.0
K35.80,Unspecified acute appendicitis,0.7340425531133998,0.9718309857786155,0.8363636313594124,69,25,2,71,354.0
K35.89,Other acute appendicitis,0.0,0.0,0.0,0,0,3,3,13.0
K35.891,"Other acute appendicitis without perforation, with gangrene",0.0,0.0,0.0,0,0,2,2,10.0
K36,Other appendicitis,0.999999995,0.2857142853061225,0.44444444000000005,2,0,5,7,34.0
K37,Unspecified appendicitis,0.49999999916666665,0.37499999953124996,0.4285714230612245,3,3,5,8,36.0
K38.1,Appendicular concretions,0.16666666638888888,0.12499999984374999,0.1428571377551022,1,5,7,8,41.0
K38.8,Other specified diseases of appendix,0.0,0.0,0.0,0,4,5,5,26.0
K40.20,"Bilateral inguinal hernia, without obstruction or gangrene, not specified as recurrent",0.3999999992,0.33333333277777777,0.36363635801652905,2,3,4,6,27.0
K40.30,"Unilateral inguinal hernia, with obstruction, without gangrene, not specified as recurrent",0.5454545449586776,0.7499999990624999,0.6315789418282548,6,5,2,8,40.0
K40.31,"Unilateral inguinal hernia, with obstruction, without gangrene, recurrent",0.3999999992,0.6666666644444444,0.49999999406250006,2,3,1,3,17.0
K40.90,"Unilateral inguinal hernia, without obstruction or gangrene, not specified as recurrent",0.5757575755831037,0.49999999986842103,0.5352112624796668,19,14,19,38,165.0
K40.91,"Unilateral inguinal hernia, without obstruction or gangrene, recurrent",0.0,0.0,0.0,0,0,3,3,12.0
K41.30,"Unilateral femoral hernia, with obstruction, without gangrene, not specified as recurrent",0.6666666644444444,0.999999995,0.799999992,2,1,0,2,11.0
K42.0,"Umbilical hernia with obstruction, without gangrene",0.5909090906404958,0.7647058819031142,0.6666666614069691,13,9,4,17,81.0
K42.1,Umbilical hernia with gangrene,0.0,0.0,0.0,0,0,1,1,8.0
K42.9,Umbilical hernia without obstruction or gangrene,0.6315789472022161,0.3636363635812673,0.46153845681213024,24,14,42,66,312.0
K43.0,"Incisional hernia with obstruction, without gangrene",0.5624999998242187,0.6206896549583829,0.5901639292448269,18,14,11,29,145.0
K43.1,Incisional hernia with gangrene,0.0,0.0,0.0,0,0,2,2,7.0
K43.2,Incisional hernia without obstruction or gangrene,0.6891891890960555,0.7727272726101929,0.7285714234836737,51,23,15,66,293.0
K43.3,"Parastomal hernia with obstruction, without gangrene",0.470588235017301,0.666666666111111,0.5517241326991676,8,9,4,12,33.0
K43.5,Parastomal hernia without obstruction or gangrene,0.39999999973333333,0.374999999765625,0.3870967689490115,6,9,10,16,82.0
K43.6,"Other and unspecified ventral hernia with obstruction, without gangrene",0.21428571413265304,0.21428571413265304,0.21428570913265316,3,11,11,14,69.0
K43.9,Ventral hernia without obstruction or gangrene,0.3333333331944444,0.1818181817768595,0.23529411301038064,8,16,36,44,210.0
K44.0,"Diaphragmatic hernia with obstruction, without gangrene",0.5999999993999999,0.7499999990624999,0.6666666609876544,6,4,2,8,41.0
K44.9,Diaphragmatic hernia without obstruction or gangrene,0.6153846153530572,0.4761904761715797,0.5369127467351321,120,75,132,252,1182.0
K45.0,"Other specified abdominal hernia with obstruction, without gangrene",0.0,0.0,0.0,0,0,2,2,10.0
K45.8,Other specified abdominal hernia without obstruction or gangrene,0.0,0.0,0.0,0,0,2,2,8.0
K46.0,"Unspecified abdominal hernia with obstruction, without gangrene",0.33333333277777777,0.33333333277777777,0.3333333277777778,2,4,4,6,27.0
K46.9,Unspecified abdominal hernia without obstruction or gangrene,0.0,0.0,0.0,0,4,12,12,61.0
K50.00,Crohn's disease of small intestine without complications,0.7999999984,0.2352941175086505,0.36363635979338843,4,1,13,17,79.0
K50.012,Crohn's disease of small intestine with intestinal obstruction,0.40909090890495864,0.5294117643944637,0.4615384563839579,9,13,8,17,80.0
K50.013,Crohn's disease of small intestine with fistula,0.49999999875,0.24999999968749997,0.33333332833333335,2,2,6,8,31.0
K50.014,Crohn's disease of small intestine with abscess,0.999999995,0.2857142853061225,0.44444444000000005,2,0,5,7,33.0
K50.10,Crohn's disease of large intestine without complications,0.4999999975,0.05555555552469135,0.09999999810000001,1,1,17,18,88.0
K50.111,Crohn's disease of large intestine with rectal bleeding,0.0,0.0,0.0,0,0,3,3,13.0
K50.112,Crohn's disease of large intestine with intestinal obstruction,0.0,0.0,0.0,0,1,1,1,8.0
K50.113,Crohn's disease of large intestine with fistula,0.18181818165289254,0.2857142853061225,0.22222221722222232,2,9,5,7,30.0
K50.114,Crohn's disease of large intestine with abscess,0.0,0.0,0.0,0,0,3,3,12.0
K50.118,Crohn's disease of large intestine with other complication,0.0,0.0,0.0,0,0,2,2,7.0
K50.80,Crohn's disease of both small and large intestine without complications,0.0,0.0,0.0,0,0,12,12,60.0
K50.811,Crohn's disease of both small and large intestine with rectal bleeding,0.0,0.0,0.0,0,0,3,3,12.0
K50.812,Crohn's disease of both small and large intestine with intestinal obstruction,0.4999999975,0.16666666638888888,0.24999999562500003,1,1,5,6,28.0
K50.813,Crohn's disease of both small and large intestine with fistula,0.0,0.0,0.0,0,5,9,9,31.0
K50.814,Crohn's disease of both small and large intestine with abscess,0.0,0.0,0.0,0,2,7,7,31.0
K50.90,"Crohn's disease, unspecified, without complications",0.5708154506192783,0.8807947019284241,0.692708328525255,133,100,18,151,624.0
K50.911,"Crohn's disease, unspecified, with rectal bleeding",0.0,0.0,0.0,0,0,2,2,9.0
K50.912,"Crohn's disease, unspecified, with intestinal obstruction",0.0,0.0,0.0,0,0,8,8,37.0
K50.913,"Crohn's disease, unspecified, with fistula",0.4444444439506172,0.3999999996,0.4210526261495845,4,5,6,10,44.0
K50.914,"Crohn's disease, unspecified, with abscess",0.3333333322222222,0.16666666638888888,0.2222222172839507,1,2,5,6,22.0
K50.918,"Crohn's disease, unspecified, with other complication",0.0,0.0,0.0,0,0,2,2,11.0
K51.00,Ulcerative (chronic) pancolitis without complications,0.571428570612245,0.3636363633057851,0.4444444391975309,4,3,7,11,55.0
K51.011,Ulcerative (chronic) pancolitis with rectal bleeding,0.0,0.0,0.0,0,1,5,5,23.0
K51.20,Ulcerative (chronic) proctitis without complications,0.1999999998,0.3999999992,0.2666666618666667,2,8,3,5,28.0
K51.211,Ulcerative (chronic) proctitis with rectal bleeding,0.0,0.0,0.0,0,3,2,2,12.0
K51.30,Ulcerative (chronic) rectosigmoiditis without complications,0.0,0.0,0.0,0,0,6,6,29.0
K51.311,Ulcerative (chronic) rectosigmoiditis with rectal bleeding,0.0,0.0,0.0,0,0,2,2,8.0
K51.40,Inflammatory polyps of colon without complications,0.0,0.0,0.0,0,0,2,2,11.0
K51.511,Left sided colitis with rectal bleeding,0.0,0.0,0.0,0,0,2,2,12.0
K51.80,Other ulcerative colitis without complications,0.0,0.0,0.0,0,0,4,4,20.0
K51.90,"Ulcerative colitis, unspecified, without complications",0.5062499999683594,0.7788461537712649,0.6136363588148531,81,79,23,104,521.0
K51.911,"Ulcerative colitis, unspecified with rectal bleeding",0.0,0.0,0.0,0,10,5,5,26.0
K52.0,Gastroenteritis and colitis due to radiation,0.4999999995833333,0.4285714282653061,0.46153845621301776,6,6,8,14,29.0
K52.1,Toxic gastroenteritis and colitis,0.4787878787588613,0.5064102563777942,0.4922118329794936,79,86,77,156,646.0
K52.29,Other allergic and dietetic gastroenteritis and colitis,0.0,0.0,0.0,0,0,2,2,7.0
K52.81,Eosinophilic gastritis or gastroenteritis,0.8999999991,0.9999999988888888,0.9473684150692521,9,1,0,9,4.0
K52.831,Collagenous colitis,0.8749999989062499,0.6999999992999999,0.7777777719753087,7,1,3,10,13.0
K52.832,Lymphocytic colitis,0.3333333322222222,0.3333333322222222,0.33333332722222225,1,2,2,3,14.0
K52.839,"Microscopic colitis, unspecified",0.249999999375,0.3333333322222222,0.28571428000000004,1,3,2,3,11.0
K52.89,Other specified noninfective gastroenteritis and colitis,0.666666666111111,0.19512195117192146,0.30188678883588466,8,4,33,41,204.0
K52.9,"Noninfective gastroenteritis and colitis, unspecified",0.48101265819740424,0.46060606057814507,0.4705882302673274,76,82,89,165,821.0
K55.0,Acute vascular disorders of intestine,0.0,0.0,0.0,0,0,13,13,65.0
K55.011,Focal (segmental) acute (reversible) ischemia of small intestine,0.0,0.0,0.0,0,0,2,2,12.0
K55.019,"Acute (reversible) ischemia of small intestine, extent unspecified",0.0,0.0,0.0,0,0,5,5,22.0
K55.021,Focal (segmental) acute infarction of small intestine,0.0,0.0,0.0,0,0,5,5,24.0
K55.029,"Acute infarction of small intestine, extent unspecified",0.0,0.0,0.0,0,0,4,4,18.0
K55.031,Focal (segmental) acute (reversible) ischemia of large intestine,0.0,0.0,0.0,0,0,2,2,9.0
K55.039,"Acute (reversible) ischemia of large intestine, extent unspecified",0.0,0.0,0.0,0,0,3,3,16.0
K55.041,Focal (segmental) acute infarction of large intestine,0.0,0.0,0.0,0,0,3,3,14.0
K55.049,"Acute infarction of large intestine, extent unspecified",0.0,0.0,0.0,0,0,2,2,11.0
K55.059,"Acute (reversible) ischemia of intestine, part and extent unspecified",0.24999999968749997,0.3999999992,0.3076923024852071,2,6,3,5,26.0
K55.069,"Acute infarction of intestine, part and extent unspecified",0.249999999375,0.1999999996,0.2222222167901236,1,3,4,5,26.0
K55.1,Chronic vascular disorders of intestine,0.7083333330381945,0.44736842093490303,0.5483870918522373,17,7,21,38,136.0
K55.20,Angiodysplasia of colon without hemorrhage,0.9999999900000002,0.08333333326388888,0.1538461521893491,1,0,11,12,56.0
K55.21,Angiodysplasia of colon with hemorrhage,0.5555555549382716,0.22727272716942148,0.3225806408324662,5,4,17,22,75.0
K55.8,Other vascular disorders of intestine,0.0,0.0,0.0,0,0,4,4,21.0
K55.9,"Vascular disorder of intestine, unspecified",0.5757575755831037,0.49999999986842103,0.5352112624796668,19,14,19,38,186.0
K56.0,Paralytic ileus,0.0,0.0,0.0,0,0,4,4,18.0
K56.1,Intussusception,0.6153846149112425,0.9999999987499999,0.761904756462585,8,5,0,8,39.0
K56.2,Volvulus,0.6470588231487889,0.8461538455029586,0.7333333279333335,11,6,2,13,67.0
K56.41,Fecal impaction,0.5999999988,0.1874999998828125,0.28571428181405895,3,2,13,16,59.0
K56.5,Intestinal adhesions [bands] with obstruction (postinfection),0.47499999988124997,0.5937499998144531,0.5277777726929014,19,21,13,32,119.0
K56.50,"Intestinal adhesions [bands], unspecified as to partial versus complete obstruction",0.149999999925,0.16666666657407406,0.15789473177285332,3,17,15,18,82.0
K56.51,"Intestinal adhesions [bands], with partial obstruction",0.0,0.0,0.0,0,0,6,6,32.0
K56.52,Intestinal adhesions [bands] with complete obstruction,0.0,0.0,0.0,0,0,5,5,15.0
K56.60,Unspecified intestinal obstruction,0.0,0.0,0.0,0,1,64,64,318.0
K56.600,"Partial intestinal obstruction, unspecified as to cause",0.0,0.0,0.0,0,0,28,28,104.0
K56.609,"Unspecified intestinal obstruction, unspecified as to partial versus complete obstruction",0.0,0.0,0.0,0,1,39,39,193.0
K56.69,Other intestinal obstruction,0.0,0.0,0.0,0,0,32,32,132.0
K56.690,Other partial intestinal obstruction,0.0,0.0,0.0,0,0,17,17,38.0
K56.699,Other intestinal obstruction unspecified as to partial versus complete obstruction,0.0,0.0,0.0,0,0,11,11,51.0
K56.7,"Ileus, unspecified",0.5767441860196862,0.5740740740474966,0.5754060274559246,124,91,92,216,1012.0
K57.00,Diverticulitis of small intestine with perforation and abscess without bleeding,0.6666666644444444,0.49999999875,0.5714285648979592,2,1,2,4,21.0
K57.10,Diverticulosis of small intestine without perforation or abscess without bleeding,0.34285714275918366,0.41379310330558855,0.37499999492675784,12,23,17,29,100.0
K57.12,Diverticulitis of small intestine without perforation or abscess without bleeding,0.0,0.0,0.0,0,0,2,2,11.0
K57.20,Diverticulitis of large intestine with perforation and abscess without bleeding,0.7702702701661798,0.8260869564020165,0.7972027920974132,57,17,12,69,326.0
K57.21,Diverticulitis of large intestine with perforation and abscess with bleeding,0.0,0.0,0.0,0,0,2,2,11.0
K57.30,Diverticulosis of large intestine without perforation or abscess without bleeding,0.5517241378359097,0.26666666664444444,0.35955055736396924,32,26,88,120,560.0
K57.31,Diverticulosis of large intestine without perforation or abscess with bleeding,0.5454545453719009,0.7058823528027681,0.6153846103616042,36,30,15,51,246.0
K57.32,Diverticulitis of large intestine without perforation or abscess without bleeding,0.6506024095601685,0.89999999985,0.7552447502684729,54,29,6,60,303.0
K57.33,Diverticulitis of large intestine without perforation or abscess with bleeding,0.0,0.0,0.0,0,0,3,3,14.0
K57.80,"Diverticulitis of intestine, part unspecified, with perforation and abscess without bleeding",0.0,0.0,0.0,0,3,7,7,26.0
K57.90,"Diverticulosis of intestine, part unspecified, without perforation or abscess without bleeding",0.24999999979166665,0.031249999996744795,0.05555555356995893,3,9,93,96,475.0
K57.91,"Diverticulosis of intestine, part unspecified, without perforation or abscess with bleeding",0.0,0.0,0.0,0,1,12,12,57.0
K57.92,"Diverticulitis of intestine, part unspecified, without perforation or abscess without bleeding",0.21428571420918366,0.24999999989583332,0.23076922571005928,6,22,18,24,117.0
K58.0,Irritable bowel syndrome with diarrhea,0.4333333331888889,0.4062499998730469,0.4193548335796046,13,17,19,32,161.0
K58.1,Irritable bowel syndrome with constipation,0.6666666662962962,0.3333333332407407,0.444444439835391,12,6,24,36,154.0
K58.2,Mixed irritable bowel syndrome,0.0,0.0,0.0,0,0,8,8,40.0
K58.8,Other irritable bowel syndrome,0.0,0.0,0.0,0,0,2,2,7.0
K58.9,Irritable bowel syndrome without diarrhea,0.469026548651813,0.5856353590836665,0.5208845159200478,106,120,75,181,796.0
K59.00,"Constipation, unspecified",0.6773428232422617,0.4922413793061014,0.5701447779453038,571,272,589,1160,5182.0
K59.01,Slow transit constipation,0.9999999966666667,0.49999999916666665,0.6666666607407408,3,0,3,6,33.0
K59.03,Drug induced constipation,0.5686274509246444,0.4496124030659215,0.5021644971893331,58,44,71,129,639.0
K59.09,Other constipation,0.5227272726678719,0.26436781607676046,0.3511450336798555,46,42,128,174,870.0
K59.2,"Neurogenic bowel, not elsewhere classified",0.4999999975,0.1999999996,0.28571428081632655,1,1,4,5,25.0
K59.39,Other megacolon,0.0,0.0,0.0,0,0,2,2,11.0
K59.8,Other specified functional intestinal disorders,0.571428570612245,0.21052631567867036,0.3076923035207101,4,3,15,19,93.0
K60.2,"Anal fissure, unspecified",0.6666666662962962,0.6666666662962962,0.6666666612962964,12,6,6,18,85.0
K60.3,Anal fistula,0.4999999975,0.16666666638888888,0.24999999562500003,1,1,5,6,31.0
K60.4,Rectal fistula,0.0,0.0,0.0,0,0,3,3,11.0
K60.5,Anorectal fistula,0.0,0.0,0.0,0,0,2,2,9.0
K61.0,Anal abscess,0.6666666655555555,0.49999999937499995,0.5714285657142858,4,2,4,8,38.0
K61.1,Rectal abscess,0.4827586205231867,0.6086956519092628,0.538461533321006,14,15,9,23,81.0
K61.2,Anorectal abscess,0.0,0.0,0.0,0,0,3,3,13.0
K61.3,Ischiorectal abscess,0.16666666638888888,0.4999999975,0.24999999562500003,1,5,1,2,11.0
K61.39,Other ischiorectal abscess,0.0,0.0,0.0,0,0,2,2,10.0
K61.4,Intrasphincteric abscess,0.0,0.0,0.0,0,0,2,2,10.0
K62.1,Rectal polyp,0.3333333330555555,0.2352941175086505,0.27586206392390017,4,8,13,17,73.0
K62.3,Rectal prolapse,0.6666666663492063,0.9333333327111111,0.7777777724845678,14,7,1,15,63.0
K62.4,Stenosis of anus and rectum,0.7499999981250001,0.49999999916666665,0.5999999940000001,3,1,3,6,30.0
K62.5,Hemorrhage of anus and rectum,0.27272727268595043,0.27272727268595043,0.27272726768595046,18,48,48,66,331.0
K62.6,Ulcer of anus and rectum,0.6923076917751478,0.5999999996,0.6428571374234693,9,4,6,15,64.0
K62.7,Radiation proctitis,0.5714285710204081,0.5714285710204081,0.5714285660204083,8,6,6,14,67.0
K62.82,Dysplasia of anus,0.4999999975,0.4999999975,0.4999999925000001,1,1,1,2,10.0
K62.89,Other specified diseases of anus and rectum,0.46428571411989794,0.3095238094501134,0.37142856652244904,13,15,29,42,173.0
K62.9,"Disease of anus and rectum, unspecified",0.0,0.0,0.0,0,0,3,3,12.0
K63.0,Abscess of intestine,0.0,0.0,0.0,0,0,6,6,19.0
K63.1,Perforation of intestine (nontraumatic),0.3333333332323232,0.3666666665444444,0.34920634410682794,11,22,19,30,145.0
K63.2,Fistula of intestine,0.7704918031523784,0.824561403364112,0.7966101643622523,47,14,10,57,236.0
K63.3,Ulcer of intestine,0.5833333328472222,0.2592592591632373,0.3589743545299145,7,5,20,27,87.0
K63.5,Polyp of colon,0.3378378377921841,0.3846153845562131,0.3597122251850319,25,49,40,65,317.0
K63.81,Dieulafoy lesion of intestine,0.0,0.0,0.0,0,2,4,4,19.0
K63.89,Other specified diseases of intestine,0.5999999996,0.3333333332098765,0.42857142377551016,9,6,18,27,137.0
K63.9,"Disease of intestine, unspecified",0.0,0.0,0.0,0,0,8,8,34.0
K64.0,First degree hemorrhoids,0.27272727260330576,0.5999999993999999,0.37499999546875,6,16,4,10,49.0
K64.1,Second degree hemorrhoids,0.0,0.0,0.0,0,0,3,3,9.0
K64.4,Residual hemorrhoidal skin tags,0.4857142855755102,0.36170212758261655,0.41463414134741233,17,18,30,47,230.0
K64.5,Perianal venous thrombosis,0.9999999900000002,0.3333333322222222,0.49999999375000004,1,0,2,3,13.0
K64.8,Other hemorrhoids,0.634615384554364,0.5689655171923306,0.5999999949603307,66,38,50,116,519.0
K64.9,Unspecified hemorrhoids,0.47169811311854754,0.3333333332888889,0.39062499508667,25,28,50,75,358.0
K65.0,Generalized (acute) peritonitis,0.0,0.0,0.0,0,2,3,3,18.0
K65.1,Peritoneal abscess,0.49999999995454547,0.6874999999140625,0.5789473634847646,55,55,25,80,398.0
K65.2,Spontaneous bacterial peritonitis,0.7014925372087325,0.7580645160067637,0.7286821654371732,47,20,15,62,278.0
K65.3,Choleperitonitis,0.0,0.0,0.0,0,0,1,1,8.0
K65.4,Sclerosing mesenteritis,0.6666666655555555,0.49999999937499995,0.5714285657142858,4,2,4,8,42.0
K65.8,Other peritonitis,0.37931034469678954,0.439999999824,0.40740740228395067,11,18,14,25,89.0
K65.9,"Peritonitis, unspecified",0.36842105253462604,0.35897435888231427,0.363636358542756,14,24,25,39,140.0
K66.0,Peritoneal adhesions (postprocedural) (postinfection),0.46913580241121783,0.30399999997568,0.36893203402724106,38,43,87,125,580.0
K66.1,Hemoperitoneum,0.3928571427869898,0.536585365722784,0.45360824244871933,22,34,19,41,202.0
K66.8,Other specified disorders of peritoneum,0.0,0.0,0.0,0,1,15,15,76.0
K68.11,Postprocedural retroperitoneal abscess,0.0,0.0,0.0,0,0,4,4,17.0
K68.12,Psoas muscle abscess,0.5217391302079395,0.7999999994666667,0.6315789422576178,12,11,3,15,77.0
K68.19,Other retroperitoneal abscess,0.3999999992,0.33333333277777777,0.36363635801652905,2,3,4,6,20.0
K70.0,Alcoholic fatty liver,0.0,0.0,0.0,0,5,14,14,70.0
K70.10,Alcoholic hepatitis without ascites,0.5853658535871505,0.551724137867618,0.5680473322152587,48,34,39,87,394.0
K70.11,Alcoholic hepatitis with ascites,0.6499999998916667,0.7358490564649341,0.69026548162268,39,21,14,53,265.0
K70.2,Alcoholic fibrosis and sclerosis of liver,0.0,0.0,0.0,0,0,2,2,8.0
K70.30,Alcoholic cirrhosis of liver without ascites,0.58585858583886,0.8207547169424172,0.6836935118119817,174,123,38,212,1215.0
K70.31,Alcoholic cirrhosis of liver with ascites,0.7777777777499004,0.8714859437401009,0.8219696919547033,217,62,32,249,1271.0
K70.40,Alcoholic hepatic failure without coma,0.4374999997265625,0.11111111109347442,0.1772151865983016,7,9,56,63,309.0
K70.41,Alcoholic hepatic failure with coma,0.0,0.0,0.0,0,0,6,6,26.0
K70.9,"Alcoholic liver disease, unspecified",0.0,0.0,0.0,0,0,10,10,46.0
K71.0,Toxic liver disease with cholestasis,0.49999999916666665,0.5999999988,0.5454545395041324,3,3,2,5,27.0
K71.10,"Toxic liver disease with hepatic necrosis, without coma",0.7499999990624999,0.46153846118343195,0.5714285661678005,6,2,7,13,66.0
K71.2,Toxic liver disease with acute hepatitis,0.49999999949999996,0.49999999949999996,0.49999999450000004,5,5,5,10,26.0
K71.3,Toxic liver disease with chronic persistent hepatitis,0.0,0.0,0.0,0,0,3,3,18.0
K71.51,Toxic liver disease with chronic active hepatitis with ascites,0.0,0.0,0.0,0,0,2,2,9.0
K71.6,"Toxic liver disease with hepatitis, not elsewhere classified",0.0,0.0,0.0,0,0,4,4,18.0
K71.7,Toxic liver disease with fibrosis and cirrhosis of liver,0.0,0.0,0.0,0,0,2,2,8.0
K71.8,Toxic liver disease with other disorders of liver,0.0,0.0,0.0,0,0,2,2,8.0
K71.9,"Toxic liver disease, unspecified",0.0,0.0,0.0,0,1,8,8,27.0
K72.00,Acute and subacute hepatic failure without coma,0.6635514018071448,0.4382716049112178,0.5278810360619672,71,36,91,162,735.0
K72.01,Acute and subacute hepatic failure with coma,0.0,0.0,0.0,0,0,7,7,33.0
K72.10,Chronic hepatic failure without coma,0.0,0.0,0.0,0,3,17,17,83.0
K72.90,"Hepatic failure, unspecified without coma",0.5635359115710753,0.42857142855342134,0.4868735034225141,102,79,136,238,1005.0
K72.91,"Hepatic failure, unspecified with coma",0.0,0.0,0.0,0,0,5,5,20.0
K73.9,"Chronic hepatitis, unspecified",0.0,0.0,0.0,0,0,2,2,10.0
K74.0,Hepatic fibrosis,0.347826086805293,0.36363636347107436,0.35555555040000003,8,15,14,22,85.0
K74.3,Primary biliary cirrhosis,0.657142856955102,0.7931034480023781,0.718749994819336,23,12,6,29,146.0
K74.5,"Biliary cirrhosis, unspecified",0.0,0.0,0.0,0,0,3,3,14.0
K74.60,Unspecified cirrhosis of liver,0.4075235109590118,0.47794117645301687,0.4399323131216413,130,189,142,272,1078.0
K74.69,Other cirrhosis of liver,0.597014925355313,0.6116207950883297,0.6042296022332309,200,135,127,327,1222.0
K75.0,Abscess of liver,0.6790123455951838,0.9016393441144853,0.7746478823140251,55,26,6,61,217.0
K75.3,"Granulomatous hepatitis, not elsewhere classified",0.0,0.0,0.0,0,0,2,2,12.0
K75.4,Autoimmune hepatitis,0.8448275860612366,0.907407407239369,0.8749999948501276,49,9,5,54,220.0
K75.81,Nonalcoholic steatohepatitis (NASH),0.7003891050311133,0.74999999996875,0.7243460714354537,180,77,60,240,979.0
K75.89,Other specified inflammatory liver diseases,0.9999999900000002,0.1111111109876543,0.1999999978,1,0,8,9,48.0
K75.9,"Inflammatory liver disease, unspecified",0.571428570612245,0.2352941175086505,0.3333333289236111,4,3,13,17,85.0
K76.0,"Fatty (change of) liver, not elsewhere classified",0.5595854921989852,0.4615384615187377,0.5058547959591728,108,85,126,234,1154.0
K76.1,Chronic passive congestion of liver,0.5405405403944485,0.27397260270219553,0.3636363591057851,20,17,53,73,281.0
K76.3,Infarction of liver,0.3333333322222222,0.249999999375,0.28571428000000004,1,2,3,4,20.0
K76.6,Portal hypertension,0.7275862068840071,0.811538461522855,0.7672727222736531,422,158,98,520,2210.0
K76.7,Hepatorenal syndrome,0.7499999998557693,0.6842105261957525,0.7155963251544484,39,13,18,57,281.0
K76.81,Hepatopulmonary syndrome,0.7586206893935791,0.7096774191259105,0.7333333280944445,22,7,9,31,90.0
K76.89,Other specified diseases of liver,0.46428571411989794,0.23636363632066115,0.3132530075018145,13,15,42,55,237.0
K76.9,"Liver disease, unspecified",0.49999999977272724,0.18333333330277776,0.2682926789351577,11,11,49,60,205.0
K80.00,Calculus of gallbladder with acute cholecystitis without obstruction,0.3999999999,0.37209302316928067,0.3855421635883293,16,24,27,43,200.0
K80.01,Calculus of gallbladder with acute cholecystitis with obstruction,0.0,0.0,0.0,0,0,6,6,25.0
K80.10,Calculus of gallbladder with chronic cholecystitis without obstruction,0.45454545413223135,0.16129032252861603,0.2380952341156463,5,6,26,31,157.0
K80.11,Calculus of gallbladder with chronic cholecystitis with obstruction,0.0,0.0,0.0,0,0,2,2,11.0
K80.12,Calculus of gallbladder with acute and chronic cholecystitis without obstruction,0.4117647056401384,0.21212121205693296,0.27999999540000003,7,10,26,33,163.0
K80.13,Calculus of gallbladder with acute and chronic cholecystitis with obstruction,0.0,0.0,0.0,0,0,3,3,15.0
K80.20,Calculus of gallbladder without cholecystitis without obstruction,0.5384615383579882,0.32183908042277715,0.4028776931007712,28,24,59,87,433.0
K80.21,Calculus of gallbladder without cholecystitis with obstruction,0.0,0.0,0.0,0,0,4,4,21.0
K80.30,"Calculus of bile duct with cholangitis, unspecified, without obstruction",0.374999999765625,0.3529411762629758,0.36363635842056935,6,10,11,17,68.0
K80.31,"Calculus of bile duct with cholangitis, unspecified, with obstruction",0.3333333322222222,0.04347826085066162,0.07692307482248525,1,2,22,23,94.0
K80.32,Calculus of bile duct with acute cholangitis without obstruction,0.0,0.0,0.0,0,0,4,4,18.0
K80.33,Calculus of bile duct with acute cholangitis with obstruction,0.4999999975,0.1111111109876543,0.1818181785123967,1,1,8,9,45.0
K80.40,"Calculus of bile duct with cholecystitis, unspecified, without obstruction",0.0,0.0,0.0,0,0,2,2,12.0
K80.41,"Calculus of bile duct with cholecystitis, unspecified, with obstruction",0.0,0.0,0.0,0,0,3,3,15.0
K80.42,Calculus of bile duct with acute cholecystitis without obstruction,0.0,0.0,0.0,0,0,9,9,31.0
K80.43,Calculus of bile duct with acute cholecystitis with obstruction,0.49999999875,0.2222222219753086,0.3076923029585799,2,2,7,9,35.0
K80.44,Calculus of bile duct with chronic cholecystitis without obstruction,0.0,0.0,0.0,0,0,3,3,17.0
K80.45,Calculus of bile duct with chronic cholecystitis with obstruction,0.0,0.0,0.0,0,3,4,4,18.0
K80.46,Calculus of bile duct with acute and chronic cholecystitis without obstruction,0.0,0.0,0.0,0,0,3,3,12.0
K80.47,Calculus of bile duct with acute and chronic cholecystitis with obstruction,0.0,0.0,0.0,0,0,2,2,11.0
K80.50,Calculus of bile duct without cholangitis or cholecystitis without obstruction,0.5312499998339844,0.35416666659288193,0.42499999509375,17,15,31,48,173.0
K80.51,Calculus of bile duct without cholangitis or cholecystitis with obstruction,0.32352941171712807,0.5789473682686981,0.41509433494482023,22,46,16,38,179.0
K80.62,Calculus of gallbladder and bile duct with acute cholecystitis without obstruction,0.0,0.0,0.0,0,0,5,5,24.0
K80.63,Calculus of gallbladder and bile duct with acute cholecystitis with obstruction,0.0,0.0,0.0,0,0,5,5,27.0
K80.64,Calculus of gallbladder and bile duct with chronic cholecystitis without obstruction,0.0,0.0,0.0,0,0,5,5,26.0
K80.65,Calculus of gallbladder and bile duct with chronic cholecystitis with obstruction,0.0,0.0,0.0,0,0,3,3,16.0
K80.66,Calculus of gallbladder and bile duct with acute and chronic cholecystitis without obstruction,0.0,0.0,0.0,0,0,3,3,16.0
K80.67,Calculus of gallbladder and bile duct with acute and chronic cholecystitis with obstruction,0.0,0.0,0.0,0,0,2,2,10.0
K80.70,Calculus of gallbladder and bile duct without cholecystitis without obstruction,0.1999999996,0.05882352937716263,0.09090908731404972,1,4,16,17,82.0
K80.71,Calculus of gallbladder and bile duct without cholecystitis with obstruction,0.0,0.0,0.0,0,6,12,12,63.0
K80.80,Other cholelithiasis without obstruction,0.0,0.0,0.0,0,0,18,18,87.0
K81.0,Acute cholecystitis,0.4852941175756921,0.6734693876176593,0.5641025591379941,33,35,16,49,237.0
K81.1,Chronic cholecystitis,0.49999999964285713,0.4117647056401384,0.45161289798126947,7,7,10,17,84.0
K81.2,Acute cholecystitis with chronic cholecystitis,0.0,0.0,0.0,0,0,3,3,16.0
K81.9,"Cholecystitis, unspecified",0.1999999998,0.16666666652777776,0.181818176694215,2,8,10,12,57.0
K82.0,Obstruction of gallbladder,0.0,0.0,0.0,0,0,2,2,11.0
K82.1,Hydrops of gallbladder,0.0,0.0,0.0,0,0,5,5,27.0
K82.2,Perforation of gallbladder,0.4285714282653061,0.5454545449586776,0.4799999946879999,6,8,5,11,54.0
K82.3,Fistula of gallbladder,0.9999999900000002,0.9999999900000002,0.9999999850000002,1,0,0,1,9.0
K82.4,Cholesterolosis of gallbladder,0.49999999916666665,0.5999999988,0.5454545395041324,3,3,2,5,25.0
K82.8,Other specified diseases of gallbladder,0.24999999984375,0.0952380952154195,0.13793103043995256,4,12,38,42,192.0
K82.9,"Disease of gallbladder, unspecified",0.0,0.0,0.0,0,0,2,2,12.0
K82.A1,Gangrene of gallbladder in cholecystitis,0.3846153843195266,0.5555555549382716,0.45454544929752067,5,8,4,9,31.0
K82.A2,Perforation of gallbladder in cholecystitis,0.6666666644444444,0.33333333277777777,0.44444443901234576,2,1,4,6,20.0
K83.0,Cholangitis,0.5873015872705131,0.7708333332798032,0.6666666617179342,111,78,33,144,554.0
K83.01,Primary sclerosing cholangitis,0.19047619038548752,0.3999999996,0.2580645115920916,4,17,6,10,49.0
K83.09,Other cholangitis,0.0,0.0,0.0,0,2,47,47,210.0
K83.1,Obstruction of bile duct,0.6937269372437739,0.7315175096991627,0.7121212070977532,188,83,69,257,1147.0
K83.3,Fistula of bile duct,0.6666666644444444,0.49999999875,0.5714285648979592,2,1,2,4,22.0
K83.8,Other specified diseases of biliary tract,0.1666666665972222,0.06557377048105348,0.09411764298408322,4,20,57,61,303.0
K83.9,"Disease of biliary tract, unspecified",0.0,0.0,0.0,0,0,6,6,30.0
K85.00,Idiopathic acute pancreatitis without necrosis or infection,0.0,0.0,0.0,0,2,6,6,27.0
K85.1,Biliary acute pancreatitis,0.4999999975,0.05555555552469135,0.09999999810000001,1,1,17,18,92.0
K85.10,Biliary acute pancreatitis without necrosis or infection,0.543859649027393,0.6888888887358025,0.6078431322049213,31,26,14,45,214.0
K85.11,Biliary acute pancreatitis with uninfected necrosis,0.0,0.0,0.0,0,1,3,3,14.0
K85.2,Alcohol induced acute pancreatitis,0.0,0.0,0.0,0,2,9,9,43.0
K85.20,Alcohol induced acute pancreatitis without necrosis or infection,0.4117647057612457,0.6999999996499999,0.5185185136625515,14,20,6,20,99.0
K85.21,Alcohol induced acute pancreatitis with uninfected necrosis,0.2222222219753086,0.33333333277777777,0.2666666615111111,2,7,4,6,32.0
K85.3,Drug induced acute pancreatitis,0.9999999900000002,0.4999999975,0.6666666577777778,1,0,1,2,9.0
K85.30,Drug induced acute pancreatitis without necrosis or infection,0.0,0.0,0.0,0,0,2,2,9.0
K85.8,Other acute pancreatitis,0.0,0.0,0.0,0,0,5,5,22.0
K85.80,Other acute pancreatitis without necrosis or infection,0.16666666638888888,0.09090909082644627,0.11764705411764723,1,5,10,11,57.0
K85.81,Other acute pancreatitis with uninfected necrosis,0.0,0.0,0.0,0,0,2,2,7.0
K85.9,"Acute pancreatitis, unspecified",0.18181818165289254,0.06249999998046875,0.09302325196322352,2,9,30,32,159.0
K85.90,"Acute pancreatitis without necrosis or infection, unspecified",0.5056179774712789,0.5555555554869684,0.5294117596546712,45,44,36,81,386.0
K85.91,"Acute pancreatitis with uninfected necrosis, unspecified",0.0,0.0,0.0,0,0,11,11,55.0
K85.92,"Acute pancreatitis with infected necrosis, unspecified",0.0,0.0,0.0,0,1,4,4,18.0
K86.0,Alcohol-induced chronic pancreatitis,0.39344262288632087,0.6153846152268244,0.47999999514600006,24,37,15,39,196.0
K86.1,Other chronic pancreatitis,0.6146341463114813,0.7241379309928656,0.6649076467134035,126,79,48,174,780.0
K86.2,Cyst of pancreas,0.5999999998285714,0.4374999999088542,0.506024091386268,21,14,27,48,203.0
K86.3,Pseudocyst of pancreas,0.7073170729982153,0.8529411762197232,0.7733333281706668,29,12,5,34,211.0
K86.8,Other specified diseases of pancreas,0.4999999975,0.039999999984,0.07407407264746231,1,1,24,25,110.0
K86.81,Exocrine pancreatic insufficiency,0.37499999953124996,0.06666666665185185,0.11320754456390181,3,5,42,45,199.0
K86.89,Other specified diseases of pancreas,0.5217391303591683,0.4235294117148789,0.4675324625257211,36,33,49,85,419.0
K86.9,"Disease of pancreas, unspecified",0.39999999973333333,0.17142857137959183,0.23999999570400005,6,9,29,35,146.0
K90.0,Celiac disease,0.6791044775612608,0.8584905659567462,0.7583333283381944,91,43,15,106,274.0
K90.41,Non-celiac gluten sensitivity,0.6666666644444444,0.6666666644444444,0.6666666594444445,2,1,1,3,15.0
K90.49,"Malabsorption due to intolerance, not elsewhere classified",0.46153846118343195,0.8571428559183674,0.5999999948500001,6,7,1,7,15.0
K90.9,"Intestinal malabsorption, unspecified",0.0624999999609375,0.06666666662222222,0.06451612399583805,1,15,14,15,38.0
K91.0,Vomiting following gastrointestinal surgery,0.0,0.0,0.0,0,0,4,4,21.0
K91.1,Postgastric surgery syndromes,0.0,0.0,0.0,0,1,3,3,12.0
K91.2,"Postsurgical malabsorption, not elsewhere classified",0.88636363616219,0.6842105261957525,0.7722772226526812,39,5,18,57,102.0
K91.3,Postprocedural intestinal obstruction,0.0,0.0,0.0,0,0,47,47,165.0
K91.30,"Postprocedural intestinal obstruction, unspecified as to partial versus complete",0.0,0.0,0.0,0,0,9,9,45.0
K91.31,Postprocedural partial intestinal obstruction,0.0,0.0,0.0,0,0,3,3,12.0
K91.5,Postcholecystectomy syndrome,0.0,0.0,0.0,0,0,3,3,13.0
K91.61,Intraoperative hemorrhage and hematoma of a digestive system organ or structure complicating a digestive system procedure,0.0,0.0,0.0,0,1,12,12,40.0
K91.71,Accidental puncture and laceration of a digestive system organ or structure during a digestive system procedure,0.5555555552469136,0.5555555552469136,0.5555555502469136,10,8,8,18,69.0
K91.72,Accidental puncture and laceration of a digestive system organ or structure during other procedure,0.0,0.0,0.0,0,1,4,4,20.0
K91.81,Other intraoperative complications of digestive system,0.0,0.0,0.0,0,0,3,3,17.0
K91.82,Postprocedural hepatic failure,0.0,0.0,0.0,0,0,2,2,12.0
K91.840,Postprocedural hemorrhage of a digestive system organ or structure following a digestive system procedure,0.6190476189493576,0.7358490564649341,0.6724137880246731,39,24,14,53,263.0
K91.841,Postprocedural hemorrhage of a digestive system organ or structure following other procedure,0.0,0.0,0.0,0,1,9,9,34.0
K91.850,Pouchitis,0.7142857137755102,0.9999999989999999,0.8333333277777779,10,4,0,10,48.0
K91.858,Other complications of intestinal pouch,0.4999999975,0.3333333322222222,0.39999999360000005,1,1,2,3,12.0
K91.86,Retained cholelithiasis following cholecystectomy,0.3888888886728395,0.2916666665451389,0.333333328276644,7,11,17,24,96.0
K91.870,Postprocedural hematoma of a digestive system organ or structure following a digestive system procedure,0.1999999996,0.07692307686390532,0.11111110697530877,1,4,12,13,61.0
K91.871,Postprocedural hematoma of a digestive system organ or structure following other procedure,0.0,0.0,0.0,0,1,4,4,20.0
K91.872,Postprocedural seroma of a digestive system organ or structure following a digestive system procedure,0.0,0.0,0.0,0,2,2,2,11.0
K91.89,Other postprocedural complications and disorders of digestive system,0.43243243239347456,0.45714285709931973,0.4444444394071502,48,63,57,105,487.0
K92.0,Hematemesis,0.4248366012794224,0.6565656564993368,0.5158730110616655,65,88,34,99,487.0
K92.1,Melena,0.544502617772539,0.4126984126820358,0.4695259544415513,104,87,148,252,1242.0
K92.2,"Gastrointestinal hemorrhage, unspecified",0.3333333332921811,0.19014084505703233,0.24215246172012317,27,54,115,142,636.0
K92.81,Gastrointestinal mucositis (ulcerative),0.0,0.0,0.0,0,0,2,2,8.0
K92.89,Other specified diseases of the digestive system,0.0,0.0,0.0,0,0,3,3,9.0
K94.01,Colostomy hemorrhage,0.0,0.0,0.0,0,1,2,2,8.0
K94.03,Colostomy malfunction,0.9999999900000002,0.3333333322222222,0.49999999375000004,1,0,2,3,14.0
K94.09,Other complications of colostomy,0.9999999980000001,0.6249999992187499,0.7692307633136094,5,0,3,8,35.0
K94.11,Enterostomy hemorrhage,0.0,0.0,0.0,0,0,2,2,8.0
K94.12,Enterostomy infection,0.49999999949999996,0.8333333319444445,0.62499999453125,5,5,1,6,28.0
K94.13,Enterostomy malfunction,0.2647058822750865,0.6428571423979591,0.3749999957118056,9,25,5,14,72.0
K94.19,Other complications of enterostomy,0.571428570612245,0.2352941175086505,0.3333333289236111,4,3,13,17,78.0
K94.21,Gastrostomy hemorrhage,0.0,0.0,0.0,0,2,2,2,10.0
K94.22,Gastrostomy infection,0.8333333319444445,0.7142857132653061,0.7692307630769232,5,1,2,7,32.0
K94.23,Gastrostomy malfunction,0.679999999728,0.5483870965972945,0.6071428519834183,17,8,14,31,94.0
K94.29,Other complications of gastrostomy,0.0,0.0,0.0,0,0,6,6,33.0
K95.09,Other complications of gastric band procedure,0.6249999992187499,0.9999999980000001,0.7692307633136094,5,3,0,5,23.0
K95.89,Other complications of other bariatric procedure,0.7999999984,0.19047619038548752,0.3076923043491124,4,1,17,21,61.0
L01.00,"Impetigo, unspecified",0.7499999981250001,0.5999999988,0.6666666602469137,3,1,2,5,24.0
L01.09,Other impetigo,0.0,0.0,0.0,0,0,2,2,7.0
L02.01,Cutaneous abscess of face,0.2857142853061225,0.33333333277777777,0.3076923022485208,2,5,4,6,27.0
L02.11,Cutaneous abscess of neck,0.5333333329777777,0.5714285710204081,0.5517241325564803,8,7,6,14,50.0
L02.211,Cutaneous abscess of abdominal wall,0.5769230768121302,0.6666666665185185,0.6185566959294293,30,22,15,45,169.0
L02.212,"Cutaneous abscess of back [any part, except buttock]",0.7499999981250001,0.37499999953124996,0.49999999472222234,3,1,5,8,36.0
L02.213,Cutaneous abscess of chest wall,0.249999999375,0.16666666638888888,0.1999999948000001,1,3,5,6,25.0
L02.214,Cutaneous abscess of groin,0.8333333319444445,0.49999999949999996,0.62499999453125,5,1,5,10,40.0
L02.215,Cutaneous abscess of perineum,0.6666666644444444,0.49999999875,0.5714285648979592,2,1,2,4,22.0
L02.31,Cutaneous abscess of buttock,0.7333333328444444,0.7333333328444444,0.7333333278444444,11,4,4,15,77.0
L02.411,Cutaneous abscess of right axilla,0.6666666644444444,0.6666666644444444,0.6666666594444445,2,1,1,3,15.0
L02.412,Cutaneous abscess of left axilla,0.0,0.0,0.0,0,2,2,2,11.0
L02.413,Cutaneous abscess of right upper limb,0.571428570612245,0.3333333330555555,0.42105262648199443,4,3,8,12,63.0
L02.414,Cutaneous abscess of left upper limb,0.40740740725651575,0.7333333328444444,0.523809518968254,11,16,4,15,55.0
L02.415,Cutaneous abscess of right lower limb,0.4827586205231867,0.777777777345679,0.5957446758714351,14,15,4,18,86.0
L02.416,Cutaneous abscess of left lower limb,0.5416666664409722,0.6190476187528344,0.5777777725432099,13,11,8,21,73.0
L02.511,Cutaneous abscess of right hand,0.49999999964285713,0.8749999989062499,0.6363636311570248,7,7,1,8,42.0
L02.512,Cutaneous abscess of left hand,0.6249999992187499,0.5555555549382716,0.5882352884429066,5,3,4,9,40.0
L02.611,Cutaneous abscess of right foot,0.27272727260330576,0.46153846118343195,0.34285713799183676,6,16,7,13,65.0
L02.612,Cutaneous abscess of left foot,0.49999999949999996,0.45454545413223135,0.4761904707482993,5,5,6,11,50.0
L02.811,"Cutaneous abscess of head [any part, except face]",0.0,0.0,0.0,0,0,2,2,12.0
L03.011,Cellulitis of right finger,0.7999999992,0.5333333329777777,0.639999994688,8,2,7,15,53.0
L03.012,Cellulitis of left finger,0.5555555549382716,0.5555555549382716,0.5555555499382716,5,4,4,9,43.0
L03.031,Cellulitis of right toe,0.374999999765625,0.2857142855782313,0.3243243192403214,6,10,15,21,94.0
L03.032,Cellulitis of left toe,0.7058823525259516,0.41379310330558855,0.5217391255482042,12,5,17,29,98.0
L03.111,Cellulitis of right axilla,0.4999999975,0.3333333322222222,0.39999999360000005,1,1,2,3,14.0
L03.113,Cellulitis of right upper limb,0.6774193547294485,0.7924528300391598,0.7304347775122874,42,20,11,53,242.0
L03.114,Cellulitis of left upper limb,0.5616438355395009,0.7192982454878424,0.630769225747929,41,32,16,57,206.0
L03.115,Cellulitis of right lower limb,0.6210045661816893,0.7472527472116893,0.6783042344102338,136,83,46,182,843.0
L03.116,Cellulitis of left lower limb,0.6680851063545495,0.7810945273243236,0.7201834812359019,157,78,44,201,879.0
L03.119,Cellulitis of unspecified part of limb,0.0,0.0,0.0,0,0,3,3,16.0
L03.211,Cellulitis of face,0.8666666660888889,0.5416666664409722,0.6666666615910586,13,2,11,24,82.0
L03.213,Periorbital cellulitis,0.6470588231487889,0.9166666659027777,0.7586206842806184,11,6,1,12,57.0
L03.221,Cellulitis of neck,0.4285714282653061,0.4999999995833333,0.46153845621301776,6,8,6,12,51.0
L03.311,Cellulitis of abdominal wall,0.6031746030788612,0.7916666665017361,0.6846846796526256,38,25,10,48,230.0
L03.312,Cellulitis of back [any part except buttock],0.3999999992,0.2857142853061225,0.33333332791666676,2,3,5,7,31.0
L03.313,Cellulitis of chest wall,0.5384615380473372,0.49999999964285713,0.5185185131412894,7,6,7,14,61.0
L03.314,Cellulitis of groin,0.249999999375,0.1111111109876543,0.15384614934911253,1,3,8,9,43.0
L03.315,Cellulitis of perineum,0.0,0.0,0.0,0,0,2,2,11.0
L03.317,Cellulitis of buttock,0.29411764688581316,0.5555555549382716,0.38461537979289945,5,12,4,9,44.0
L03.319,"Cellulitis of trunk, unspecified",0.0,0.0,0.0,0,1,4,4,20.0
L03.811,"Cellulitis of head [any part, except face]",0.999999995,0.999999995,0.9999999900000001,2,0,0,2,11.0
L03.818,Cellulitis of other sites,0.9999999900000002,0.3333333322222222,0.49999999375000004,1,0,2,3,13.0
L03.90,"Cellulitis, unspecified",0.0,0.0,0.0,0,0,3,3,17.0
L05.91,Pilonidal cyst without abscess,0.4999999975,0.3333333322222222,0.39999999360000005,1,1,2,3,13.0
L08.0,Pyoderma,0.0,0.0,0.0,0,0,3,3,11.0
L08.89,Other specified local infections of the skin and subcutaneous tissue,0.0,0.0,0.0,0,0,14,14,33.0
L08.9,"Local infection of the skin and subcutaneous tissue, unspecified",0.2857142853061225,0.06249999998046875,0.10256409956607503,2,5,30,32,122.0
L11.1,Transient acantholytic dermatosis [Grover],0.49999999875,0.24999999968749997,0.33333332833333335,2,2,6,8,23.0
L12.0,Bullous pemphigoid,0.6999999996499999,0.9999999992857143,0.8235294064359862,14,6,0,14,56.0
L20.9,"Atopic dermatitis, unspecified",0.5454545449586776,0.4999999995833333,0.5217391249905482,6,5,6,12,30.0
L21.8,Other seborrheic dermatitis,0.0,0.0,0.0,0,0,3,3,8.0
L21.9,"Seborrheic dermatitis, unspecified",0.5238095235600907,0.6874999995703125,0.5945945893644997,11,10,5,16,76.0
L23.1,Allergic contact dermatitis due to adhesives,0.0,0.0,0.0,0,0,3,3,12.0
L23.7,"Allergic contact dermatitis due to plants, except food",0.3333333322222222,0.4999999975,0.39999999360000005,1,2,1,2,7.0
L23.9,"Allergic contact dermatitis, unspecified cause",0.0,0.0,0.0,0,0,3,3,15.0
L24.89,Irritant contact dermatitis due to other agents,0.0,0.0,0.0,0,1,4,4,21.0
L24.9,"Irritant contact dermatitis, unspecified cause",0.3999999992,0.3999999992,0.39999999420000004,2,3,3,5,25.0
L25.8,Unspecified contact dermatitis due to other agents,0.4999999975,0.249999999375,0.33333332777777785,1,1,3,4,18.0
L25.9,"Unspecified contact dermatitis, unspecified cause",0.24242424235078053,0.470588235017301,0.31999999538400004,8,25,9,17,85.0
L27.0,Generalized skin eruption due to drugs and medicaments taken internally,0.4656488549262863,0.6039603959798059,0.5258620640037902,61,70,40,101,500.0
L27.1,Localized skin eruption due to drugs and medicaments taken internally,0.07142857137755101,0.027777777770061726,0.0399999959520004,1,13,35,36,129.0
L28.0,Lichen simplex chronicus,0.6249999992187499,0.7142857132653061,0.6666666608,5,3,2,7,30.0
L28.1,Prurigo nodularis,0.28571428551020406,0.6666666655555555,0.3999999954,4,10,2,6,21.0
L29.2,Pruritus vulvae,0.0,0.0,0.0,0,0,2,2,8.0
L29.8,Other pruritus,0.2580645160457856,0.20512820507560814,0.22857142357142868,8,23,31,39,120.0
L29.9,"Pruritus, unspecified",0.5797101448435203,0.3846153845784024,0.4624277408159311,40,29,64,104,465.0
L30.4,Erythema intertrigo,0.6521739127599243,0.6521739127599243,0.6521739077599243,15,8,8,23,103.0
L30.8,Other specified dermatitis,0.06666666662222222,0.05263157891966759,0.058823524446367195,1,14,18,19,57.0
L30.9,"Dermatitis, unspecified",0.6666666665359477,0.326923076891642,0.43870967294734653,34,17,70,104,353.0
L40.0,Psoriasis vulgaris,0.4444444439506172,0.49999999937499995,0.4705882297577854,4,5,4,8,39.0
L40.4,Guttate psoriasis,0.4999999975,0.9999999900000002,0.6666666577777778,1,1,0,1,7.0
L40.50,"Arthropathic psoriasis, unspecified",0.7714285713183674,0.9152542371330078,0.8372092972321377,54,16,5,59,276.0
L40.8,Other psoriasis,0.0,0.0,0.0,0,0,5,5,19.0
L40.9,"Psoriasis, unspecified",0.5026737967645629,0.5838509316407545,0.5402298800543336,94,93,67,161,590.0
L43.9,"Lichen planus, unspecified",0.0,0.0,0.0,0,0,4,4,15.0
L50.0,Allergic urticaria,0.22222222213991769,0.4999999995833333,0.30769230327416175,6,21,6,12,65.0
L50.1,Idiopathic urticaria,0.7999999984,0.9999999975,0.8888888819753088,4,1,0,4,6.0
L50.8,Other urticaria,0.249999999375,0.14285714265306124,0.1818181768595043,1,3,6,7,31.0
L50.9,"Urticaria, unspecified",0.1764705881314879,0.29999999969999996,0.22222221739369005,3,14,7,10,47.0
L51.1,Stevens-Johnson syndrome,0.0,0.0,0.0,0,1,2,2,10.0
L52,Erythema nodosum,0.4999999975,0.3333333322222222,0.39999999360000005,1,1,2,3,20.0
L53.8,Other specified erythematous conditions,0.0999999999,0.09090909082644627,0.09523809015873042,1,9,10,11,43.0
L53.9,"Erythematous condition, unspecified",0.0,0.0,0.0,0,18,31,31,103.0
L57.0,Actinic keratosis,0.5714285710204081,0.319999999872,0.410256405443787,8,6,17,25,94.0
L57.4,Cutis laxa senilis,0.9999999900000002,0.4999999975,0.6666666577777778,1,0,1,2,11.0
L59.8,Other specified disorders of the skin and subcutaneous tissue related to radiation,0.9999999966666667,0.49999999916666665,0.6666666607407408,3,0,3,6,28.0
L60.0,Ingrowing nail,0.1999999996,0.249999999375,0.2222222167901236,1,4,3,4,20.0
L60.3,Nail dystrophy,0.0,0.0,0.0,0,0,2,2,8.0
L60.8,Other nail disorders,0.0,0.0,0.0,0,0,1,1,8.0
L65.8,Other specified nonscarring hair loss,0.0,0.0,0.0,0,0,2,2,12.0
L65.9,"Nonscarring hair loss, unspecified",0.7499999981250001,0.37499999953124996,0.49999999472222234,3,1,5,8,42.0
L68.0,Hirsutism,0.0,0.0,0.0,0,0,2,2,9.0
L70.0,Acne vulgaris,0.0,0.0,0.0,0,1,3,3,13.0
L70.9,"Acne, unspecified",0.24999999984375,0.3333333330555555,0.2857142806122449,4,12,8,12,60.0
L71.9,"Rosacea, unspecified",0.6666666662962962,0.5217391302079395,0.5853658484473528,12,6,11,23,116.0
L72.0,Epidermal cyst,0.49999999875,0.49999999875,0.4999999937500001,2,2,2,4,14.0
L72.3,Sebaceous cyst,0.49999999916666665,0.7499999981250001,0.5999999940000001,3,3,1,4,19.0
L72.8,Other follicular cysts of the skin and subcutaneous tissue,0.0,0.0,0.0,0,0,1,1,8.0
L73.2,Hidradenitis suppurativa,0.6999999996499999,0.5384615382544379,0.6086956469943289,14,6,12,26,129.0
L73.8,Other specified follicular disorders,0.37499999953124996,0.49999999916666665,0.4285714230612245,3,5,3,6,21.0
L73.9,"Follicular disorder, unspecified",0.666666666111111,0.3999999998,0.49999999500000003,8,4,12,20,87.0
L74.0,Miliaria rubra,0.6666666644444444,0.1999999998,0.3076923036686391,2,1,8,10,25.0
L74.3,"Miliaria, unspecified",0.9999999900000002,0.249999999375,0.3999999952,1,0,3,4,9.0
L76.02,Intraoperative hemorrhage and hematoma of skin and subcutaneous tissue complicating other procedure,0.0,0.0,0.0,0,0,2,2,9.0
L76.21,Postprocedural hemorrhage of skin and subcutaneous tissue following a dermatologic procedure,0.0,0.0,0.0,0,0,6,6,24.0
L76.22,Postprocedural hemorrhage of skin and subcutaneous tissue following other procedure,0.0,0.0,0.0,0,4,33,33,149.0
L76.32,Postprocedural hematoma of skin and subcutaneous tissue following other procedure,0.34042553184246266,0.21621621618699782,0.26446280512260095,16,31,58,74,326.0
L76.34,Postprocedural seroma of skin and subcutaneous tissue following other procedure,0.2916666665451389,0.3181818180371901,0.30434782096408325,7,17,15,22,104.0
L76.82,Other postprocedural complications of skin and subcutaneous tissue,0.0,0.0,0.0,0,0,7,7,32.0
L80,Vitiligo,0.3999999992,0.24999999968749997,0.3076923024852071,2,3,6,8,28.0
L81.4,Other melanin hyperpigmentation,0.0,0.0,0.0,0,0,2,2,9.0
L81.9,"Disorder of pigmentation, unspecified",0.0,0.0,0.0,0,0,1,1,11.0
L82.1,Other seborrheic keratosis,0.2222222219753086,0.09999999995,0.1379310301070156,2,7,18,20,86.0
L83,Acanthosis nigricans,0.0,0.0,0.0,0,0,2,2,11.0
L84,Corns and callosities,0.0,0.0,0.0,0,1,6,6,20.0
L85.3,Xerosis cutis,0.5999999988,0.3333333329629629,0.42857142336734694,3,2,6,9,45.0
L85.8,Other specified epidermal thickening,0.0,0.0,0.0,0,0,2,2,8.0
L85.9,"Epidermal thickening, unspecified",0.0,0.0,0.0,0,0,3,3,12.0
L88,Pyoderma gangrenosum,0.6774193546201873,0.9130434778638941,0.7777777725994515,21,10,2,23,60.0
L89.100,"Pressure ulcer of unspecified part of back, unstageable",0.0,0.0,0.0,0,0,2,2,11.0
L89.102,"Pressure ulcer of unspecified part of back, stage 2",0.0,0.0,0.0,0,0,2,2,9.0
L89.109,"Pressure ulcer of unspecified part of back, unspecified stage",0.0,0.0,0.0,0,0,2,2,8.0
L89.150,"Pressure ulcer of sacral region, unstageable",0.6666666662962962,0.21428571424744897,0.32432432055514976,12,6,44,56,238.0
L89.151,"Pressure ulcer of sacral region, stage 1",0.5789473681163435,0.3666666665444444,0.4489795869054561,11,8,19,30,97.0
L89.152,"Pressure ulcer of sacral region, stage 2",0.6197183097718707,0.5176470587626298,0.5641025590705129,44,27,41,85,418.0
L89.153,"Pressure ulcer of sacral region, stage 3",0.8124999994921874,0.3513513512563915,0.49056603333570675,13,3,24,37,179.0
L89.154,"Pressure ulcer of sacral region, stage 4",0.5901639343294813,0.7346938774010828,0.6545454494859504,36,25,13,49,191.0
L89.159,"Pressure ulcer of sacral region, unspecified stage",0.0,0.0,0.0,0,0,24,24,98.0
L89.210,"Pressure ulcer of right hip, unstageable",0.0,0.0,0.0,0,0,3,3,14.0
L89.214,"Pressure ulcer of right hip, stage 4",0.0,0.0,0.0,0,0,1,1,8.0
L89.220,"Pressure ulcer of left hip, unstageable",0.0,0.0,0.0,0,0,2,2,11.0
L89.224,"Pressure ulcer of left hip, stage 4",0.0,0.0,0.0,0,0,3,3,13.0
L89.301,"Pressure ulcer of unspecified buttock, stage 1",0.0,0.0,0.0,0,0,2,2,8.0
L89.302,"Pressure ulcer of unspecified buttock, stage 2",0.0,0.0,0.0,0,0,4,4,18.0
L89.309,"Pressure ulcer of unspecified buttock, unspecified stage",0.0,0.0,0.0,0,0,1,1,8.0
L89.310,"Pressure ulcer of right buttock, unstageable",0.0,0.0,0.0,0,0,7,7,21.0
L89.311,"Pressure ulcer of right buttock, stage 1",0.0,0.0,0.0,0,0,2,2,8.0
L89.312,"Pressure ulcer of right buttock, stage 2",0.0,0.0,0.0,0,0,13,13,50.0
L89.313,"Pressure ulcer of right buttock, stage 3",0.0,0.0,0.0,0,0,4,4,12.0
L89.314,"Pressure ulcer of right buttock, stage 4",0.0,0.0,0.0,0,0,3,3,13.0
L89.319,"Pressure ulcer of right buttock, unspecified stage",0.0,0.0,0.0,0,1,3,3,13.0
L89.320,"Pressure ulcer of left buttock, unstageable",0.0,0.0,0.0,0,0,8,8,30.0
L89.321,"Pressure ulcer of left buttock, stage 1",0.0,0.0,0.0,0,0,2,2,8.0
L89.322,"Pressure ulcer of left buttock, stage 2",0.0,0.0,0.0,0,0,11,11,49.0
L89.323,"Pressure ulcer of left buttock, stage 3",0.0,0.0,0.0,0,0,4,4,13.0
L89.324,"Pressure ulcer of left buttock, stage 4",0.0,0.0,0.0,0,0,5,5,24.0
L89.329,"Pressure ulcer of left buttock, unspecified stage",0.0,0.0,0.0,0,0,4,4,16.0
L89.529,"Pressure ulcer of left ankle, unspecified stage",0.0,0.0,0.0,0,1,1,1,8.0
L89.610,"Pressure ulcer of right heel, unstageable",0.16666666638888888,0.08333333326388888,0.11111110654321005,1,5,11,12,55.0
L89.611,"Pressure ulcer of right heel, stage 1",0.0,0.0,0.0,0,0,6,6,15.0
L89.612,"Pressure ulcer of right heel, stage 2",0.0,0.0,0.0,0,0,5,5,22.0
L89.613,"Pressure ulcer of right heel, stage 3",0.0,0.0,0.0,0,2,3,3,13.0
L89.614,"Pressure ulcer of right heel, stage 4",0.0,0.0,0.0,0,0,2,2,8.0
L89.619,"Pressure ulcer of right heel, unspecified stage",0.4999999975,0.1111111109876543,0.1818181785123967,1,1,8,9,28.0
L89.620,"Pressure ulcer of left heel, unstageable",0.249999999375,0.05263157891966759,0.08695651879017023,1,3,18,19,58.0
L89.621,"Pressure ulcer of left heel, stage 1",0.0,0.0,0.0,0,0,5,5,21.0
L89.622,"Pressure ulcer of left heel, stage 2",0.0,0.0,0.0,0,0,5,5,20.0
L89.623,"Pressure ulcer of left heel, stage 3",0.0,0.0,0.0,0,1,3,3,17.0
L89.624,"Pressure ulcer of left heel, stage 4",0.0,0.0,0.0,0,0,2,2,11.0
L89.629,"Pressure ulcer of left heel, unspecified stage",0.3333333322222222,0.1111111109876543,0.16666666263888896,1,2,8,9,28.0
L89.810,"Pressure ulcer of head, unstageable",0.9999999900000002,0.4999999975,0.6666666577777778,1,0,1,2,9.0
L89.890,"Pressure ulcer of other site, unstageable",0.4999999975,0.14285714265306124,0.22222221827160496,1,1,6,7,37.0
L89.891,"Pressure ulcer of other site, stage 1",0.0,0.0,0.0,0,0,3,3,11.0
L89.892,"Pressure ulcer of other site, stage 2",0.0,0.0,0.0,0,0,8,8,41.0
L89.893,"Pressure ulcer of other site, stage 3",0.0,0.0,0.0,0,0,6,6,19.0
L89.894,"Pressure ulcer of other site, stage 4",0.0,0.0,0.0,0,0,2,2,10.0
L89.899,"Pressure ulcer of other site, unspecified stage",0.0,0.0,0.0,0,3,12,12,37.0
L90.0,Lichen sclerosus et atrophicus,0.28571428551020406,0.571428570612245,0.3809523761451248,4,10,3,7,31.0
L90.5,Scar conditions and fibrosis of skin,0.33333333277777777,0.2222222219753086,0.2666666615111111,2,4,7,9,48.0
L91.0,Hypertrophic scar,0.0,0.0,0.0,0,1,2,2,11.0
L91.8,Other hypertrophic disorders of the skin,0.0,0.0,0.0,0,0,3,3,13.0
L92.0,Granuloma annulare,0.0,0.0,0.0,0,0,2,2,7.0
L92.8,Other granulomatous disorders of the skin and subcutaneous tissue,0.0,0.0,0.0,0,2,4,4,19.0
L92.9,"Granulomatous disorder of the skin and subcutaneous tissue, unspecified",0.4999999975,0.3333333322222222,0.39999999360000005,1,1,2,3,15.0
L93.0,Discoid lupus erythematosus,0.7142857137755102,0.7692307686390532,0.7407407351989027,10,4,3,13,54.0
L94.0,Localized scleroderma [morphea],0.0,0.0,0.0,0,0,3,3,6.0
L94.2,Calcinosis cutis,0.0,0.0,0.0,0,0,1,1,9.0
L94.9,"Localized connective tissue disorder, unspecified",0.0,0.0,0.0,0,0,2,2,11.0
L95.8,Other vasculitis limited to the skin,0.374999999765625,0.8571428559183674,0.5217391257466919,6,10,1,7,33.0
L95.9,"Vasculitis limited to the skin, unspecified",0.0,0.0,0.0,0,0,3,3,14.0
L97.119,Non-pressure chronic ulcer of right thigh with unspecified severity,0.0,0.0,0.0,0,0,5,5,16.0
L97.129,Non-pressure chronic ulcer of left thigh with unspecified severity,0.0,0.0,0.0,0,0,3,3,9.0
L97.211,Non-pressure chronic ulcer of right calf limited to breakdown of skin,0.0,0.0,0.0,0,0,4,4,14.0
L97.219,Non-pressure chronic ulcer of right calf with unspecified severity,0.9999999900000002,0.039999999984,0.07692307612426036,1,0,24,25,58.0
L97.221,Non-pressure chronic ulcer of left calf limited to breakdown of skin,0.0,0.0,0.0,0,0,3,3,15.0
L97.229,Non-pressure chronic ulcer of left calf with unspecified severity,0.3333333322222222,0.03703703702331961,0.06666666482222226,1,2,26,27,67.0
L97.311,Non-pressure chronic ulcer of right ankle limited to breakdown of skin,0.0,0.0,0.0,0,0,4,4,9.0
L97.319,Non-pressure chronic ulcer of right ankle with unspecified severity,0.6666666644444444,0.1111111110493827,0.190476187845805,2,1,16,18,61.0
L97.321,Non-pressure chronic ulcer of left ankle limited to breakdown of skin,0.0,0.0,0.0,0,0,3,3,16.0
L97.329,Non-pressure chronic ulcer of left ankle with unspecified severity,0.46153846118343195,0.21428571420918366,0.2926829223557406,6,7,22,28,75.0
L97.409,Non-pressure chronic ulcer of unspecified heel and midfoot with unspecified severity,0.0,0.0,0.0,0,0,1,1,8.0
L97.411,Non-pressure chronic ulcer of right heel and midfoot limited to breakdown of skin,0.0,0.0,0.0,0,0,5,5,26.0
L97.412,Non-pressure chronic ulcer of right heel and midfoot with fat layer exposed,0.0,0.0,0.0,0,0,2,2,8.0
L97.414,Non-pressure chronic ulcer of right heel and midfoot with necrosis of bone,0.0,0.0,0.0,0,0,4,4,18.0
L97.416,Non-pressure chronic ulcer of right heel and midfoot with bone involvement without evidence of necrosis,0.0,0.0,0.0,0,0,2,2,11.0
L97.418,Non-pressure chronic ulcer of right heel and midfoot with other specified severity,0.0,0.0,0.0,0,0,5,5,26.0
L97.419,Non-pressure chronic ulcer of right heel and midfoot with unspecified severity,0.28395061724889503,0.4423076922226331,0.3458646568398441,23,58,29,52,260.0
L97.421,Non-pressure chronic ulcer of left heel and midfoot limited to breakdown of skin,0.0,0.0,0.0,0,1,6,6,30.0
L97.424,Non-pressure chronic ulcer of left heel and midfoot with necrosis of bone,0.0,0.0,0.0,0,0,3,3,15.0
L97.426,Non-pressure chronic ulcer of left heel and midfoot with bone involvement without evidence of necrosis,0.0,0.0,0.0,0,0,3,3,17.0
L97.428,Non-pressure chronic ulcer of left heel and midfoot with other specified severity,0.0,0.0,0.0,0,0,4,4,19.0
L97.429,Non-pressure chronic ulcer of left heel and midfoot with unspecified severity,0.35135135130387146,0.44827586199167657,0.39393938895316816,26,48,32,58,281.0
L97.509,Non-pressure chronic ulcer of other part of unspecified foot with unspecified severity,0.0,0.0,0.0,0,0,4,4,18.0
L97.511,Non-pressure chronic ulcer of other part of right foot limited to breakdown of skin,0.0,0.0,0.0,0,0,16,16,48.0
L97.512,Non-pressure chronic ulcer of other part of right foot with fat layer exposed,0.0,0.0,0.0,0,0,2,2,10.0
L97.514,Non-pressure chronic ulcer of other part of right foot with necrosis of bone,0.0,0.0,0.0,0,6,8,8,41.0
L97.516,Non-pressure chronic ulcer of other part of right foot with bone involvement without evidence of necrosis,0.0,0.0,0.0,0,0,7,7,25.0
L97.518,Non-pressure chronic ulcer of other part of right foot with other specified severity,0.0,0.0,0.0,0,0,12,12,36.0
L97.519,Non-pressure chronic ulcer of other part of right foot with unspecified severity,0.44848484845766756,0.5692307691869822,0.5016949102906062,74,91,56,130,509.0
L97.521,Non-pressure chronic ulcer of other part of left foot limited to breakdown of skin,0.0,0.0,0.0,0,0,9,9,48.0
L97.522,Non-pressure chronic ulcer of other part of left foot with fat layer exposed,0.0,0.0,0.0,0,0,2,2,9.0
L97.524,Non-pressure chronic ulcer of other part of left foot with necrosis of bone,0.0,0.0,0.0,0,0,7,7,34.0
L97.526,Non-pressure chronic ulcer of other part of left foot with bone involvement without evidence of necrosis,0.0,0.0,0.0,0,0,6,6,20.0
L97.528,Non-pressure chronic ulcer of other part of left foot with other specified severity,0.0,0.0,0.0,0,0,8,8,41.0
L97.529,Non-pressure chronic ulcer of other part of left foot with unspecified severity,0.5592105262789993,0.5592105262789993,0.5592105212789993,85,67,67,152,498.0
L97.811,Non-pressure chronic ulcer of other part of right lower leg limited to breakdown of skin,0.0,0.0,0.0,0,0,10,10,19.0
L97.819,Non-pressure chronic ulcer of other part of right lower leg with unspecified severity,0.4999999975,0.04347826085066162,0.079999998464,1,1,22,23,113.0
L97.821,Non-pressure chronic ulcer of other part of left lower leg limited to breakdown of skin,0.0,0.0,0.0,0,0,10,10,24.0
L97.829,Non-pressure chronic ulcer of other part of left lower leg with unspecified severity,0.0,0.0,0.0,0,1,32,32,109.0
L97.909,Non-pressure chronic ulcer of unspecified part of unspecified lower leg with unspecified severity,0.0,0.0,0.0,0,0,4,4,19.0
L97.911,Non-pressure chronic ulcer of unspecified part of right lower leg limited to breakdown of skin,0.0,0.0,0.0,0,0,2,2,8.0
L97.919,Non-pressure chronic ulcer of unspecified part of right lower leg with unspecified severity,0.0,0.0,0.0,0,1,37,37,72.0
L97.921,Non-pressure chronic ulcer of unspecified part of left lower leg limited to breakdown of skin,0.0,0.0,0.0,0,0,2,2,11.0
L97.929,Non-pressure chronic ulcer of unspecified part of left lower leg with unspecified severity,0.0,0.0,0.0,0,2,39,39,79.0
L98.2,Febrile neutrophilic dermatosis [Sweet],0.8571428559183674,0.6666666659259258,0.749999994140625,6,1,3,9,43.0
L98.411,Non-pressure chronic ulcer of buttock limited to breakdown of skin,0.0,0.0,0.0,0,0,3,3,11.0
L98.419,Non-pressure chronic ulcer of buttock with unspecified severity,0.0,0.0,0.0,0,0,6,6,28.0
L98.429,Non-pressure chronic ulcer of back with unspecified severity,0.0,0.0,0.0,0,0,10,10,26.0
L98.491,Non-pressure chronic ulcer of skin of other sites limited to breakdown of skin,0.0,0.0,0.0,0,1,7,7,34.0
L98.498,Non-pressure chronic ulcer of skin of other sites with other specified severity,0.0,0.0,0.0,0,0,2,2,11.0
L98.499,Non-pressure chronic ulcer of skin of other sites with unspecified severity,0.30769230745562126,0.10256410253780407,0.15384615003698232,4,9,35,39,118.0
L98.7,Excessive and redundant skin and subcutaneous tissue,0.49999999916666665,0.7499999981250001,0.5999999940000001,3,3,1,4,20.0
L98.8,Other specified disorders of the skin and subcutaneous tissue,0.0,0.0,0.0,0,7,21,21,78.0
L98.9,"Disorder of the skin and subcutaneous tissue, unspecified",0.19999999986666667,0.16666666657407406,0.18181817674931142,3,12,15,18,87.0
M00.011,"Staphylococcal arthritis, right shoulder",0.0,0.0,0.0,0,1,3,3,17.0
M00.012,"Staphylococcal arthritis, left shoulder",0.9999999900000002,0.3333333322222222,0.49999999375000004,1,0,2,3,13.0
M00.051,"Staphylococcal arthritis, right hip",0.49999999916666665,0.5999999988,0.5454545395041324,3,3,2,5,17.0
M00.052,"Staphylococcal arthritis, left hip",0.0,0.0,0.0,0,2,3,3,16.0
M00.061,"Staphylococcal arthritis, right knee",0.18181818165289254,0.2857142853061225,0.22222221722222232,2,9,5,7,33.0
M00.062,"Staphylococcal arthritis, left knee",0.4444444439506172,0.7999999984,0.5714285660204083,4,5,1,5,26.0
M00.251,"Other streptococcal arthritis, right hip",0.0,0.0,0.0,0,3,1,1,8.0
M00.262,"Other streptococcal arthritis, left knee",0.0,0.0,0.0,0,0,1,1,7.0
M00.811,"Arthritis due to other bacteria, right shoulder",0.0,0.0,0.0,0,0,1,1,8.0
M00.851,"Arthritis due to other bacteria, right hip",0.0,0.0,0.0,0,2,3,3,13.0
M00.852,"Arthritis due to other bacteria, left hip",0.0,0.0,0.0,0,5,3,3,15.0
M00.861,"Arthritis due to other bacteria, right knee",0.0,0.0,0.0,0,0,7,7,17.0
M00.862,"Arthritis due to other bacteria, left knee",0.0,0.0,0.0,0,0,3,3,11.0
M00.9,"Pyogenic arthritis, unspecified",0.3999999992,0.1111111110493827,0.17391303992438567,2,3,16,18,90.0
M02.30,"Reiter's disease, unspecified site",0.0,0.0,0.0,0,0,2,2,8.0
M04.1,Periodic fever syndromes,0.3999999992,0.999999995,0.5714285657142857,2,3,0,2,11.0
M05.10,Rheumatoid lung disease with rheumatoid arthritis of unspecified site,0.9999999900000002,0.3333333322222222,0.49999999375000004,1,0,2,3,12.0
M05.9,"Rheumatoid arthritis with rheumatoid factor, unspecified",0.999999995,0.11764705875432525,0.21052631368421054,2,0,15,17,38.0
M06.00,"Rheumatoid arthritis without rheumatoid factor, unspecified site",0.470588235017301,0.319999999872,0.380952375952381,8,9,17,25,79.0
M06.09,"Rheumatoid arthritis without rheumatoid factor, multiple sites",0.0,0.0,0.0,0,9,4,4,11.0
M06.1,Adult-onset Still's disease,0.7999999984,0.9999999975,0.8888888819753088,4,1,0,4,19.0
M06.4,Inflammatory polyarthropathy,0.3333333322222222,0.1111111109876543,0.16666666263888896,1,2,8,9,34.0
M06.80,"Other specified rheumatoid arthritis, unspecified site",0.0,0.0,0.0,0,0,2,2,8.0
M06.861,"Other specified rheumatoid arthritis, right knee",0.0,0.0,0.0,0,0,2,2,8.0
M06.9,"Rheumatoid arthritis, unspecified",0.7609890109681047,0.8993506493214496,0.8244047569149484,277,87,31,308,1496.0
M08.00,Unspecified juvenile rheumatoid arthritis of unspecified site,0.0,0.0,0.0,0,4,4,4,14.0
M10.00,"Idiopathic gout, unspecified site",0.0,0.0,0.0,0,0,2,2,10.0
M10.061,"Idiopathic gout, right knee",0.0,0.0,0.0,0,1,2,2,9.0
M10.071,"Idiopathic gout, right ankle and foot",0.0,0.0,0.0,0,3,3,3,18.0
M10.072,"Idiopathic gout, left ankle and foot",0.9999999900000002,0.4999999975,0.6666666577777778,1,0,1,2,10.0
M10.09,"Idiopathic gout, multiple sites",0.0,0.0,0.0,0,0,2,2,8.0
M10.9,"Gout, unspecified",0.6919000756949895,0.8780019212211528,0.7739204014989344,914,407,127,1041,4450.0
M11.20,"Other chondrocalcinosis, unspecified site",0.3333333322222222,0.07142857137755101,0.11764705577854677,1,2,13,14,66.0
M11.231,"Other chondrocalcinosis, right wrist",0.999999995,0.999999995,0.9999999900000001,2,0,0,2,10.0
M11.232,"Other chondrocalcinosis, left wrist",0.33333333277777777,0.6666666644444444,0.44444443901234576,2,4,1,3,16.0
M11.261,"Other chondrocalcinosis, right knee",0.6249999992187499,0.7142857132653061,0.6666666608,5,3,2,7,35.0
M11.262,"Other chondrocalcinosis, left knee",0.49999999875,0.6666666644444444,0.5714285648979592,2,2,1,3,15.0
M11.29,"Other chondrocalcinosis, multiple sites",0.0,0.0,0.0,0,1,2,2,12.0
M12.80,"Other specific arthropathies, not elsewhere classified, unspecified site",0.0,0.0,0.0,0,0,2,2,10.0
M13.0,"Polyarthritis, unspecified",0.6666666644444444,0.3999999992,0.49999999406250006,2,1,3,5,22.0
M13.80,"Other specified arthritis, unspecified site",0.0,0.0,0.0,0,2,10,10,34.0
M13.842,"Other specified arthritis, left hand",0.0,0.0,0.0,0,0,2,2,7.0
M13.861,"Other specified arthritis, right knee",0.0,0.0,0.0,0,0,5,5,19.0
M13.862,"Other specified arthritis, left knee",0.0,0.0,0.0,0,0,4,4,21.0
M13.89,"Other specified arthritis, multiple sites",0.0,0.0,0.0,0,0,4,4,20.0
M14.671,"Charcot's joint, right ankle and foot",0.6666666644444444,0.6666666644444444,0.6666666594444445,2,1,1,3,13.0
M14.672,"Charcot's joint, left ankle and foot",0.0,0.0,0.0,0,3,2,2,12.0
M15.8,Other polyosteoarthritis,0.0,0.0,0.0,0,0,2,2,8.0
M15.9,"Polyosteoarthritis, unspecified",0.0,0.0,0.0,0,0,12,12,61.0
M16.0,Bilateral primary osteoarthritis of hip,0.16666666638888888,0.04347826085066162,0.06896551391200967,1,5,22,23,108.0
M16.10,"Unilateral primary osteoarthritis, unspecified hip",0.9999999900000002,0.08333333326388888,0.1538461521893491,1,0,11,12,56.0
M16.11,"Unilateral primary osteoarthritis, right hip",0.6712328766203791,0.830508474435507,0.7424242373679982,49,24,10,59,297.0
M16.12,"Unilateral primary osteoarthritis, left hip",0.830508474435507,0.777777777654321,0.8032786833982801,49,10,14,63,256.0
M16.51,"Unilateral post-traumatic osteoarthritis, right hip",0.999999995,0.6666666644444444,0.799999992,2,0,1,3,12.0
M16.52,"Unilateral post-traumatic osteoarthritis, left hip",0.9999999900000002,0.249999999375,0.3999999952,1,0,3,4,9.0
M16.7,Other unilateral secondary osteoarthritis of hip,0.0,0.0,0.0,0,0,2,2,8.0
M17.0,Bilateral primary osteoarthritis of knee,0.47272727268429754,0.49523809519092976,0.483720925190265,52,58,53,105,490.0
M17.10,"Unilateral primary osteoarthritis, unspecified knee",0.2727272724793388,0.13636363630165288,0.18181817726354463,3,8,19,22,96.0
M17.11,"Unilateral primary osteoarthritis, right knee",0.6372549018983084,0.7558139534004868,0.6914893566647805,65,37,21,86,456.0
M17.12,"Unilateral primary osteoarthritis, left knee",0.6666666666031746,0.8045977010569428,0.7291666616346572,70,35,17,87,395.0
M17.31,"Unilateral post-traumatic osteoarthritis, right knee",0.49999999875,0.6666666644444444,0.5714285648979592,2,2,1,3,16.0
M17.32,"Unilateral post-traumatic osteoarthritis, left knee",0.0,0.0,0.0,0,0,4,4,13.0
M17.9,"Osteoarthritis of knee, unspecified",0.5555555549382716,0.07246376810544004,0.128205126130835,5,4,64,69,259.0
M19.011,"Primary osteoarthritis, right shoulder",0.5333333329777777,0.2857142856122449,0.37209301853975124,8,7,20,28,136.0
M19.012,"Primary osteoarthritis, left shoulder",0.6999999996499999,0.3999999998857143,0.509090904277686,14,6,21,35,139.0
M19.019,"Primary osteoarthritis, unspecified shoulder",0.4999999975,0.14285714265306124,0.22222221827160496,1,1,6,7,37.0
M19.031,"Primary osteoarthritis, right wrist",0.0,0.0,0.0,0,2,4,4,19.0
M19.032,"Primary osteoarthritis, left wrist",0.0,0.0,0.0,0,0,3,3,16.0
M19.041,"Primary osteoarthritis, right hand",0.3999999992,0.10526315783933518,0.1666666632291667,2,3,17,19,91.0
M19.042,"Primary osteoarthritis, left hand",0.3999999992,0.10526315783933518,0.1666666632291667,2,3,17,19,84.0
M19.049,"Primary osteoarthritis, unspecified hand",0.0,0.0,0.0,0,0,8,8,34.0
M19.071,"Primary osteoarthritis, right ankle and foot",0.37499999953124996,0.2727272724793388,0.31578946847645434,3,5,8,11,56.0
M19.072,"Primary osteoarthritis, left ankle and foot",0.4444444439506172,0.24999999984375,0.319999995136,4,5,12,16,53.0
M19.079,"Primary osteoarthritis, unspecified ankle and foot",0.0,0.0,0.0,0,0,2,2,11.0
M19.171,"Post-traumatic osteoarthritis, right ankle and foot",0.3333333322222222,0.4999999975,0.39999999360000005,1,2,1,2,11.0
M19.90,"Unspecified osteoarthritis, unspecified site",0.4155339805744556,0.3110465116233859,0.3557772187051352,214,301,474,688,2949.0
M19.91,"Primary osteoarthritis, unspecified site",0.0,0.0,0.0,0,0,12,12,52.0
M1A.9XX0,"Chronic gout, unspecified, without tophus (tophi)",0.0,0.0,0.0,0,0,97,97,328.0
M1A.9XX1,"Chronic gout, unspecified, with tophus (tophi)",0.37499999953124996,0.2727272724793388,0.31578946847645434,3,5,8,11,53.0
M20.11,"Hallux valgus (acquired), right foot",0.249999999375,0.4999999975,0.33333332777777785,1,3,1,2,8.0
M20.41,"Other hammer toe(s) (acquired), right foot",0.0,0.0,0.0,0,3,2,2,10.0
M20.42,"Other hammer toe(s) (acquired), left foot",0.0,0.0,0.0,0,1,2,2,10.0
M21.061,"Valgus deformity, not elsewhere classified, right knee",0.0,0.0,0.0,0,2,4,4,18.0
M21.062,"Valgus deformity, not elsewhere classified, left knee",0.0,0.0,0.0,0,0,3,3,15.0
M21.161,"Varus deformity, not elsewhere classified, right knee",0.0,0.0,0.0,0,0,2,2,9.0
M21.331,"Wrist drop, right wrist",0.0,0.0,0.0,0,2,1,1,8.0
M21.371,"Foot drop, right foot",0.5675675674141709,0.52499999986875,0.5454545403204588,21,16,19,40,163.0
M21.372,"Foot drop, left foot",0.5208333332248264,0.6097560974122546,0.5617977477136726,25,23,16,41,202.0
M21.379,"Foot drop, unspecified foot",0.0,0.0,0.0,0,3,5,5,22.0
M21.41,"Flat foot [pes planus] (acquired), right foot",0.9999999900000002,0.4999999975,0.6666666577777778,1,0,1,2,9.0
M21.42,"Flat foot [pes planus] (acquired), left foot",0.0,0.0,0.0,0,1,2,2,9.0
M24.411,"Recurrent dislocation, right shoulder",0.0,0.0,0.0,0,1,4,4,10.0
M24.412,"Recurrent dislocation, left shoulder",0.0,0.0,0.0,0,0,2,2,8.0
M24.50,"Contracture, unspecified joint",0.0,0.0,0.0,0,1,7,7,17.0
M24.541,"Contracture, right hand",0.0,0.0,0.0,0,2,7,7,9.0
M24.542,"Contracture, left hand",0.0,0.0,0.0,0,0,4,4,11.0
M24.561,"Contracture, right knee",0.0,0.0,0.0,0,0,3,3,13.0
M24.562,"Contracture, left knee",0.0,0.0,0.0,0,0,3,3,16.0
M24.572,"Contracture, left ankle",0.4999999975,0.4999999975,0.4999999925000001,1,1,1,2,9.0
M24.574,"Contracture, right foot",0.0,0.0,0.0,0,0,1,1,8.0
M24.575,"Contracture, left foot",0.0,0.0,0.0,0,2,1,1,8.0
M24.652,"Ankylosis, left hip",0.0,0.0,0.0,0,0,1,1,8.0
M24.661,"Ankylosis, right knee",0.8571428559183674,0.7499999990624999,0.7999999939555555,6,1,2,8,31.0
M24.662,"Ankylosis, left knee",0.8333333319444445,0.8333333319444445,0.8333333269444445,5,1,1,6,31.0
M25.061,"Hemarthrosis, right knee",0.6666666659259258,0.9999999983333333,0.7999999941333333,6,3,0,6,29.0
M25.062,"Hemarthrosis, left knee",0.4999999975,0.3333333322222222,0.39999999360000005,1,1,2,3,17.0
M25.412,"Effusion, left shoulder",0.4999999975,0.4999999975,0.4999999925000001,1,1,1,2,7.0
M25.421,"Effusion, right elbow",0.0,0.0,0.0,0,2,2,2,9.0
M25.422,"Effusion, left elbow",0.0,0.0,0.0,0,0,2,2,8.0
M25.432,"Effusion, left wrist",0.0,0.0,0.0,0,0,2,2,7.0
M25.451,"Effusion, right hip",0.9999999900000002,0.4999999975,0.6666666577777778,1,0,1,2,10.0
M25.452,"Effusion, left hip",0.0,0.0,0.0,0,0,2,2,8.0
M25.461,"Effusion, right knee",0.49999999949999996,0.3571428568877551,0.4166666614583334,5,5,9,14,72.0
M25.462,"Effusion, left knee",0.4444444439506172,0.28571428551020406,0.3478260818903592,4,5,10,14,68.0
M25.471,"Effusion, right ankle",0.0,0.0,0.0,0,0,3,3,13.0
M25.472,"Effusion, left ankle",0.0,0.0,0.0,0,0,5,5,10.0
M25.50,Pain in unspecified joint,0.2857142853061225,0.10526315783933518,0.1538461497928995,2,5,17,19,86.0
M25.511,Pain in right shoulder,0.4255319148030783,0.27397260270219553,0.33333332851249997,20,27,53,73,355.0
M25.512,Pain in left shoulder,0.35999999995200005,0.4153846153207101,0.38571428068469393,27,48,38,65,314.0
M25.519,Pain in unspecified shoulder,0.3333333331111111,0.249999999875,0.2857142806530613,5,10,15,20,96.0
M25.521,Pain in right elbow,0.0,0.0,0.0,0,6,6,6,28.0
M25.522,Pain in left elbow,0.3333333322222222,0.14285714265306124,0.1999999954000001,1,2,6,7,28.0
M25.531,Pain in right wrist,0.41666666631944443,0.49999999949999996,0.4545454491735537,5,7,5,10,50.0
M25.532,Pain in left wrist,0.149999999925,0.29999999969999996,0.19999999542222233,3,17,7,10,44.0
M25.541,Pain in joints of right hand,0.0,0.0,0.0,0,1,2,2,11.0
M25.542,Pain in joints of left hand,0.0,0.0,0.0,0,1,2,2,8.0
M25.551,Pain in right hip,0.3749999999479167,0.5094339621680313,0.4319999950464,27,45,26,53,267.0
M25.552,Pain in left hip,0.41379310330558855,0.239999999952,0.30379746363082843,12,17,38,50,211.0
M25.559,Pain in unspecified hip,0.3333333329629629,0.1764705881314879,0.23076922606508882,3,6,14,17,61.0
M25.561,Pain in right knee,0.3809523808919123,0.42857142849489793,0.4033613394873244,24,39,32,56,257.0
M25.562,Pain in left knee,0.444444444345679,0.377358490494838,0.4081632602561433,20,25,33,53,238.0
M25.569,Pain in unspecified knee,0.4374999997265625,0.2916666665451389,0.3499999950250001,7,9,17,24,123.0
M25.571,Pain in right ankle and joints of right foot,0.2727272724793388,0.1874999998828125,0.222222217229081,3,8,13,16,71.0
M25.572,Pain in left ankle and joints of left foot,0.124999999921875,0.14285714275510203,0.13333332826666686,2,14,12,14,66.0
M25.579,Pain in unspecified ankle and joints of unspecified foot,0.4999999975,0.3333333322222222,0.39999999360000005,1,1,2,3,13.0
M25.762,"Osteophyte, left knee",0.0,0.0,0.0,0,0,1,1,8.0
M25.78,"Osteophyte, vertebrae",0.49999999875,0.2857142853061225,0.36363635834710756,2,2,5,7,33.0
M26.4,"Malocclusion, unspecified",0.0,0.0,0.0,0,0,3,3,13.0
M26.60,"Temporomandibular joint disorder, unspecified",0.0,0.0,0.0,0,0,2,2,7.0
M26.609,"Unspecified temporomandibular joint disorder, unspecified side",0.0,0.0,0.0,0,0,4,4,16.0
M26.69,Other specified disorders of temporomandibular joint,0.0,0.0,0.0,0,0,2,2,8.0
M27.2,Inflammatory conditions of jaws,0.33333333277777777,0.24999999968749997,0.2857142804081633,2,4,6,8,39.0
M30.0,Polyarteritis nodosa,0.6666666655555555,0.7999999984,0.7272727209917357,4,2,1,5,31.0
M30.1,Polyarteritis with lung involvement [Churg-Strauss],0.39999999973333333,0.8571428559183674,0.5454545406198348,6,9,1,7,25.0
M31.0,Hypersensitivity angiitis,0.5999999988,0.37499999953124996,0.46153845609467453,3,2,5,8,26.0
M31.1,Thrombotic microangiopathy,0.5714285710204081,0.6153846149112425,0.5925925871604939,8,6,5,13,45.0
M31.30,Wegener's granulomatosis without renal involvement,0.6666666655555555,0.571428570612245,0.6153846094674558,4,2,3,7,22.0
M31.31,Wegener's granulomatosis with renal involvement,0.3333333330555555,0.9999999975,0.49999999562499997,4,8,0,4,21.0
M31.4,Aortic arch syndrome [Takayasu],0.0,0.0,0.0,0,1,1,1,19.0
M31.5,Giant cell arteritis with polymyalgia rheumatica,0.3157894735180055,0.8571428559183674,0.4615384572485207,6,13,1,7,33.0
M31.6,Other giant cell arteritis,0.6785714283290816,0.8260869561625709,0.7450980339715495,19,9,4,23,115.0
M31.7,Microscopic polyangiitis,0.4999999975,0.3333333322222222,0.39999999360000005,1,1,2,3,13.0
M32.12,Pericarditis in systemic lupus erythematosus,0.1999999996,0.249999999375,0.2222222167901236,1,4,3,4,11.0
M32.13,Lung involvement in systemic lupus erythematosus,0.0,0.0,0.0,0,0,2,2,9.0
M32.14,Glomerular disease in systemic lupus erythematosus,0.8281249998706055,0.9298245612403816,0.8760330527231747,53,11,4,57,138.0
M32.19,Other organ or system involvement in systemic lupus erythematosus,0.0,0.0,0.0,0,0,6,6,33.0
M32.8,Other forms of systemic lupus erythematosus,0.0,0.0,0.0,0,0,2,2,11.0
M32.9,"Systemic lupus erythematosus, unspecified",0.5939849623613545,0.9186046510559762,0.7214611823790164,79,54,7,86,349.0
M33.20,"Polymyositis, organ involvement unspecified",0.7499999990624999,0.9999999983333333,0.8571428510204081,6,2,0,6,30.0
M33.90,"Dermatopolymyositis, unspecified, organ involvement unspecified",0.5999999988,0.9999999966666667,0.7499999934375,3,2,0,3,12.0
M34.1,CR(E)ST syndrome,0.6896551721759809,0.9999999995,0.8163265254477301,20,9,0,20,57.0
M34.81,Systemic sclerosis with lung involvement,0.6249999992187499,0.49999999949999996,0.5555555500000001,5,3,5,10,13.0
M34.89,Other systemic sclerosis,0.0,0.0,0.0,0,1,5,5,19.0
M34.9,"Systemic sclerosis, unspecified",0.25454545449917354,0.6363636360743802,0.36363635946028,14,41,8,22,82.0
M35.00,"Sicca syndrome, unspecified",0.7608695650519849,0.8333333331349206,0.7954545402840911,35,11,7,42,247.0
M35.1,Other overlap syndromes,0.5185185183264746,0.5833333330902778,0.5490196026451365,14,13,10,24,82.0
M35.2,Behcet's disease,0.7142857132653061,0.9999999980000001,0.8333333270833335,5,2,0,5,14.0
M35.3,Polymyalgia rheumatica,0.7151162790281909,0.8913043477614996,0.7935483821057232,123,49,15,138,545.0
M35.8,Other specified systemic involvement of connective tissue,0.0,0.0,0.0,0,1,3,3,14.0
M35.9,"Systemic involvement of connective tissue, unspecified",0.3333333322222222,0.1999999996,0.24999999468750006,1,2,4,5,27.0
M40.202,"Unspecified kyphosis, cervical region",0.0,0.0,0.0,0,0,2,2,12.0
M40.204,"Unspecified kyphosis, thoracic region",0.0,0.0,0.0,0,0,3,3,11.0
M40.209,"Unspecified kyphosis, site unspecified",0.249999999375,0.08333333326388888,0.1249999960937501,1,3,11,12,58.0
M40.294,"Other kyphosis, thoracic region",0.0,0.0,0.0,0,0,1,1,8.0
M41.80,"Other forms of scoliosis, site unspecified",0.0,0.0,0.0,0,0,2,2,11.0
M41.85,"Other forms of scoliosis, thoracolumbar region",0.0,0.0,0.0,0,0,2,2,10.0
M41.86,"Other forms of scoliosis, lumbar region",0.49999999916666665,0.37499999953124996,0.4285714230612245,3,3,5,8,39.0
M41.9,"Scoliosis, unspecified",0.4301075268354723,0.5063291138599584,0.4651162740488102,40,53,39,79,295.0
M43.02,"Spondylolysis, cervical region",0.0,0.0,0.0,0,0,2,2,8.0
M43.10,"Spondylolisthesis, site unspecified",0.0,0.0,0.0,0,1,3,3,13.0
M43.12,"Spondylolisthesis, cervical region",0.0,0.0,0.0,0,0,4,4,21.0
M43.16,"Spondylolisthesis, lumbar region",0.6944444442515432,0.62499999984375,0.6578947316828254,25,11,15,40,177.0
M43.17,"Spondylolisthesis, lumbosacral region",0.3636363633057851,0.49999999937499995,0.42105262626038775,4,7,4,8,41.0
M43.6,Torticollis,0.3333333322222222,0.12499999984374999,0.18181817752066123,1,2,7,8,34.0
M45.2,Ankylosing spondylitis of cervical region,0.0,0.0,0.0,0,1,2,2,9.0
M45.9,Ankylosing spondylitis of unspecified sites in spine,0.6206896549583829,0.8181818178099173,0.7058823477585545,18,11,4,22,103.0
M46.1,"Sacroiliitis, not elsewhere classified",0.49999999937499995,0.3999999996,0.4444444390123457,4,4,6,10,49.0
M46.20,"Osteomyelitis of vertebra, site unspecified",0.0,0.0,0.0,0,0,3,3,16.0
M46.22,"Osteomyelitis of vertebra, cervical region",0.6249999992187499,0.7142857132653061,0.6666666608,5,3,2,7,35.0
M46.24,"Osteomyelitis of vertebra, thoracic region",0.5185185183264746,0.9333333327111111,0.6666666617573695,14,13,1,15,64.0
M46.25,"Osteomyelitis of vertebra, thoracolumbar region",0.9999999900000002,0.4999999975,0.6666666577777778,1,0,1,2,10.0
M46.26,"Osteomyelitis of vertebra, lumbar region",0.4090909089979339,0.6923076920414201,0.5142857094693878,18,26,8,26,127.0
M46.27,"Osteomyelitis of vertebra, lumbosacral region",0.7999999984,0.571428570612245,0.6666666606944446,4,1,3,7,34.0
M46.28,"Osteomyelitis of vertebra, sacral and sacrococcygeal region",0.46153846118343195,0.4999999995833333,0.47999999462400006,6,7,6,12,55.0
M46.36,"Infection of intervertebral disc (pyogenic), lumbar region",0.0,0.0,0.0,0,0,4,4,17.0
M46.40,"Discitis, unspecified, site unspecified",0.0,0.0,0.0,0,1,2,2,8.0
M46.42,"Discitis, unspecified, cervical region",0.3999999992,0.6666666644444444,0.49999999406250006,2,3,1,3,18.0
M46.44,"Discitis, unspecified, thoracic region",0.46153846118343195,0.8571428559183674,0.5999999948500001,6,7,1,7,30.0
M46.46,"Discitis, unspecified, lumbar region",0.41379310330558855,0.8571428565306122,0.5581395302325581,12,17,2,14,67.0
M46.47,"Discitis, unspecified, lumbosacral region",0.33333333277777777,0.3999999992,0.36363635801652905,2,4,3,5,27.0
M46.56,"Other infective spondylopathies, lumbar region",0.3333333322222222,0.3333333322222222,0.33333332722222225,1,2,2,3,12.0
M46.90,"Unspecified inflammatory spondylopathy, site unspecified",0.0,0.0,0.0,0,0,3,3,16.0
M46.92,"Unspecified inflammatory spondylopathy, cervical region",0.0,0.0,0.0,0,0,6,6,26.0
M46.96,"Unspecified inflammatory spondylopathy, lumbar region",0.0,0.0,0.0,0,0,3,3,12.0
M47.12,"Other spondylosis with myelopathy, cervical region",0.5312499998339844,0.44736842093490303,0.4857142806122449,17,15,21,38,187.0
M47.16,"Other spondylosis with myelopathy, lumbar region",0.0,0.0,0.0,0,0,2,2,8.0
M47.22,"Other spondylosis with radiculopathy, cervical region",0.0,0.0,0.0,0,1,16,16,82.0
M47.26,"Other spondylosis with radiculopathy, lumbar region",0.0,0.0,0.0,0,0,23,23,109.0
M47.27,"Other spondylosis with radiculopathy, lumbosacral region",0.0,0.0,0.0,0,0,3,3,15.0
M47.812,"Spondylosis without myelopathy or radiculopathy, cervical region",0.9999999900000002,0.02173913043005671,0.04255319105477592,1,0,45,46,194.0
M47.814,"Spondylosis without myelopathy or radiculopathy, thoracic region",0.0,0.0,0.0,0,0,1,1,8.0
M47.816,"Spondylosis without myelopathy or radiculopathy, lumbar region",0.3333333322222222,0.0322580645057232,0.05882352776816612,1,2,30,31,153.0
M47.817,"Spondylosis without myelopathy or radiculopathy, lumbosacral region",0.0,0.0,0.0,0,0,4,4,18.0
M47.819,"Spondylosis without myelopathy or radiculopathy, site unspecified",0.0,0.0,0.0,0,0,2,2,10.0
M47.892,"Other spondylosis, cervical region",0.0,0.0,0.0,0,1,59,59,212.0
M47.896,"Other spondylosis, lumbar region",0.3333333331111111,0.11904761901927437,0.17543859255155442,5,10,37,42,157.0
M47.897,"Other spondylosis, lumbosacral region",0.0,0.0,0.0,0,0,3,3,18.0
M47.9,"Spondylosis, unspecified",0.12499999984374999,0.014492753621088008,0.02597402410524554,1,7,68,69,338.0
M48.00,"Spinal stenosis, site unspecified",0.5303030302226814,0.2991452991197312,0.3825136565487176,35,31,82,117,583.0
M48.02,"Spinal stenosis, cervical region",0.5886524822277551,0.6484374999493407,0.6171003667130085,83,58,45,128,613.0
M48.03,"Spinal stenosis, cervicothoracic region",0.0,0.0,0.0,0,0,3,3,13.0
M48.04,"Spinal stenosis, thoracic region",0.2580645160457856,0.5714285710204081,0.35555555111111115,8,23,6,14,68.0
M48.05,"Spinal stenosis, thoracolumbar region",0.3333333322222222,0.249999999375,0.28571428000000004,1,2,3,4,18.0
M48.06,"Spinal stenosis, lumbar region",0.4838709676899064,0.33088235291684687,0.39301309557865033,45,48,91,136,545.0
M48.061,"Spinal stenosis, lumbar region without neurogenic claudication",0.35802469131382414,0.29896907213412693,0.325842691633001,29,52,68,97,453.0
M48.062,"Spinal stenosis, lumbar region with neurogenic claudication",0.5918367345730945,0.6041666665407986,0.5979381392071422,29,20,19,48,235.0
M48.07,"Spinal stenosis, lumbosacral region",0.559999999776,0.3999999998857143,0.46666666165000004,14,11,21,35,154.0
M48.10,"Ankylosing hyperostosis [Forestier], site unspecified",0.0,0.0,0.0,0,0,2,2,8.0
M48.32,"Traumatic spondylopathy, cervical region",0.0,0.0,0.0,0,0,2,2,10.0
M48.50XA,"Collapsed vertebra, not elsewhere classified, site unspecified, initial encounter for fracture",0.0,0.0,0.0,0,0,3,3,12.0
M48.52XA,"Collapsed vertebra, not elsewhere classified, cervical region, initial encounter for fracture",0.0,0.0,0.0,0,0,2,2,11.0
M48.54XA,"Collapsed vertebra, not elsewhere classified, thoracic region, initial encounter for fracture",0.49999999875,0.0645161290114464,0.11428571219591836,2,2,29,31,157.0
M48.54XD,"Collapsed vertebra, not elsewhere classified, thoracic region, subsequent encounter for fracture with routine healing",0.0,0.0,0.0,0,0,5,5,25.0
M48.55XA,"Collapsed vertebra, not elsewhere classified, thoracolumbar region, initial encounter for fracture",0.0,0.0,0.0,0,0,2,2,11.0
M48.56XA,"Collapsed vertebra, not elsewhere classified, lumbar region, initial encounter for fracture",0.19999999993333334,0.21428571420918366,0.20689654665873972,6,24,22,28,139.0
M48.56XD,"Collapsed vertebra, not elsewhere classified, lumbar region, subsequent encounter for fracture with routine healing",0.0,0.0,0.0,0,0,4,4,19.0
M48.8X2,"Other specified spondylopathies, cervical region",0.0,0.0,0.0,0,0,2,2,11.0
M48.9,"Spondylopathy, unspecified",0.0,0.0,0.0,0,0,2,2,9.0
M50.00,"Cervical disc disorder with myelopathy, unspecified cervical region",0.0,0.0,0.0,0,1,3,3,12.0
M50.01,"Cervical disc disorder with myelopathy, high cervical region",0.33333333277777777,0.18181818165289254,0.2352941128027682,2,4,9,11,46.0
M50.02,"Cervical disc disorder with myelopathy, mid-cervical region",0.0,0.0,0.0,0,0,5,5,20.0
M50.021,Cervical disc disorder at C4-C5 level with myelopathy,0.0,0.0,0.0,0,0,6,6,27.0
M50.022,Cervical disc disorder at C5-C6 level with myelopathy,0.0,0.0,0.0,0,1,8,8,35.0
M50.023,Cervical disc disorder at C6-C7 level with myelopathy,0.0,0.0,0.0,0,6,4,4,19.0
M50.11,"Cervical disc disorder with radiculopathy, high cervical region",0.0,0.0,0.0,0,0,2,2,11.0
M50.12,"Cervical disc disorder with radiculopathy, mid-cervical region",0.0,0.0,0.0,0,0,2,2,10.0
M50.121,Cervical disc disorder at C4-C5 level with radiculopathy,0.0,0.0,0.0,0,0,2,2,11.0
M50.122,Cervical disc disorder at C5-C6 level with radiculopathy,0.3333333322222222,0.16666666638888888,0.2222222172839507,1,2,5,6,31.0
M50.123,Cervical disc disorder at C6-C7 level with radiculopathy,0.4285714279591837,0.5999999988,0.4999999943055557,3,4,2,5,26.0
M50.20,"Other cervical disc displacement, unspecified cervical region",0.9999999900000002,0.249999999375,0.3999999952,1,0,3,4,16.0
M50.21,"Other cervical disc displacement, high cervical region",0.0,0.0,0.0,0,0,2,2,9.0
M50.22,"Other cervical disc displacement, mid-cervical region",0.0,0.0,0.0,0,0,3,3,15.0
M50.221,Other cervical disc displacement at C4-C5 level,0.0,0.0,0.0,0,0,2,2,7.0
M50.222,Other cervical disc displacement at C5-C6 level,0.0,0.0,0.0,0,0,3,3,12.0
M50.30,"Other cervical disc degeneration, unspecified cervical region",0.4999999975,0.05882352937716263,0.10526315590027702,1,1,16,17,85.0
M50.31,"Other cervical disc degeneration, high cervical region",0.0,0.0,0.0,0,0,3,3,12.0
M50.32,"Other cervical disc degeneration, mid-cervical region",0.0,0.0,0.0,0,0,2,2,9.0
M50.321,Other cervical disc degeneration at C4-C5 level,0.0,0.0,0.0,0,0,3,3,14.0
M50.322,Other cervical disc degeneration at C5-C6 level,0.0,0.0,0.0,0,0,6,6,20.0
M50.80,"Other cervical disc disorders, unspecified cervical region",0.0,0.0,0.0,0,0,1,1,8.0
M50.90,"Cervical disc disorder, unspecified, unspecified cervical region",0.0,0.0,0.0,0,0,3,3,14.0
M51.04,"Intervertebral disc disorders with myelopathy, thoracic region",0.16666666638888888,0.3333333322222222,0.2222222172839507,1,5,2,3,13.0
M51.06,"Intervertebral disc disorders with myelopathy, lumbar region",0.0,0.0,0.0,0,0,8,8,39.0
M51.16,"Intervertebral disc disorders with radiculopathy, lumbar region",0.6071428570344388,0.4657534245937324,0.5271317779508443,34,22,39,73,297.0
M51.17,"Intervertebral disc disorders with radiculopathy, lumbosacral region",0.5652173910586011,0.519999999792,0.5416666614496528,13,10,12,25,118.0
M51.24,"Other intervertebral disc displacement, thoracic region",0.0,0.0,0.0,0,2,3,3,18.0
M51.26,"Other intervertebral disc displacement, lumbar region",0.2857142856122449,0.2162162161577794,0.24615384117396455,8,20,29,37,177.0
M51.27,"Other intervertebral disc displacement, lumbosacral region",0.0,0.0,0.0,0,3,10,10,52.0
M51.34,"Other intervertebral disc degeneration, thoracic region",0.0,0.0,0.0,0,0,3,3,12.0
M51.36,"Other intervertebral disc degeneration, lumbar region",0.49999999986842103,0.3518518517866941,0.4130434733223063,19,19,35,54,249.0
M51.37,"Other intervertebral disc degeneration, lumbosacral region",0.0,0.0,0.0,0,0,9,9,41.0
M51.86,"Other intervertebral disc disorders, lumbar region",0.0,0.0,0.0,0,0,2,2,8.0
M51.9,"Unspecified thoracic, thoracolumbar and lumbosacral intervertebral disc disorder",0.0,0.0,0.0,0,0,3,3,15.0
M53.2X2,"Spinal instabilities, cervical region",0.0,0.0,0.0,0,0,3,3,13.0
M53.2X6,"Spinal instabilities, lumbar region",0.0,0.0,0.0,0,0,4,4,14.0
M53.3,"Sacrococcygeal disorders, not elsewhere classified",0.0,0.0,0.0,0,0,6,6,25.0
M54.10,"Radiculopathy, site unspecified",0.8333333319444445,0.20833333324652778,0.3333333299111112,5,1,19,24,79.0
M54.12,"Radiculopathy, cervical region",0.4499999998875,0.3157894736288089,0.3711340156956106,18,22,39,57,237.0
M54.14,"Radiculopathy, thoracic region",0.0,0.0,0.0,0,0,5,5,15.0
M54.16,"Radiculopathy, lumbar region",0.46551724129904876,0.31395348833558684,0.3749999951369599,27,31,59,86,419.0
M54.17,"Radiculopathy, lumbosacral region",0.8181818174380164,0.1836734693502707,0.29999999690555557,9,2,40,49,95.0
M54.18,"Radiculopathy, sacral and sacrococcygeal region",0.0,0.0,0.0,0,0,3,3,9.0
M54.2,Cervicalgia,0.49019607838331414,0.3875968991947599,0.43290042793126066,50,52,79,129,525.0
M54.30,"Sciatica, unspecified side",0.5624999996484374,0.149999999975,0.23684210187673133,9,7,51,60,292.0
M54.31,"Sciatica, right side",0.6666666659259258,0.27272727260330576,0.38709676982310093,6,3,16,22,56.0
M54.32,"Sciatica, left side",0.1999999996,0.09090909082644627,0.12499999554687513,1,4,10,11,54.0
M54.40,"Lumbago with sciatica, unspecified side",0.9999999900000002,0.05882352937716263,0.11111110993827158,1,0,16,17,61.0
M54.41,"Lumbago with sciatica, right side",0.0,0.0,0.0,0,0,6,6,32.0
M54.42,"Lumbago with sciatica, left side",0.0,0.0,0.0,0,0,4,4,20.0
M54.5,Low back pain,0.45088161207932287,0.46614583332119414,0.45838667872844335,179,218,205,384,1728.0
M54.6,Pain in thoracic spine,0.1999999996,0.14285714265306124,0.16666666152777793,1,4,6,7,33.0
M54.81,Occipital neuralgia,0.5624999996484374,0.8181818174380164,0.6666666613443073,9,7,2,11,55.0
M54.89,Other dorsalgia,0.4999999975,0.045454545433884296,0.08333333173611113,1,1,21,22,110.0
M54.9,"Dorsalgia, unspecified",0.5187713310403149,0.35849056602928087,0.4239888375539644,152,141,272,424,1839.0
M60.051,"Infective myositis, right thigh",0.249999999375,0.4999999975,0.33333332777777785,1,3,1,2,13.0
M60.052,"Infective myositis, left thigh",0.0,0.0,0.0,0,0,2,2,9.0
M60.08,"Infective myositis, other site",0.14285714275510203,0.14285714275510203,0.14285713775510223,2,12,12,14,50.0
M60.80,"Other myositis, unspecified site",0.0,0.0,0.0,0,0,2,2,10.0
M60.88,"Other myositis, other site",0.9999999900000002,0.4999999975,0.6666666577777778,1,0,1,2,10.0
M60.9,"Myositis, unspecified",0.39999999973333333,0.46153846118343195,0.4285714232908164,6,9,7,13,61.0
M62.08,"Separation of muscle (nontraumatic), other site",0.0,0.0,0.0,0,3,5,5,22.0
M62.461,"Contracture of muscle, right lower leg",0.0,0.0,0.0,0,1,1,1,8.0
M62.50,"Muscle wasting and atrophy, not elsewhere classified, unspecified site",0.0,0.0,0.0,0,0,3,3,15.0
M62.561,"Muscle wasting and atrophy, not elsewhere classified, right lower leg",0.0,0.0,0.0,0,0,2,2,8.0
M62.562,"Muscle wasting and atrophy, not elsewhere classified, left lower leg",0.0,0.0,0.0,0,0,2,2,8.0
M62.58,"Muscle wasting and atrophy, not elsewhere classified, other site",0.0,0.0,0.0,0,0,2,2,10.0
M62.81,Muscle weakness (generalized),0.4999999975,0.04347826085066162,0.079999998464,1,1,22,23,116.0
M62.82,Rhabdomyolysis,0.7560975608834027,0.7294117646200693,0.7425149649725699,62,20,23,85,416.0
M62.830,Muscle spasm of back,0.4374999997265625,0.3181818180371901,0.3684210475623269,7,9,15,22,86.0
M62.838,Other muscle spasm,0.4130434781710775,0.44186046501352083,0.4269662870445651,19,27,24,43,208.0
M62.84,Sarcopenia,0.0,0.0,0.0,0,1,4,4,21.0
M62.89,Other specified disorders of muscle,0.0,0.0,0.0,0,0,6,6,30.0
M65.141,"Other infective (teno)synovitis, right hand",0.249999999375,0.3333333322222222,0.28571428000000004,1,3,2,3,14.0
M65.142,"Other infective (teno)synovitis, left hand",0.0,0.0,0.0,0,1,3,3,18.0
M65.4,Radial styloid tenosynovitis [de Quervain],0.0,0.0,0.0,0,1,3,3,12.0
M65.811,"Other synovitis and tenosynovitis, right shoulder",0.0,0.0,0.0,0,0,2,2,9.0
M65.841,"Other synovitis and tenosynovitis, right hand",0.0,0.0,0.0,0,1,4,4,19.0
M65.842,"Other synovitis and tenosynovitis, left hand",0.9999999966666667,0.5999999988,0.7499999934375,3,0,2,5,22.0
M65.861,"Other synovitis and tenosynovitis, right lower leg",0.0,0.0,0.0,0,0,2,2,12.0
M65.862,"Other synovitis and tenosynovitis, left lower leg",0.0,0.0,0.0,0,2,2,2,8.0
M65.871,"Other synovitis and tenosynovitis, right ankle and foot",0.0,0.0,0.0,0,0,2,2,8.0
M65.9,"Synovitis and tenosynovitis, unspecified",0.0,0.0,0.0,0,5,9,9,45.0
M66.0,Rupture of popliteal cyst,0.49999999875,0.999999995,0.6666666600000001,2,2,0,2,9.0
M67.01,"Short Achilles tendon (acquired), right ankle",0.0,0.0,0.0,0,0,2,2,8.0
M70.21,"Olecranon bursitis, right elbow",0.999999995,0.6666666644444444,0.799999992,2,0,1,3,13.0
M70.22,"Olecranon bursitis, left elbow",0.6666666644444444,0.999999995,0.799999992,2,1,0,2,9.0
M70.42,"Prepatellar bursitis, left knee",0.0,0.0,0.0,0,0,1,1,8.0
M70.60,"Trochanteric bursitis, unspecified hip",0.0,0.0,0.0,0,0,1,1,8.0
M70.61,"Trochanteric bursitis, right hip",0.7499999981250001,0.5999999988,0.6666666602469137,3,1,2,5,19.0
M70.62,"Trochanteric bursitis, left hip",0.29999999969999996,0.5999999988,0.39999999502222217,3,7,2,5,21.0
M70.71,"Other bursitis of hip, right hip",0.0,0.0,0.0,0,0,2,2,9.0
M70.72,"Other bursitis of hip, left hip",0.4999999975,0.4999999975,0.4999999925000001,1,1,1,2,8.0
M71.122,"Other infective bursitis, left elbow",0.4999999975,0.9999999900000002,0.6666666577777778,1,1,0,1,8.0
M71.21,"Synovial cyst of popliteal space [Baker], right knee",0.4444444439506172,0.6666666655555555,0.5333333278222222,4,5,2,6,22.0
M71.22,"Synovial cyst of popliteal space [Baker], left knee",0.07142857137755101,0.16666666638888888,0.09999999570000016,1,13,5,6,28.0
M71.38,"Other bursal cyst, other site",0.4285714279591837,0.37499999953124996,0.3999999944888889,3,4,5,8,34.0
M71.9,"Bursopathy, unspecified",0.9999999900000002,0.249999999375,0.3999999952,1,0,3,4,18.0
M72.0,Palmar fascial fibromatosis [Dupuytren],0.24999999968749997,0.1999999998,0.22222221703703712,2,6,8,10,30.0
M72.2,Plantar fascial fibromatosis,0.1999999998,0.2857142853061225,0.23529411252595167,2,8,5,7,36.0
M72.6,Necrotizing fasciitis,0.4666666665111111,0.777777777345679,0.5833333284027777,14,16,4,18,86.0
M75.01,Adhesive capsulitis of right shoulder,0.0,0.0,0.0,0,1,8,8,30.0
M75.02,Adhesive capsulitis of left shoulder,0.16666666638888888,0.16666666638888888,0.16666666138888903,1,5,5,6,26.0
M75.100,"Unspecified rotator cuff tear or rupture of unspecified shoulder, not specified as traumatic",0.0,0.0,0.0,0,0,2,2,12.0
M75.101,"Unspecified rotator cuff tear or rupture of right shoulder, not specified as traumatic",0.3333333322222222,0.08333333326388888,0.1333333299555556,1,2,11,12,44.0
M75.102,"Unspecified rotator cuff tear or rupture of left shoulder, not specified as traumatic",0.6666666644444444,0.24999999968749997,0.36363635900826446,2,1,6,8,40.0
M75.21,"Bicipital tendinitis, right shoulder",0.0,0.0,0.0,0,0,3,3,12.0
M75.22,"Bicipital tendinitis, left shoulder",0.0,0.0,0.0,0,0,3,3,11.0
M75.41,Impingement syndrome of right shoulder,0.0,0.0,0.0,0,0,4,4,12.0
M75.42,Impingement syndrome of left shoulder,0.0,0.0,0.0,0,0,1,1,7.0
M75.51,Bursitis of right shoulder,0.0,0.0,0.0,0,0,2,2,11.0
M75.52,Bursitis of left shoulder,0.0,0.0,0.0,0,0,2,2,7.0
M76.61,"Achilles tendinitis, right leg",0.0,0.0,0.0,0,0,1,1,8.0
M77.31,"Calcaneal spur, right foot",0.0,0.0,0.0,0,0,1,1,8.0
M77.9,"Enthesopathy, unspecified",0.0,0.0,0.0,0,1,6,6,19.0
M79.1,Myalgia,0.31249999990234373,0.23809523803854873,0.27027026528853176,10,22,32,42,183.0
M79.10,"Myalgia, unspecified site",0.0,0.0,0.0,0,2,11,11,51.0
M79.18,"Myalgia, other site",0.0,0.0,0.0,0,0,7,7,36.0
M79.2,"Neuralgia and neuritis, unspecified",0.49999999875,0.14285714275510203,0.22222221851851853,2,2,12,14,69.0
M79.3,"Panniculitis, unspecified",0.3636363633057851,0.6666666655555555,0.47058823017301044,4,7,2,6,30.0
M79.5,Residual foreign body in soft tissue,0.0,0.0,0.0,0,7,5,5,23.0
M79.601,Pain in right arm,0.24999999968749997,0.2222222219753086,0.23529411238754333,2,6,7,9,44.0
M79.602,Pain in left arm,0.45454545413223135,0.3571428568877551,0.39999999475200004,5,6,9,14,68.0
M79.604,Pain in right leg,0.3999999996,0.0952380952154195,0.15384615068047341,4,6,38,42,157.0
M79.605,Pain in left leg,0.2777777776234568,0.13157894733379502,0.17857142414540828,5,13,33,38,175.0
M79.606,"Pain in leg, unspecified",0.9999999900000002,0.04347826085066162,0.08333333246527778,1,0,22,23,83.0
M79.621,Pain in right upper arm,0.0,0.0,0.0,0,0,2,2,8.0
M79.622,Pain in left upper arm,0.0,0.0,0.0,0,0,3,3,13.0
M79.632,Pain in left forearm,0.0,0.0,0.0,0,0,2,2,8.0
M79.641,Pain in right hand,0.0,0.0,0.0,0,1,6,6,27.0
M79.642,Pain in left hand,0.0,0.0,0.0,0,1,5,5,25.0
M79.651,Pain in right thigh,0.249999999375,0.14285714265306124,0.1818181768595043,1,3,6,7,35.0
M79.652,Pain in left thigh,0.29999999969999996,0.29999999969999996,0.29999999470000005,3,7,7,10,44.0
M79.661,Pain in right lower leg,0.34999999982499996,0.26923076912721894,0.30434782103969754,7,13,19,26,131.0
M79.662,Pain in left lower leg,0.3043478259546314,0.2592592591632373,0.27999999492000005,7,16,20,27,132.0
M79.669,Pain in unspecified lower leg,0.0,0.0,0.0,0,0,3,3,12.0
M79.671,Pain in right foot,0.1999999998,0.1111111110493827,0.14285713816326545,2,8,16,18,93.0
M79.672,Pain in left foot,0.3684210524376731,0.3684210524376731,0.3684210474376731,7,12,12,19,73.0
M79.673,Pain in unspecified foot,0.0,0.0,0.0,0,0,9,9,18.0
M79.674,Pain in right toe(s),0.4999999975,0.3333333322222222,0.39999999360000005,1,1,2,3,12.0
M79.675,Pain in left toe(s),0.4999999975,0.3333333322222222,0.39999999360000005,1,1,2,3,12.0
M79.7,Fibromyalgia,0.6893491124056406,0.8694029850421864,0.7689768927311049,233,105,35,268,1339.0
M79.81,Nontraumatic hematoma of soft tissue,0.5961538460392012,0.543859649027393,0.5688073343556941,31,21,26,57,274.0
M79.89,Other specified soft tissue disorders,0.35294117640138406,0.22499999997187503,0.2748091555084203,18,33,62,80,399.0
M79.A21,Nontraumatic compartment syndrome of right lower extremity,0.0,0.0,0.0,0,0,3,3,16.0
M79.A22,Nontraumatic compartment syndrome of left lower extremity,0.9999999966666667,0.5999999988,0.7499999934375,3,0,2,5,16.0
M79.A3,Nontraumatic compartment syndrome of abdomen,0.7499999981250001,0.4285714279591837,0.5454545398347109,3,1,4,7,36.0
M80.00XA,"Age-related osteoporosis with current pathological fracture, unspecified site, initial encounter for fracture",0.0,0.0,0.0,0,0,2,2,8.0
M80.052A,"Age-related osteoporosis with current pathological fracture, left femur, initial encounter for fracture",0.0,0.0,0.0,0,0,1,1,8.0
M80.08XA,"Age-related osteoporosis with current pathological fracture, vertebra(e), initial encounter for fracture",0.0,0.0,0.0,0,0,10,10,51.0
M80.08XD,"Age-related osteoporosis with current pathological fracture, vertebra(e), subsequent encounter for fracture with routine healing",0.0,0.0,0.0,0,0,2,2,11.0
M80.88XA,"Other osteoporosis with current pathological fracture, vertebra(e), initial encounter for fracture",0.4999999975,0.05882352937716263,0.10526315590027702,1,1,16,17,84.0
M80.88XD,"Other osteoporosis with current pathological fracture, vertebra(e), subsequent encounter for fracture with routine healing",0.0,0.0,0.0,0,0,1,1,8.0
M81.0,Age-related osteoporosis without current pathological fracture,0.6293007769075549,0.7651821862244914,0.6906211887053236,567,334,174,741,3642.0
M81.8,Other osteoporosis without current pathological fracture,0.5555555549382716,0.2777777776234568,0.3703703656515775,5,4,13,18,76.0
M83.9,"Adult osteomalacia, unspecified",0.0,0.0,0.0,0,0,2,2,12.0
M84.451A,"Pathological fracture, right femur, initial encounter for fracture",0.0,0.0,0.0,0,0,2,2,11.0
M84.452A,"Pathological fracture, left femur, initial encounter for fracture",0.0,0.0,0.0,0,0,3,3,14.0
M84.454A,"Pathological fracture, pelvis, initial encounter for fracture",0.0,0.0,0.0,0,1,3,3,17.0
M84.48XA,"Pathological fracture, other site, initial encounter for fracture",0.0,0.0,0.0,0,7,25,25,127.0
M84.48XD,"Pathological fracture, other site, subsequent encounter for fracture with routine healing",0.0,0.0,0.0,0,0,3,3,16.0
M84.48XS,"Pathological fracture, other site, sequela",0.0,0.0,0.0,0,0,2,2,9.0
M84.521A,"Pathological fracture in neoplastic disease, right humerus, initial encounter for fracture",0.9999999900000002,0.4999999975,0.6666666577777778,1,0,1,2,10.0
M84.550A,"Pathological fracture in neoplastic disease, pelvis, initial encounter for fracture",0.6666666644444444,0.33333333277777777,0.44444443901234576,2,1,4,6,19.0
M84.551A,"Pathological fracture in neoplastic disease, right femur, initial encounter for fracture",0.49999999875,0.49999999875,0.4999999937500001,2,2,2,4,19.0
M84.552A,"Pathological fracture in neoplastic disease, left femur, initial encounter for fracture",0.0,0.0,0.0,0,0,5,5,20.0
M84.559A,"Pathological fracture in neoplastic disease, hip, unspecified, initial encounter for fracture",0.0,0.0,0.0,0,0,4,4,7.0
M84.58XA,"Pathological fracture in neoplastic disease, other specified site, initial encounter for fracture",0.5238095237263795,0.7674418602866414,0.6226415044944821,33,30,10,43,165.0
M84.58XD,"Pathological fracture in neoplastic disease, other specified site, subsequent encounter for fracture with routine healing",0.0,0.0,0.0,0,0,2,2,11.0
M84.68XA,"Pathological fracture in other disease, other site, initial encounter for fracture",0.0,0.0,0.0,0,0,2,2,11.0
M85.80,"Other specified disorders of bone density and structure, unspecified site",0.5990566037453275,0.3907692307572071,0.47299813300639115,127,85,198,325,1219.0
M85.862,"Other specified disorders of bone density and structure, left lower leg",0.0,0.0,0.0,0,0,2,2,8.0
M85.88,"Other specified disorders of bone density and structure, other site",0.0,0.0,0.0,0,1,11,11,41.0
M85.89,"Other specified disorders of bone density and structure, multiple sites",0.0,0.0,0.0,0,0,2,2,9.0
M86.141,"Other acute osteomyelitis, right hand",0.0,0.0,0.0,0,1,1,1,8.0
M86.171,"Other acute osteomyelitis, right ankle and foot",0.35211267600674473,0.6944444442515432,0.4672897150738056,25,46,11,36,145.0
M86.172,"Other acute osteomyelitis, left ankle and foot",0.5217391302079395,0.3749999998828125,0.43636363133884304,12,11,20,32,155.0
M86.18,"Other acute osteomyelitis, other site",0.0,0.0,0.0,0,0,3,3,14.0
M86.60,"Other chronic osteomyelitis, unspecified site",0.249999999375,0.4999999975,0.33333332777777785,1,3,1,2,11.0
M86.652,"Other chronic osteomyelitis, left thigh",0.0,0.0,0.0,0,0,2,2,12.0
M86.661,"Other chronic osteomyelitis, right tibia and fibula",0.0,0.0,0.0,0,0,2,2,10.0
M86.662,"Other chronic osteomyelitis, left tibia and fibula",0.0,0.0,0.0,0,0,3,3,14.0
M86.671,"Other chronic osteomyelitis, right ankle and foot",0.29999999969999996,0.14285714278911565,0.1935483826014569,3,7,18,21,71.0
M86.672,"Other chronic osteomyelitis, left ankle and foot",0.5384615380473372,0.3888888886728395,0.45161289806451616,7,6,11,18,90.0
M86.68,"Other chronic osteomyelitis, other site",0.0,0.0,0.0,0,1,10,10,33.0
M86.8X4,"Other osteomyelitis, hand",0.9999999900000002,0.3333333322222222,0.49999999375000004,1,0,2,3,17.0
M86.8X5,"Other osteomyelitis, thigh",0.0,0.0,0.0,0,0,3,3,12.0
M86.8X6,"Other osteomyelitis, lower leg",0.0,0.0,0.0,0,3,8,8,40.0
M86.8X7,"Other osteomyelitis, ankle and foot",0.4999999975,0.019999999996,0.0384615377071006,1,1,49,50,217.0
M86.8X8,"Other osteomyelitis, other site",0.4999999975,0.05882352937716263,0.10526315590027702,1,1,16,17,82.0
M86.9,"Osteomyelitis, unspecified",0.0999999999,0.017543859646044938,0.029850743720205165,1,9,56,57,271.0
M87.151,"Osteonecrosis due to drugs, right femur",0.0,0.0,0.0,0,0,2,2,8.0
M87.352,"Other secondary osteonecrosis, left femur",0.0,0.0,0.0,0,2,2,2,11.0
M87.851,"Other osteonecrosis, right femur",0.0,0.0,0.0,0,3,9,9,39.0
M87.852,"Other osteonecrosis, left femur",0.1999999996,0.12499999984374999,0.15384614887573977,1,4,7,8,39.0
M87.88,"Other osteonecrosis, other site",0.0,0.0,0.0,0,0,2,2,12.0
M87.9,"Osteonecrosis, unspecified",0.4117647056401384,0.26923076912721894,0.32558139041644135,7,10,19,26,69.0
M88.9,Osteitis deformans of unspecified bone,0.1999999996,0.3333333322222222,0.24999999468750006,1,4,2,3,18.0
M89.772,"Major osseous defect, left ankle and foot",0.0,0.0,0.0,0,0,2,2,10.0
M89.8X0,"Other specified disorders of bone, multiple sites",0.0,0.0,0.0,0,1,2,2,8.0
M89.8X6,"Other specified disorders of bone, lower leg",0.0,0.0,0.0,0,0,2,2,9.0
M89.8X8,"Other specified disorders of bone, other site",0.0,0.0,0.0,0,0,5,5,19.0
M89.8X9,"Other specified disorders of bone, unspecified site",0.0,0.0,0.0,0,1,6,6,30.0
M89.9,"Disorder of bone, unspecified",0.1999999998,0.1111111110493827,0.14285713816326545,2,8,16,18,91.0
M90.552,"Osteonecrosis in diseases classified elsewhere, left thigh",0.0,0.0,0.0,0,0,1,1,8.0
M94.0,Chondrocostal junction syndrome [Tietze],0.5862068963495838,0.6296296293964334,0.6071428519323979,17,12,10,27,134.0
M94.1,Relapsing polychondritis,0.7777777769135802,0.8749999989062499,0.8235294058131488,7,2,1,8,39.0
M95.2,Other acquired deformity of head,0.6666666659259258,0.8571428559183674,0.749999994140625,6,3,1,7,34.0
M96.0,Pseudarthrosis after fusion or arthrodesis,0.21428571413265304,0.23076923059171597,0.22222221706447198,3,11,10,13,63.0
M96.1,"Postlaminectomy syndrome, not elsewhere classified",0.6666666644444444,0.3999999992,0.49999999406250006,2,1,3,5,22.0
M96.830,Postprocedural hemorrhage of a musculoskeletal structure following a musculoskeletal system procedure,0.0,0.0,0.0,0,4,9,9,40.0
M96.831,Postprocedural hemorrhage of a musculoskeletal structure following other procedure,0.0,0.0,0.0,0,0,4,4,21.0
M96.840,Postprocedural hematoma of a musculoskeletal structure following a musculoskeletal system procedure,0.1999999999,0.24999999984375,0.22222221716049392,4,16,12,16,73.0
M96.841,Postprocedural hematoma of a musculoskeletal structure following other procedure,0.0,0.0,0.0,0,0,8,8,23.0
M96.842,Postprocedural seroma of a musculoskeletal structure following a musculoskeletal system procedure,0.0,0.0,0.0,0,2,7,7,32.0
M96.843,Postprocedural seroma of a musculoskeletal structure following other procedure,0.0,0.0,0.0,0,5,2,2,10.0
M96.89,Other intraoperative and postprocedural complications and disorders of the musculoskeletal system,0.0,0.0,0.0,0,0,7,7,26.0
M97.01XA,"Periprosthetic fracture around internal prosthetic right hip joint, initial encounter",0.5624999996484374,0.749999999375,0.6428571375000001,9,7,3,12,59.0
M97.02XA,"Periprosthetic fracture around internal prosthetic left hip joint, initial encounter",0.631578947036011,0.8571428565306122,0.7272727219467401,12,7,2,14,56.0
M97.11XA,"Periprosthetic fracture around internal prosthetic right knee joint, initial encounter",0.0,0.0,0.0,0,2,6,6,30.0
M97.12XA,"Periprosthetic fracture around internal prosthetic left knee joint, initial encounter",0.49999999875,0.2857142853061225,0.36363635834710756,2,2,5,7,24.0
N00.8,Acute nephritic syndrome with other morphologic changes,0.0,0.0,0.0,0,0,2,2,7.0
N00.9,Acute nephritic syndrome with unspecified morphologic changes,0.0,0.0,0.0,0,0,1,1,8.0
N02.2,Recurrent and persistent hematuria with diffuse membranous glomerulonephritis,0.0,0.0,0.0,0,1,2,2,11.0
N02.8,Recurrent and persistent hematuria with other morphologic changes,0.777777777345679,0.6999999996499999,0.7368420998891966,14,4,6,20,97.0
N02.9,Recurrent and persistent hematuria with unspecified morphologic changes,0.0,0.0,0.0,0,0,8,8,42.0
N04.0,Nephrotic syndrome with minor glomerular abnormality,0.0,0.0,0.0,0,1,3,3,7.0
N04.1,Nephrotic syndrome with focal and segmental glomerular lesions,0.9999999900000002,0.3333333322222222,0.49999999375000004,1,0,2,3,9.0
N04.2,Nephrotic syndrome with diffuse membranous glomerulonephritis,0.9999999900000002,0.4999999975,0.6666666577777778,1,0,1,2,10.0
N04.9,Nephrotic syndrome with unspecified morphologic changes,0.4285714279591837,0.49999999916666665,0.4615384558579882,3,4,3,6,33.0
N05.1,Unspecified nephritic syndrome with focal and segmental glomerular lesions,0.0,0.0,0.0,0,1,3,3,13.0
N05.2,Unspecified nephritic syndrome with diffuse membranous glomerulonephritis,0.0,0.0,0.0,0,2,2,2,8.0
N05.5,Unspecified nephritic syndrome with diffuse mesangiocapillary glomerulonephritis,0.0,0.0,0.0,0,1,3,3,14.0
N05.8,Unspecified nephritic syndrome with other morphologic changes,0.3333333322222222,0.16666666638888888,0.2222222172839507,1,2,5,6,26.0
N05.9,Unspecified nephritic syndrome with unspecified morphologic changes,0.0,0.0,0.0,0,1,6,6,28.0
N08,Glomerular disorders in diseases classified elsewhere,0.0,0.0,0.0,0,1,4,4,19.0
N10,Acute pyelonephritis,0.33333333330246917,0.7346938774010828,0.45859872176234334,36,72,13,49,233.0
N11.1,Chronic obstructive pyelonephritis,0.0,0.0,0.0,0,0,4,4,13.0
N11.9,"Chronic tubulo-interstitial nephritis, unspecified",0.0,0.0,0.0,0,0,3,3,14.0
N12,"Tubulo-interstitial nephritis, not specified as acute or chronic",0.46052631572887814,0.5223880596235242,0.48951048446183193,35,41,32,67,390.0
N13.0,Hydronephrosis with ureteropelvic junction obstruction,0.3999999992,0.2857142853061225,0.33333332791666676,2,3,5,7,30.0
N13.1,"Hydronephrosis with ureteral stricture, not elsewhere classified",0.34042553184246266,0.4102564101512163,0.3720930182125473,16,31,23,39,198.0
N13.2,Hydronephrosis with renal and ureteral calculous obstruction,0.38095238092214667,0.7868852457726417,0.51336897950642,48,78,13,61,266.0
N13.30,Unspecified hydronephrosis,0.3654822334839857,0.6428571427997449,0.4660194128239126,72,125,40,112,544.0
N13.39,Other hydronephrosis,0.0,0.0,0.0,0,2,27,27,115.0
N13.4,Hydroureter,0.24999999979166665,0.37499999953124996,0.2999999949,3,9,5,8,42.0
N13.5,Crossing vessel and stricture of ureter without hydronephrosis,0.0,0.0,0.0,0,5,23,23,87.0
N13.6,Pyonephrosis,0.6410256408612754,0.35714285709183674,0.45871559165053444,25,14,45,70,261.0
N13.70,"Vesicoureteral-reflux, unspecified",0.0,0.0,0.0,0,0,3,3,12.0
N13.8,Other obstructive and reflux uropathy,0.4772727272184918,0.5999999999142858,0.5316455646178498,42,46,28,70,348.0
N13.9,"Obstructive and reflux uropathy, unspecified",0.249999999375,0.04761904759637188,0.07999999724800008,1,3,20,21,103.0
N14.0,Analgesic nephropathy,0.0,0.0,0.0,0,1,3,3,14.0
N14.1,"Nephropathy induced by other drugs, medicaments and biological substances",0.48437499992431643,0.32978723400746945,0.39240505842172735,31,33,63,94,409.0
N14.2,"Nephropathy induced by unspecified drug, medicament or biological substance",0.0,0.0,0.0,0,0,2,2,10.0
N15.1,Renal and perinephric abscess,0.3636363633057851,0.6666666655555555,0.47058823017301044,4,7,2,6,31.0
N16,Renal tubulo-interstitial disorders in diseases classified elsewhere,0.0,0.0,0.0,0,0,2,2,8.0
N17.0,Acute kidney failure with tubular necrosis,0.7174515235258323,0.6211031174911006,0.6658097636463214,259,102,158,417,1808.0
N17.8,Other acute kidney failure,0.0,0.0,0.0,0,0,24,24,104.0
N17.9,"Acute kidney failure, unspecified",0.8176658389470818,0.709230769228587,0.7595979518525043,2305,514,945,3250,14377.0
N18.1,"Chronic kidney disease, stage 1",0.6999999992999999,0.5384615380473372,0.6086956467296786,7,3,6,13,63.0
N18.2,"Chronic kidney disease, stage 2 (mild)",0.7415730336245424,0.5076923076532545,0.6027397211475991,66,23,64,130,573.0
N18.3,"Chronic kidney disease, stage 3 (moderate)",0.8868144690678318,0.6822262118430681,0.7711821361223382,760,97,354,1114,4974.0
N18.4,"Chronic kidney disease, stage 4 (severe)",0.844594594566061,0.6983240223268624,0.7645259889053484,250,46,108,358,1412.0
N18.5,"Chronic kidney disease, stage 5",0.7888888888012346,0.6893203882825903,0.7357512902832294,71,19,32,103,393.0
N18.6,End stage renal disease,0.9160104986756429,0.9232804232682106,0.919631088532099,698,64,58,756,3332.0
N18.9,"Chronic kidney disease, unspecified",0.689762796500064,0.7792665726320221,0.731788074483913,1105,497,313,1418,6296.0
N19,Unspecified kidney failure,0.0,0.0,0.0,0,0,5,5,23.0
N20.0,Calculus of kidney,0.6025641024868508,0.4272727272338843,0.4999999950916704,47,31,63,110,502.0
N20.1,Calculus of ureter,0.4285714282653061,0.3157894735180055,0.36363635853076215,6,8,13,19,97.0
N20.2,Calculus of kidney with calculus of ureter,0.9999999900000002,0.09090909082644627,0.16666666486111115,1,0,10,11,56.0
N20.9,"Urinary calculus, unspecified",0.0,0.0,0.0,0,0,2,2,10.0
N21.0,Calculus in bladder,0.8333333328703704,0.7894736837950138,0.8108108053761871,15,3,4,19,92.0
N23,Unspecified renal colic,0.0,0.0,0.0,0,0,2,2,7.0
N25.0,Renal osteodystrophy,0.7272727266115702,0.347826086805293,0.47058823064013844,8,3,15,23,35.0
N25.1,Nephrogenic diabetes insipidus,0.5999999993999999,0.9999999983333333,0.7499999943750001,6,4,0,6,27.0
N25.81,Secondary hyperparathyroidism of renal origin,0.579999999942,0.5370370369873114,0.55769230264608,58,42,50,108,476.0
N25.89,Other disorders resulting from impaired renal tubular function,0.3124999998046875,0.3571428568877551,0.3333333281333334,5,11,9,14,48.0
N26.1,Atrophy of kidney (terminal),0.29999999969999996,0.3333333329629629,0.31578946836565097,3,7,6,9,46.0
N26.9,"Renal sclerosis, unspecified",0.0,0.0,0.0,0,3,6,6,27.0
N28.0,Ischemia and infarction of kidney,0.7083333330381945,0.809523809138322,0.7555555502419753,17,7,4,21,108.0
N28.1,"Cyst of kidney, acquired",0.45070422528863324,0.4102564102038133,0.4295301962956624,32,39,46,78,295.0
N28.89,Other specified disorders of kidney and ureter,0.29999999995,0.3050847457110026,0.30252100335287063,18,42,41,59,245.0
N28.9,"Disorder of kidney and ureter, unspecified",0.34999999991249997,0.22222222218694884,0.271844655390706,14,26,49,63,263.0
N29,Other disorders of kidney and ureter in diseases classified elsewhere,0.0,0.0,0.0,0,0,2,2,10.0
N30.00,Acute cystitis without hematuria,0.719999999712,0.6923076920414201,0.7058823476662822,18,7,8,26,104.0
N30.01,Acute cystitis with hematuria,0.0,0.0,0.0,0,0,4,4,19.0
N30.10,Interstitial cystitis (chronic) without hematuria,0.666666666111111,0.7272727266115702,0.6956521683175804,8,4,3,11,55.0
N30.20,Other chronic cystitis without hematuria,0.0,0.0,0.0,0,0,3,3,13.0
N30.40,Irradiation cystitis without hematuria,0.3333333329629629,0.37499999953124996,0.3529411710726644,3,6,5,8,11.0
N30.41,Irradiation cystitis with hematuria,0.5714285710204081,0.7999999992,0.66666666125,8,6,2,10,34.0
N30.80,Other cystitis without hematuria,0.33333333277777777,0.24999999968749997,0.2857142804081633,2,4,6,8,41.0
N30.81,Other cystitis with hematuria,0.0,0.0,0.0,0,0,3,3,15.0
N30.90,"Cystitis, unspecified without hematuria",0.449999999925,0.539999999892,0.49090908586115706,27,33,23,50,229.0
N30.91,"Cystitis, unspecified with hematuria",0.0,0.0,0.0,0,0,6,6,28.0
N31.2,"Flaccid neuropathic bladder, not elsewhere classified",0.9999999980000001,0.45454545413223135,0.6249999949218751,5,0,6,11,57.0
N31.8,Other neuromuscular dysfunction of bladder,0.0,0.0,0.0,0,1,26,26,93.0
N31.9,"Neuromuscular dysfunction of bladder, unspecified",0.6582278480596058,0.7591240875358303,0.7050847407402471,104,54,33,137,578.0
N32.0,Bladder-neck obstruction,0.374999999765625,0.2857142855782313,0.3243243192403214,6,10,15,21,78.0
N32.1,Vesicointestinal fistula,0.6086956519092628,0.874999999453125,0.7179487127416174,14,9,2,16,78.0
N32.3,Diverticulum of bladder,0.2727272724793388,0.3333333329629629,0.29999999475000005,3,8,6,9,40.0
N32.81,Overactive bladder,0.6081081080259314,0.8333333331790124,0.703124995012207,45,29,9,54,268.0
N32.89,Other specified disorders of bladder,0.4999999999305556,0.4864864864207451,0.49315067986489025,36,36,38,74,300.0
N32.9,"Bladder disorder, unspecified",0.28571428551020406,0.4444444439506172,0.3478260818903592,4,10,5,9,44.0
N34.2,Other urethritis,0.0,0.0,0.0,0,0,3,3,16.0
N35.819,"Other urethral stricture, male, unspecified site",0.0,0.0,0.0,0,0,2,2,8.0
N35.9,"Urethral stricture, unspecified",0.3999999998,0.5333333329777777,0.4571428519836735,8,12,7,15,65.0
N35.919,"Unspecified urethral stricture, male, unspecified site",0.0,0.0,0.0,0,0,4,4,18.0
N36.1,Urethral diverticulum,0.9999999975,0.4444444439506172,0.6153846101775148,4,0,5,9,5.0
N36.41,Hypermobility of urethra,0.5454545449586776,0.6666666659259258,0.5999999944500001,6,5,3,9,47.0
N36.5,Urethral false passage,0.0,0.0,0.0,0,0,3,3,15.0
N36.8,Other specified disorders of urethra,0.4999999975,0.12499999984374999,0.19999999640000002,1,1,7,8,40.0
N39.0,"Urinary tract infection, site not specified",0.7687827606245267,0.8198757763924232,0.7935076595630708,1320,397,290,1610,6923.0
N39.3,Stress incontinence (female) (male),0.809523809138322,0.5483870965972945,0.6538461487795859,17,4,14,31,158.0
N39.41,Urge incontinence,0.5652173910586011,0.36111111101080245,0.44067796119505886,13,10,23,36,162.0
N39.44,Nocturnal enuresis,0.0,0.0,0.0,0,0,8,8,17.0
N39.45,Continuous leakage,0.0,0.0,0.0,0,0,2,2,9.0
N39.46,Mixed incontinence,0.0,0.0,0.0,0,1,8,8,39.0
N39.490,Overflow incontinence,0.4736842102770083,0.6428571423979591,0.5454545402387512,9,10,5,14,45.0
N39.498,Other specified urinary incontinence,0.9999999900000002,0.02499999999375,0.0487804873051755,1,0,39,40,197.0
N40.0,Benign prostatic hyperplasia without lower urinary tract symptoms,0.6929429429377407,0.83378500450918,0.7568675637120318,923,409,184,1107,5000.0
N40.1,Benign prostatic hyperplasia with lower urinary tract symptoms,0.6634146341301606,0.6281755196159775,0.645314348487819,272,138,161,433,1833.0
N40.2,Nodular prostate without lower urinary tract symptoms,0.0,0.0,0.0,0,0,2,2,7.0
N41.0,Acute prostatitis,0.6666666655555555,0.6666666655555555,0.6666666605555556,4,2,2,6,27.0
N41.1,Chronic prostatitis,0.49999999949999996,0.6249999992187499,0.5555555500000001,5,5,3,8,38.0
N41.2,Abscess of prostate,0.9999999966666667,0.9999999966666667,0.9999999916666666,3,0,0,3,16.0
N41.9,"Inflammatory disease of prostate, unspecified",0.8333333319444445,0.41666666631944443,0.5555555504938272,5,1,7,12,57.0
N43.3,"Hydrocele, unspecified",0.4285714282653061,0.5454545449586776,0.4799999946879999,6,8,5,11,57.0
N45.1,Epididymitis,0.6249999992187499,0.9999999980000001,0.7692307633136094,5,3,0,5,23.0
N45.3,Epididymo-orchitis,0.49999999949999996,0.9999999980000001,0.6666666613333334,5,5,0,5,26.0
N47.1,Phimosis,0.6666666655555555,0.49999999937499995,0.5714285657142858,4,2,4,8,36.0
N47.2,Paraphimosis,0.3999999992,0.6666666644444444,0.49999999406250006,2,3,1,3,15.0
N48.1,Balanitis,0.6666666644444444,0.6666666644444444,0.6666666594444445,2,1,1,3,13.0
N48.5,Ulcer of penis,0.0,0.0,0.0,0,4,3,3,14.0
N48.6,Induration penis plastica,0.0,0.0,0.0,0,0,4,4,18.0
N48.89,Other specified disorders of penis,0.16666666657407406,0.24999999979166665,0.19999999506666677,3,15,9,12,47.0
N49.2,Inflammatory disorders of scrotum,0.8749999989062499,0.6999999992999999,0.7777777719753087,7,1,3,10,49.0
N49.3,Fournier gangrene,0.7499999981250001,0.9999999966666667,0.8571428497959185,3,1,0,3,14.0
N50.0,Atrophy of testis,0.0,0.0,0.0,0,0,2,2,8.0
N50.1,Vascular disorders of male genital organs,0.0,0.0,0.0,0,0,2,2,8.0
N50.8,Other specified disorders of male genital organs,0.0,0.0,0.0,0,1,6,6,27.0
N50.811,Right testicular pain,0.3333333322222222,0.4999999975,0.39999999360000005,1,2,1,2,10.0
N50.82,Scrotal pain,0.3333333322222222,0.3333333322222222,0.33333332722222225,1,2,2,3,13.0
N50.89,Other specified disorders of the male genital organs,0.449999999775,0.4999999997222222,0.47368420529085875,9,11,9,18,83.0
N52.31,Erectile dysfunction following radical prostatectomy,0.16666666638888888,0.4999999975,0.24999999562500003,1,5,1,2,8.0
N52.9,"Male erectile dysfunction, unspecified",0.3195876288330322,0.4769230768497042,0.38271604453055946,31,66,34,65,323.0
N60.81,Other benign mammary dysplasias of right breast,0.1999999996,0.4999999975,0.28571428081632655,1,4,1,2,8.0
N60.82,Other benign mammary dysplasias of left breast,0.0,0.0,0.0,0,1,2,2,8.0
N60.92,Unspecified benign mammary dysplasia of left breast,0.0,0.0,0.0,0,1,2,2,9.0
N61,Inflammatory disorders of breast,0.0,0.0,0.0,0,2,4,4,17.0
N61.0,Mastitis without abscess,0.49999999937499995,0.571428570612245,0.5333333276444445,4,4,3,7,37.0
N61.1,Abscess of the breast and nipple,0.45454545413223135,0.7142857132653061,0.5555555501851852,5,6,2,7,30.0
N62,Hypertrophy of breast,0.6190476187528344,0.6842105259556787,0.6499999946875,13,8,6,19,93.0
N63,Unspecified lump in breast,0.33333333277777777,0.1999999998,0.24999999500000003,2,4,8,10,49.0
N63.0,Unspecified lump in unspecified breast,0.14285714265306124,0.16666666638888888,0.15384614863905344,1,6,5,6,28.0
N63.10,"Unspecified lump in the right breast, unspecified quadrant",0.0,0.0,0.0,0,0,2,2,9.0
N63.20,"Unspecified lump in the left breast, unspecified quadrant",0.0,0.0,0.0,0,0,3,3,10.0
N64.1,Fat necrosis of breast,0.0,0.0,0.0,0,0,2,2,11.0
N64.4,Mastodynia,0.0,0.0,0.0,0,0,4,4,14.0
N64.81,Ptosis of breast,0.4999999975,0.3333333322222222,0.39999999360000005,1,1,2,3,8.0
N64.89,Other specified disorders of breast,0.0,0.0,0.0,0,10,5,5,26.0
N65.0,Deformity of reconstructed breast,0.49999999875,0.49999999875,0.4999999937500001,2,2,2,4,19.0
N65.1,Disproportion of reconstructed breast,0.49999999875,0.999999995,0.6666666600000001,2,2,0,2,10.0
N70.11,Chronic salpingitis,0.3333333322222222,0.249999999375,0.28571428000000004,1,2,3,4,22.0
N70.91,"Salpingitis, unspecified",0.999999995,0.999999995,0.9999999900000001,2,0,0,2,8.0
N70.93,"Salpingitis and oophoritis, unspecified",0.8181818174380164,0.9999999988888888,0.8999999941499999,9,2,0,9,43.0
N71.9,"Inflammatory disease of uterus, unspecified",0.5999999993999999,0.6666666659259258,0.6315789417174515,6,4,3,9,43.0
N73.0,Acute parametritis and pelvic cellulitis,0.0,0.0,0.0,0,0,2,2,8.0
N73.6,Female pelvic peritoneal adhesions (postinfective),0.3170731706543724,0.4482758619143876,0.3714285664693878,13,28,16,29,147.0
N73.8,Other specified female pelvic inflammatory diseases,0.0,0.0,0.0,0,0,2,2,10.0
N73.9,"Female pelvic inflammatory disease, unspecified",0.549999999725,0.611111110771605,0.5789473631301939,11,9,7,18,89.0
N76.0,Acute vaginitis,0.47619047596371883,0.6666666662222221,0.5555555503858025,10,11,5,15,76.0
N76.2,Acute vulvitis,0.3999999992,0.6666666644444444,0.49999999406250006,2,3,1,3,14.0
N76.4,Abscess of vulva,0.3846153843195266,0.8333333319444445,0.5263157845983379,5,8,1,6,30.0
N80.0,Endometriosis of uterus,0.24999999991071428,0.34999999982499996,0.29166666168402783,7,21,13,20,98.0
N80.1,Endometriosis of ovary,0.999999995,0.2222222219753086,0.36363636,2,0,7,9,33.0
N80.2,Endometriosis of fallopian tube,0.0,0.0,0.0,0,1,3,3,15.0
N80.3,Endometriosis of pelvic peritoneum,0.4999999975,0.16666666638888888,0.24999999562500003,1,1,5,6,31.0
N80.5,Endometriosis of intestine,0.9999999900000002,0.4999999975,0.6666666577777778,1,0,1,2,9.0
N80.8,Other endometriosis,0.0,0.0,0.0,0,3,3,3,15.0
N80.9,"Endometriosis, unspecified",0.34883720922120065,0.6521739127599243,0.4545454498668504,15,28,8,23,94.0
N81.10,"Cystocele, unspecified",0.2857142853061225,0.24999999968749997,0.2666666613333334,2,5,6,8,40.0
N81.2,Incomplete uterovaginal prolapse,0.37499999953124996,0.4285714279591837,0.3999999944888889,3,5,4,7,33.0
N81.3,Complete uterovaginal prolapse,0.9999999900000002,0.12499999984374999,0.22222221975308643,1,0,7,8,41.0
N81.4,"Uterovaginal prolapse, unspecified",0.34999999982499996,0.6999999992999999,0.46666666191111117,7,13,3,10,48.0
N81.5,Vaginal enterocele,0.0,0.0,0.0,0,0,2,2,8.0
N81.6,Rectocele,0.6666666644444444,0.18181818165289254,0.2857142819387755,2,1,9,11,28.0
N81.89,Other female genital prolapse,0.0,0.0,0.0,0,0,2,2,12.0
N82.3,Fistula of vagina to large intestine,0.46153846118343195,0.6666666659259258,0.545454540123967,6,7,3,9,50.0
N82.4,Other female intestinal-genital tract fistulae,0.0,0.0,0.0,0,3,4,4,12.0
N83.1,Corpus luteum cyst,0.0,0.0,0.0,0,0,2,2,8.0
N83.11,Corpus luteum cyst of right ovary,0.9999999900000002,0.3333333322222222,0.49999999375000004,1,0,2,3,12.0
N83.12,Corpus luteum cyst of left ovary,0.0,0.0,0.0,0,0,2,2,8.0
N83.20,Unspecified ovarian cysts,0.16666666657407406,0.23076923059171597,0.19354838210197722,3,15,10,13,62.0
N83.201,"Unspecified ovarian cyst, right side",0.3157894735180055,0.374999999765625,0.3428571376979592,6,13,10,16,79.0
N83.202,"Unspecified ovarian cyst, left side",0.3333333331481481,0.4285714282653061,0.37499999484375,6,12,8,14,67.0
N83.209,"Unspecified ovarian cyst, unspecified side",0.0,0.0,0.0,0,0,4,4,18.0
N83.29,Other ovarian cysts,0.0,0.0,0.0,0,0,3,3,10.0
N83.291,"Other ovarian cyst, right side",0.0,0.0,0.0,0,1,5,5,23.0
N83.292,"Other ovarian cyst, left side",0.0,0.0,0.0,0,0,5,5,27.0
N83.511,Torsion of right ovary and ovarian pedicle,0.9999999966666667,0.9999999966666667,0.9999999916666666,3,0,0,3,12.0
N83.512,Torsion of left ovary and ovarian pedicle,0.999999995,0.6666666644444444,0.799999992,2,0,1,3,15.0
N83.8,"Other noninflammatory disorders of ovary, fallopian tube and broad ligament",0.9999999966666667,0.16666666657407406,0.2857142829931973,3,0,15,18,91.0
N83.9,"Noninflammatory disorder of ovary, fallopian tube and broad ligament, unspecified",0.0,0.0,0.0,0,0,6,6,29.0
N84.0,Polyp of corpus uteri,0.9999999975,0.3999999996,0.5714285665306122,4,0,6,10,48.0
N84.1,Polyp of cervix uteri,0.0,0.0,0.0,0,0,2,2,9.0
N85.02,Endometrial intraepithelial neoplasia [EIN],0.8333333319444445,0.9999999980000001,0.909090902479339,5,1,0,5,23.0
N85.4,Malposition of uterus,0.0,0.0,0.0,0,0,2,2,8.0
N85.7,Hematometra,0.0,0.0,0.0,0,1,2,2,10.0
N85.8,Other specified noninflammatory disorders of uterus,0.0,0.0,0.0,0,1,31,31,69.0
N85.9,"Noninflammatory disorder of uterus, unspecified",0.0,0.0,0.0,0,0,2,2,11.0
N87.9,"Dysplasia of cervix uteri, unspecified",0.0,0.0,0.0,0,0,2,2,10.0
N88.2,Stricture and stenosis of cervix uteri,0.0,0.0,0.0,0,0,2,2,8.0
N88.8,Other specified noninflammatory disorders of cervix uteri,0.0,0.0,0.0,0,0,3,3,10.0
N89.8,Other specified noninflammatory disorders of vagina,0.16666666638888888,0.12499999984374999,0.1428571377551022,1,5,7,8,41.0
N90.4,Leukoplakia of vulva,0.0,0.0,0.0,0,1,2,2,8.0
N90.89,Other specified noninflammatory disorders of vulva and perineum,0.0,0.0,0.0,0,0,2,2,8.0
N91.1,Secondary amenorrhea,0.4999999975,0.4999999975,0.4999999925000001,1,1,1,2,9.0
N91.2,"Amenorrhea, unspecified",0.9999999900000002,0.4999999975,0.6666666577777778,1,0,1,2,12.0
N92.0,Excessive and frequent menstruation with regular cycle,0.558139534753921,0.6315789472022161,0.5925925874653255,24,19,14,38,190.0
N92.1,Excessive and frequent menstruation with irregular cycle,0.0,0.0,0.0,0,0,3,3,18.0
N93.8,Other specified abnormal uterine and vaginal bleeding,0.24999999979166665,0.1764705881314879,0.20689654673008334,3,9,14,17,84.0
N93.9,"Abnormal uterine and vaginal bleeding, unspecified",0.4166666665798611,0.5882352939446367,0.4878048730755504,20,28,14,34,161.0
N94.6,"Dysmenorrhea, unspecified",0.571428570612245,0.3999999996,0.4705882298961938,4,3,6,10,49.0
N94.89,Other specified conditions associated with female genital organs and menstrual cycle,0.33333333277777777,0.24999999968749997,0.2857142804081633,2,4,6,8,40.0
N95.0,Postmenopausal bleeding,0.29999999985,0.5999999993999999,0.3999999952888889,6,14,4,10,44.0
N95.1,Menopausal and female climacteric states,0.33333333277777777,0.3999999992,0.36363635801652905,2,4,3,5,21.0
N95.2,Postmenopausal atrophic vaginitis,0.9999999900000002,0.07692307686390532,0.14285714132653063,1,0,12,13,30.0
N97.9,"Female infertility, unspecified",0.1999999996,0.249999999375,0.2222222167901236,1,4,3,4,20.0
N98.1,Hyperstimulation of ovaries,0.999999995,0.6666666644444444,0.799999992,2,0,1,3,15.0
N99.0,Postprocedural (acute) (chronic) kidney failure,0.0,0.0,0.0,0,2,29,29,122.0
N99.3,Prolapse of vaginal vault after hysterectomy,0.0,0.0,0.0,0,0,4,4,17.0
N99.4,Postprocedural pelvic peritoneal adhesions,0.0,0.0,0.0,0,0,1,1,8.0
N99.521,Infection of incontinent external stoma of urinary tract,0.0,0.0,0.0,0,0,5,5,26.0
N99.522,Malfunction of incontinent external stoma of urinary tract,0.24999999979166665,0.49999999916666665,0.33333332851851855,3,9,3,6,33.0
N99.528,Other complication of incontinent external stoma of urinary tract,0.0,0.0,0.0,0,0,7,7,18.0
N99.61,Intraoperative hemorrhage and hematoma of a genitourinary system organ or structure complicating a genitourinary system procedure,0.0,0.0,0.0,0,0,7,7,18.0
N99.71,Accidental puncture and laceration of a genitourinary system organ or structure during a genitourinary system procedure,0.0,0.0,0.0,0,4,6,6,30.0
N99.72,Accidental puncture and laceration of a genitourinary system organ or structure during other procedure,0.9999999900000002,0.9999999900000002,0.9999999850000002,1,0,0,1,8.0
N99.81,Other intraoperative complications of genitourinary system,0.0,0.0,0.0,0,0,2,2,9.0
N99.820,Postprocedural hemorrhage of a genitourinary system organ or structure following a genitourinary system procedure,0.2727272724793388,0.23076923059171597,0.249999994826389,3,8,10,13,64.0
N99.840,Postprocedural hematoma of a genitourinary system organ or structure following a genitourinary system procedure,0.4444444439506172,0.3999999996,0.4210526261495845,4,5,6,10,47.0
N99.842,Postprocedural seroma of a genitourinary system organ or structure following a genitourinary system procedure,0.0,0.0,0.0,0,0,2,2,8.0
N99.89,Other postprocedural complications and disorders of genitourinary system,0.0,0.0,0.0,0,1,17,17,84.0
O00.1,Tubal pregnancy,0.9999999900000002,0.4999999975,0.6666666577777778,1,0,1,2,7.0
O00.101,Right tubal pregnancy without intrauterine pregnancy,0.49999999875,0.999999995,0.6666666600000001,2,2,0,2,10.0
O02.1,Missed abortion,0.4999999975,0.3333333322222222,0.39999999360000005,1,1,2,3,15.0
O03.0,Genital tract and pelvic infection following incomplete spontaneous abortion,0.3333333322222222,0.4999999975,0.39999999360000005,1,2,1,2,11.0
O03.1,Delayed or excessive hemorrhage following incomplete spontaneous abortion,0.24999999968749997,0.6666666644444444,0.36363635900826446,2,6,1,3,13.0
O08.1,Delayed or excessive hemorrhage following ectopic and molar pregnancy,0.0,0.0,0.0,0,0,2,2,7.0
O09.212,"Supervision of pregnancy with history of pre-term labor, second trimester",0.0,0.0,0.0,0,0,2,2,7.0
O09.292,"Supervision of pregnancy with other poor reproductive or obstetric history, second trimester",0.0,0.0,0.0,0,0,1,1,8.0
O09.513,"Supervision of elderly primigravida, third trimester",0.0,0.0,0.0,0,0,7,7,18.0
O09.521,"Supervision of elderly multigravida, first trimester",0.0,0.0,0.0,0,0,5,5,13.0
O09.522,"Supervision of elderly multigravida, second trimester",0.0,0.0,0.0,0,4,9,9,23.0
O09.523,"Supervision of elderly multigravida, third trimester",0.0,0.0,0.0,0,0,12,12,59.0
O09.811,"Supervision of pregnancy resulting from assisted reproductive technology, first trimester",0.0,0.0,0.0,0,0,2,2,10.0
O09.813,"Supervision of pregnancy resulting from assisted reproductive technology, third trimester",0.0,0.0,0.0,0,0,3,3,12.0
O10.013,"Pre-existing essential hypertension complicating pregnancy, third trimester",0.0,0.0,0.0,0,0,2,2,7.0
O10.911,"Unspecified pre-existing hypertension complicating pregnancy, first trimester",0.0,0.0,0.0,0,0,3,3,10.0
O10.912,"Unspecified pre-existing hypertension complicating pregnancy, second trimester",0.0,0.0,0.0,0,0,6,6,16.0
O10.913,"Unspecified pre-existing hypertension complicating pregnancy, third trimester",0.2222222219753086,0.3999999992,0.2857142807142858,2,7,3,5,28.0
O10.92,Unspecified pre-existing hypertension complicating childbirth,0.5624999996484374,0.6923076917751478,0.6206896497978597,9,7,4,13,55.0
O10.93,Unspecified pre-existing hypertension complicating the puerperium,0.6666666644444444,0.49999999875,0.5714285648979592,2,1,2,4,18.0
O11.3,"Pre-existing hypertension with pre-eclampsia, third trimester",0.0,0.0,0.0,0,6,3,3,12.0
O11.4,"Pre-existing hypertension with pre-eclampsia, complicating childbirth",0.7272727266115702,0.8888888879012344,0.7999999942499999,8,3,1,9,48.0
O13.3,"Gestational [pregnancy-induced] hypertension without significant proteinuria, third trimester",0.8333333319444445,0.7142857132653061,0.7692307630769232,5,1,2,7,34.0
O13.4,"Gestational [pregnancy-induced] hypertension without significant proteinuria, complicating childbirth",0.249999999375,0.12499999984374999,0.16666666194444454,1,3,7,8,42.0
O13.5,"Gestational [pregnancy-induced] hypertension without significant proteinuria, complicating the puerperium",0.0,0.0,0.0,0,1,5,5,18.0
O14.03,"Mild to moderate pre-eclampsia, third trimester",0.0,0.0,0.0,0,0,2,2,9.0
O14.04,"Mild to moderate pre-eclampsia, complicating childbirth",0.0,0.0,0.0,0,2,3,3,16.0
O14.13,"Severe pre-eclampsia, third trimester",0.16666666638888888,0.249999999375,0.1999999948000001,1,5,3,4,20.0
O14.14,Severe pre-eclampsia complicating childbirth,0.470588235017301,0.5714285710204081,0.5161290269719043,8,9,6,14,48.0
O14.15,"Severe pre-eclampsia, complicating the puerperium",0.41666666649305556,0.8333333326388889,0.5555555508024692,10,14,2,12,42.0
O14.24,"HELLP syndrome, complicating childbirth",0.3333333322222222,0.4999999975,0.39999999360000005,1,2,1,2,9.0
O14.93,"Unspecified pre-eclampsia, third trimester",0.0,0.0,0.0,0,0,2,2,8.0
O14.94,"Unspecified pre-eclampsia, complicating childbirth",0.0,0.0,0.0,0,0,2,2,9.0
O16.5,"Unspecified maternal hypertension, complicating the puerperium",0.0,0.0,0.0,0,0,2,2,9.0
O21.0,Mild hyperemesis gravidarum,0.5999999993999999,0.7499999990624999,0.6666666609876544,6,4,2,8,38.0
O21.1,Hyperemesis gravidarum with metabolic disturbance,0.6666666644444444,0.6666666644444444,0.6666666594444445,2,1,1,3,15.0
O21.9,"Vomiting of pregnancy, unspecified",0.0,0.0,0.0,0,0,3,3,15.0
O23.41,"Unspecified infection of urinary tract in pregnancy, first trimester",0.0,0.0,0.0,0,0,2,2,12.0
O23.42,"Unspecified infection of urinary tract in pregnancy, second trimester",0.0,0.0,0.0,0,0,2,2,11.0
O23.43,"Unspecified infection of urinary tract in pregnancy, third trimester",0.0,0.0,0.0,0,0,2,2,10.0
O23.592,"Infection of other part of genital tract in pregnancy, second trimester",0.0,0.0,0.0,0,1,3,3,10.0
O24.011,"Pre-existing type 1 diabetes mellitus, in pregnancy, first trimester",0.0,0.0,0.0,0,0,3,3,11.0
O24.02,"Pre-existing type 1 diabetes mellitus, in childbirth",0.9999999900000002,0.249999999375,0.3999999952,1,0,3,4,13.0
O24.111,"Pre-existing type 2 diabetes mellitus, in pregnancy, first trimester",0.0,0.0,0.0,0,0,2,2,7.0
O24.113,"Pre-existing type 2 diabetes mellitus, in pregnancy, third trimester",0.0,0.0,0.0,0,0,2,2,7.0
O24.12,"Pre-existing type 2 diabetes mellitus, in childbirth",0.0,0.0,0.0,0,0,3,3,15.0
O24.410,"Gestational diabetes mellitus in pregnancy, diet controlled",0.0,0.0,0.0,0,0,2,2,8.0
O24.414,"Gestational diabetes mellitus in pregnancy, insulin controlled",0.0,0.0,0.0,0,1,2,2,11.0
O24.419,"Gestational diabetes mellitus in pregnancy, unspecified control",0.0,0.0,0.0,0,0,2,2,11.0
O24.420,"Gestational diabetes mellitus in childbirth, diet controlled",0.0,0.0,0.0,0,0,5,5,14.0
O24.424,"Gestational diabetes mellitus in childbirth, insulin controlled",0.37499999953124996,0.5999999988,0.46153845609467453,3,5,2,5,21.0
O26.53,"Maternal hypotension syndrome, third trimester",0.0,0.0,0.0,0,0,1,1,8.0
O26.613,"Liver and biliary tract disorders in pregnancy, third trimester",0.4999999975,0.4999999975,0.4999999925000001,1,1,1,2,8.0
O26.62,Liver and biliary tract disorders in childbirth,0.0,0.0,0.0,0,0,3,3,13.0
O26.833,"Pregnancy related renal disease, third trimester",0.0,0.0,0.0,0,0,3,3,16.0
O26.872,"Cervical shortening, second trimester",0.4374999997265625,0.7777777769135802,0.559999994944,7,9,2,9,35.0
O26.873,"Cervical shortening, third trimester",0.3333333322222222,0.1999999996,0.24999999468750006,1,2,4,5,24.0
O26.891,"Other specified pregnancy related conditions, first trimester",0.3333333322222222,0.1999999996,0.24999999468750006,1,2,4,5,27.0
O26.892,"Other specified pregnancy related conditions, second trimester",0.3333333329629629,0.21428571413265304,0.26086956022684316,3,6,11,14,55.0
O26.893,"Other specified pregnancy related conditions, third trimester",0.0,0.0,0.0,0,2,15,15,73.0
O30.033,"Twin pregnancy, monochorionic/diamniotic, third trimester",0.1999999996,0.4999999975,0.28571428081632655,1,4,1,2,8.0
O30.042,"Twin pregnancy, dichorionic/diamniotic, second trimester",0.5999999988,0.49999999916666665,0.5454545395041324,3,2,3,6,16.0
O30.043,"Twin pregnancy, dichorionic/diamniotic, third trimester",0.4285714282653061,0.7499999990624999,0.5454545403305785,6,8,2,8,37.0
O32.1XX0,"Maternal care for breech presentation, not applicable or unspecified",0.49999999875,0.18181818165289254,0.26666666240000003,2,2,9,11,52.0
O32.1XX1,"Maternal care for breech presentation, fetus 1",0.0,0.0,0.0,0,7,3,3,14.0
O32.1XX2,"Maternal care for breech presentation, fetus 2",0.1111111109876543,0.3333333322222222,0.16666666263888896,1,8,2,3,16.0
O32.8XX0,"Maternal care for other malpresentation of fetus, not applicable or unspecified",0.9999999900000002,0.3333333322222222,0.49999999375000004,1,0,2,3,14.0
O34.12,"Maternal care for benign tumor of corpus uteri, second trimester",0.4999999975,0.16666666638888888,0.24999999562500003,1,1,5,6,28.0
O34.13,"Maternal care for benign tumor of corpus uteri, third trimester",0.0,0.0,0.0,0,0,10,10,51.0
O34.21,Maternal care for scar from previous cesarean delivery,0.0,0.0,0.0,0,0,5,5,19.0
O34.211,Maternal care for low transverse scar from previous cesarean delivery,0.6666666655555555,0.14814814809327845,0.24242423930211202,4,2,23,27,64.0
O34.219,Maternal care for unspecified type scar from previous cesarean delivery,0.0,0.0,0.0,0,0,4,4,19.0
O34.32,"Maternal care for cervical incompetence, second trimester",0.3333333330555555,0.6666666655555555,0.4444444395061729,4,8,2,6,31.0
O34.33,"Maternal care for cervical incompetence, third trimester",0.0,0.0,0.0,0,0,2,2,9.0
O34.81,"Maternal care for other abnormalities of pelvic organs, first trimester",0.0,0.0,0.0,0,4,2,2,9.0
O34.83,"Maternal care for other abnormalities of pelvic organs, third trimester",0.0,0.0,0.0,0,0,2,2,10.0
O35.8XX0,"Maternal care for other (suspected) fetal abnormality and damage, not applicable or unspecified",0.0,0.0,0.0,0,0,3,3,16.0
O36.4XX0,"Maternal care for intrauterine death, not applicable or unspecified",0.999999995,0.6666666644444444,0.799999992,2,0,1,3,12.0
O36.5920,"Maternal care for other known or suspected poor fetal growth, second trimester, not applicable or unspecified",0.0,0.0,0.0,0,0,2,2,7.0
O36.5930,"Maternal care for other known or suspected poor fetal growth, third trimester, not applicable or unspecified",0.3999999992,0.3999999992,0.39999999420000004,2,3,3,5,22.0
O36.8130,"Decreased fetal movements, third trimester, not applicable or unspecified",0.0,0.0,0.0,0,0,5,5,25.0
O40.3XX0,"Polyhydramnios, third trimester, not applicable or unspecified",0.0,0.0,0.0,0,1,3,3,14.0
O41.03X0,"Oligohydramnios, third trimester, not applicable or unspecified",0.6666666644444444,0.999999995,0.799999992,2,1,0,2,12.0
O41.1220,"Chorioamnionitis, second trimester, not applicable or unspecified",0.6666666644444444,0.6666666644444444,0.6666666594444445,2,1,1,3,12.0
O41.1230,"Chorioamnionitis, third trimester, not applicable or unspecified",0.49999999949999996,0.5555555549382716,0.5263157839335181,5,5,4,9,40.0
O42.013,"Preterm premature rupture of membranes, onset of labor within 24 hours of rupture, third trimester",0.0,0.0,0.0,0,0,2,2,11.0
O42.02,"Full-term premature rupture of membranes, onset of labor within 24 hours of rupture",0.0,0.0,0.0,0,0,3,3,12.0
O42.112,"Preterm premature rupture of membranes, onset of labor more than 24 hours following rupture, second trimester",0.0,0.0,0.0,0,2,4,4,11.0
O42.113,"Preterm premature rupture of membranes, onset of labor more than 24 hours following rupture, third trimester",0.999999995,0.33333333277777777,0.49999999500000003,2,0,4,6,15.0
O42.912,"Preterm premature rupture of membranes, unspecified as to length of time between rupture and onset of labor, second trimester",0.9999999900000002,0.3333333322222222,0.49999999375000004,1,0,2,3,15.0
O42.913,"Preterm premature rupture of membranes, unspecified as to length of time between rupture and onset of labor, third trimester",0.0,0.0,0.0,0,1,5,5,12.0
O43.123,"Velamentous insertion of umbilical cord, third trimester",0.0,0.0,0.0,0,0,2,2,8.0
O43.213,"Placenta accreta, third trimester",0.33333333277777777,0.999999995,0.49999999500000003,2,4,0,2,9.0
O44.03,"Complete placenta previa NOS or without hemorrhage, third trimester",0.0,0.0,0.0,0,1,2,2,7.0
O44.12,"Complete placenta previa with hemorrhage, second trimester",0.15384615372781063,0.999999995,0.266666664,2,11,0,2,9.0
O44.13,"Complete placenta previa with hemorrhage, third trimester",0.29999999969999996,0.7499999981250001,0.42857142387755104,3,7,1,4,15.0
O45.92,"Premature separation of placenta, unspecified, second trimester",0.1999999996,0.249999999375,0.2222222167901236,1,4,3,4,14.0
O45.93,"Premature separation of placenta, unspecified, third trimester",0.5555555549382716,0.45454545413223135,0.49999999455000005,5,4,6,11,31.0
O46.92,"Antepartum hemorrhage, unspecified, second trimester",0.0,0.0,0.0,0,0,2,2,10.0
O46.93,"Antepartum hemorrhage, unspecified, third trimester",0.0,0.0,0.0,0,0,6,6,12.0
O47.02,"False labor before 37 completed weeks of gestation, second trimester",0.0,0.0,0.0,0,0,2,2,11.0
O47.03,"False labor before 37 completed weeks of gestation, third trimester",0.0,0.0,0.0,0,2,7,7,36.0
O48.0,Post-term pregnancy,0.0,0.0,0.0,0,2,5,5,20.0
O60.02,"Preterm labor without delivery, second trimester",0.0,0.0,0.0,0,1,2,2,11.0
O60.03,"Preterm labor without delivery, third trimester",0.4999999997222222,0.5999999996,0.5454545401652893,9,9,6,15,34.0
O60.12X0,"Preterm labor second trimester with preterm delivery second trimester, not applicable or unspecified",0.0,0.0,0.0,0,0,3,3,15.0
O60.14X0,"Preterm labor third trimester with preterm delivery third trimester, not applicable or unspecified",0.249999999375,0.12499999984374999,0.16666666194444454,1,3,7,8,37.0
O61.0,Failed medical induction of labor,0.0,0.0,0.0,0,2,3,3,14.0
O62.0,Primary inadequate contractions,0.0,0.0,0.0,0,0,2,2,11.0
O62.1,Secondary uterine inertia,0.3999999992,0.24999999968749997,0.3076923024852071,2,3,6,8,28.0
O62.2,Other uterine inertia,0.0,0.0,0.0,0,0,2,2,8.0
O67.9,"Intrapartum hemorrhage, unspecified",0.0,0.0,0.0,0,0,1,1,8.0
O69.0XX0,"Labor and delivery complicated by prolapse of cord, not applicable or unspecified",0.0,0.0,0.0,0,0,2,2,8.0
O69.1XX0,"Labor and delivery complicated by cord around neck, with compression, not applicable or unspecified",0.0,0.0,0.0,0,0,3,3,17.0
O69.81X0,"Labor and delivery complicated by cord around neck, without compression, not applicable or unspecified",0.5999999988,0.13043478255198487,0.21428571119897957,3,2,20,23,59.0
O70.0,First degree perineal laceration during delivery,0.1999999999,0.4444444439506172,0.2758620644946493,4,16,5,9,49.0
O70.1,Second degree perineal laceration during delivery,0.4736842102770083,0.449999999775,0.4615384563050625,9,10,11,20,64.0
O71.82,Other specified trauma to perineum and vulva,0.0,0.0,0.0,0,0,5,5,18.0
O72.0,Third-stage hemorrhage,0.0,0.0,0.0,0,2,2,2,11.0
O72.1,Other immediate postpartum hemorrhage,0.6874999997851562,0.7333333330888888,0.7096774141311134,22,10,8,30,104.0
O72.2,Delayed and secondary postpartum hemorrhage,0.4285714279591837,0.37499999953124996,0.3999999944888889,3,4,5,8,41.0
O72.3,Postpartum coagulation defects,0.0,0.0,0.0,0,1,4,4,19.0
O75.1,Shock during or following labor and delivery,0.249999999375,0.3333333322222222,0.28571428000000004,1,3,2,3,13.0
O75.3,Other infection during labor,0.0,0.0,0.0,0,0,3,3,16.0
O75.4,Other complications of obstetric surgery and procedures,0.1999999996,0.3333333322222222,0.24999999468750006,1,4,2,3,16.0
O75.89,Other specified complications of labor and delivery,0.0,0.0,0.0,0,1,12,12,63.0
O76,Abnormality in fetal heart rate and rhythm complicating labor and delivery,0.5121951218262939,0.552631578801939,0.5316455644928698,21,20,17,38,150.0
O77.0,Labor and delivery complicated by meconium in amniotic fluid,0.9999999900000002,0.14285714265306124,0.24999999718750004,1,0,6,7,34.0
O85,Puerperal sepsis,0.0,0.0,0.0,0,0,2,2,9.0
O86.0,Infection of obstetric surgical wound,0.3999999992,0.6666666644444444,0.49999999406250006,2,3,1,3,14.0
O86.12,Endometritis following delivery,0.5555555552469136,0.9999999989999999,0.7142857091836735,10,8,0,10,50.0
O86.20,"Urinary tract infection following delivery, unspecified",0.0,0.0,0.0,0,0,2,2,9.0
O86.4,Pyrexia of unknown origin following delivery,0.0,0.0,0.0,0,0,1,1,8.0
O90.0,Disruption of cesarean delivery wound,0.0,0.0,0.0,0,1,2,2,10.0
O90.2,Hematoma of obstetric wound,0.0,0.0,0.0,0,0,3,3,11.0
O90.3,Peripartum cardiomyopathy,0.9999999900000002,0.4999999975,0.6666666577777778,1,0,1,2,10.0
O90.4,Postpartum acute kidney failure,0.0,0.0,0.0,0,0,4,4,19.0
O90.81,Anemia of the puerperium,0.3999999996,0.24999999984375,0.3076923027218935,4,6,12,16,76.0
O90.89,"Other complications of the puerperium, not elsewhere classified",0.0,0.0,0.0,0,3,17,17,61.0
O91.22,Nonpurulent mastitis associated with the puerperium,0.49999999875,0.999999995,0.6666666600000001,2,2,0,2,10.0
O98.312,"Other infections with a predominantly sexual mode of transmission complicating pregnancy, second trimester",0.0,0.0,0.0,0,0,2,2,7.0
O98.32,Other infections with a predominantly sexual mode of transmission complicating childbirth,0.0,0.0,0.0,0,0,5,5,25.0
O98.42,Viral hepatitis complicating childbirth,0.0,0.0,0.0,0,0,2,2,11.0
O98.513,"Other viral diseases complicating pregnancy, third trimester",0.0,0.0,0.0,0,0,2,2,10.0
O98.52,Other viral diseases complicating childbirth,0.0,0.0,0.0,0,0,5,5,15.0
O98.812,"Other maternal infectious and parasitic diseases complicating pregnancy, second trimester",0.4999999975,0.3333333322222222,0.39999999360000005,1,1,2,3,15.0
O98.813,"Other maternal infectious and parasitic diseases complicating pregnancy, third trimester",0.0,0.0,0.0,0,0,2,2,7.0
O98.82,Other maternal infectious and parasitic diseases complicating childbirth,0.9999999900000002,0.4999999975,0.6666666577777778,1,0,1,2,11.0
O99.011,"Anemia complicating pregnancy, first trimester",0.0,0.0,0.0,0,3,4,4,20.0
O99.012,"Anemia complicating pregnancy, second trimester",0.3333333322222222,0.08333333326388888,0.1333333299555556,1,2,11,12,46.0
O99.013,"Anemia complicating pregnancy, third trimester",0.16666666652777776,0.13333333324444444,0.14814814310013733,2,10,13,15,50.0
O99.02,Anemia complicating childbirth,0.28571428551020406,0.18181818173553718,0.2222222173456791,4,10,18,22,107.0
O99.03,Anemia complicating the puerperium,0.0,0.0,0.0,0,0,2,2,9.0
O99.111,"Other diseases of the blood and blood-forming organs and certain disorders involving the immune mechanism complicating pregnancy, first trimester",0.0,0.0,0.0,0,0,2,2,12.0
O99.112,"Other diseases of the blood and blood-forming organs and certain disorders involving the immune mechanism complicating pregnancy, second trimester",0.0,0.0,0.0,0,3,3,3,14.0
O99.113,"Other diseases of the blood and blood-forming organs and certain disorders involving the immune mechanism complicating pregnancy, third trimester",0.0,0.0,0.0,0,0,4,4,12.0
O99.12,Other diseases of the blood and blood-forming organs and certain disorders involving the immune mechanism complicating childbirth,0.0,0.0,0.0,0,1,4,4,20.0
O99.211,"Obesity complicating pregnancy, first trimester",0.0,0.0,0.0,0,4,3,3,16.0
O99.212,"Obesity complicating pregnancy, second trimester",0.0,0.0,0.0,0,7,7,7,32.0
O99.213,"Obesity complicating pregnancy, third trimester",0.0,0.0,0.0,0,0,11,11,43.0
O99.214,Obesity complicating childbirth,0.41666666631944443,0.21739130425330813,0.285714281044898,5,7,18,23,97.0
O99.215,Obesity complicating the puerperium,0.0,0.0,0.0,0,0,4,4,17.0
O99.281,"Endocrine, nutritional and metabolic diseases complicating pregnancy, first trimester",0.0,0.0,0.0,0,4,4,4,19.0
O99.282,"Endocrine, nutritional and metabolic diseases complicating pregnancy, second trimester",0.0,0.0,0.0,0,0,7,7,30.0
O99.283,"Endocrine, nutritional and metabolic diseases complicating pregnancy, third trimester",0.0,0.0,0.0,0,0,5,5,33.0
O99.284,"Endocrine, nutritional and metabolic diseases complicating childbirth",0.1999999996,0.07142857137755101,0.10526315390581731,1,4,13,14,68.0
O99.285,"Endocrine, nutritional and metabolic diseases complicating the puerperium",0.0,0.0,0.0,0,0,7,7,36.0
O99.322,"Drug use complicating pregnancy, second trimester",0.0,0.0,0.0,0,0,2,2,12.0
O99.323,"Drug use complicating pregnancy, third trimester",0.0,0.0,0.0,0,0,3,3,10.0
O99.324,Drug use complicating childbirth,0.0,0.0,0.0,0,0,2,2,11.0
O99.331,"Smoking (tobacco) complicating pregnancy, first trimester",0.0,0.0,0.0,0,0,2,2,9.0
O99.332,"Smoking (tobacco) complicating pregnancy, second trimester",0.0,0.0,0.0,0,0,3,3,12.0
O99.333,"Smoking (tobacco) complicating pregnancy, third trimester",0.0,0.0,0.0,0,2,3,3,12.0
O99.334,Smoking (tobacco) complicating childbirth,0.0,0.0,0.0,0,0,4,4,22.0
O99.341,"Other mental disorders complicating pregnancy, first trimester",0.0,0.0,0.0,0,0,8,8,29.0
O99.342,"Other mental disorders complicating pregnancy, second trimester",0.9999999900000002,0.09090909082644627,0.16666666486111115,1,0,10,11,39.0
O99.343,"Other mental disorders complicating pregnancy, third trimester",0.9999999900000002,0.06666666662222222,0.12499999867187499,1,0,14,15,48.0
O99.344,Other mental disorders complicating childbirth,0.0,0.0,0.0,0,0,19,19,79.0
O99.345,Other mental disorders complicating the puerperium,0.0,0.0,0.0,0,0,6,6,25.0
O99.351,"Diseases of the nervous system complicating pregnancy, first trimester",0.0,0.0,0.0,0,2,2,2,9.0
O99.352,"Diseases of the nervous system complicating pregnancy, second trimester",0.0,0.0,0.0,0,1,3,3,17.0
O99.353,"Diseases of the nervous system complicating pregnancy, third trimester",0.0,0.0,0.0,0,0,5,5,23.0
O99.354,Diseases of the nervous system complicating childbirth,0.0,0.0,0.0,0,0,4,4,20.0
O99.355,Diseases of the nervous system complicating the puerperium,0.0,0.0,0.0,0,0,2,2,11.0
O99.412,"Diseases of the circulatory system complicating pregnancy, second trimester",0.0,0.0,0.0,0,0,2,2,11.0
O99.413,"Diseases of the circulatory system complicating pregnancy, third trimester",0.0,0.0,0.0,0,0,2,2,7.0
O99.42,Diseases of the circulatory system complicating childbirth,0.0,0.0,0.0,0,0,3,3,17.0
O99.43,Diseases of the circulatory system complicating the puerperium,0.0,0.0,0.0,0,0,6,6,26.0
O99.511,"Diseases of the respiratory system complicating pregnancy, first trimester",0.0,0.0,0.0,0,0,2,2,11.0
O99.512,"Diseases of the respiratory system complicating pregnancy, second trimester",0.0,0.0,0.0,0,1,8,8,37.0
O99.513,"Diseases of the respiratory system complicating pregnancy, third trimester",0.0,0.0,0.0,0,0,6,6,28.0
O99.52,Diseases of the respiratory system complicating childbirth,0.3333333322222222,0.0999999999,0.15384615005917168,1,2,9,10,44.0
O99.53,Diseases of the respiratory system complicating the puerperium,0.0,0.0,0.0,0,1,7,7,33.0
O99.611,"Diseases of the digestive system complicating pregnancy, first trimester",0.3636363633057851,0.49999999937499995,0.42105262626038775,4,7,4,8,26.0
O99.612,"Diseases of the digestive system complicating pregnancy, second trimester",0.7499999981250001,0.49999999916666665,0.5999999940000001,3,1,3,6,32.0
O99.613,"Diseases of the digestive system complicating pregnancy, third trimester",0.0,0.0,0.0,0,0,5,5,25.0
O99.62,Diseases of the digestive system complicating childbirth,0.0,0.0,0.0,0,0,11,11,41.0
O99.63,Diseases of the digestive system complicating the puerperium,0.0,0.0,0.0,0,0,5,5,25.0
O99.72,Diseases of the skin and subcutaneous tissue complicating childbirth,0.0,0.0,0.0,0,0,2,2,8.0
O99.73,Diseases of the skin and subcutaneous tissue complicating the puerperium,0.0,0.0,0.0,0,0,1,1,8.0
O99.820,Streptococcus B carrier state complicating pregnancy,0.0,0.0,0.0,0,0,4,4,20.0
O99.824,Streptococcus B carrier state complicating childbirth,0.28947368413434904,0.47826086935727785,0.3606557328890084,11,27,12,23,100.0
O99.89,"Other specified diseases and conditions complicating pregnancy, childbirth and the puerperium",0.49999999875,0.039999999992,0.07407407267489713,2,2,48,50,171.0
O9A.212,"Injury, poisoning and certain other consequences of external causes complicating pregnancy, second trimester",0.0,0.0,0.0,0,0,2,2,6.0
P27.1,Bronchopulmonary dysplasia originating in the perinatal period,0.9999999900000002,0.3333333322222222,0.49999999375000004,1,0,2,3,22.0
Q02,Microcephaly,0.6666666644444444,0.6666666644444444,0.6666666594444445,2,1,1,3,10.0
Q03.9,"Congenital hydrocephalus, unspecified",0.9999999900000002,0.4999999975,0.6666666577777778,1,0,1,2,11.0
Q04.0,Congenital malformations of corpus callosum,0.9999999900000002,0.4999999975,0.6666666577777778,1,0,1,2,7.0
Q04.6,Congenital cerebral cysts,0.0,0.0,0.0,0,1,2,2,8.0
Q04.8,Other specified congenital malformations of brain,0.1111111109876543,0.249999999375,0.15384614934911253,1,8,3,4,18.0
Q04.9,"Congenital malformation of brain, unspecified",0.0,0.0,0.0,0,2,2,2,9.0
Q05.9,"Spina bifida, unspecified",0.8076923073816568,0.9130434778638941,0.8571428518117451,21,5,2,23,35.0
Q07.00,Arnold-Chiari syndrome without spina bifida or hydrocephalus,0.0,0.0,0.0,0,0,2,2,11.0
Q13.1,Absence of iris,0.0,0.0,0.0,0,0,11,11,1.0
Q21.0,Ventricular septal defect,0.7142857132653061,0.9999999980000001,0.8333333270833335,5,2,0,5,21.0
Q21.1,Atrial septal defect,0.6062499999621094,0.7637795274989151,0.6759581831723102,97,63,30,127,584.0
Q23.0,Congenital stenosis of aortic valve,0.0,0.0,0.0,0,0,2,2,10.0
Q23.1,Congenital insufficiency of aortic valve,0.6862745097366398,0.8433734938742924,0.7567567517276844,70,32,13,83,325.0
Q24.5,Malformation of coronary vessels,0.45454545413223135,0.6249999992187499,0.5263157840443214,5,6,3,8,27.0
Q24.8,Other specified congenital malformations of heart,0.0,0.0,0.0,0,2,3,3,17.0
Q25.0,Patent ductus arteriosus,0.7499999981250001,0.7499999981250001,0.7499999931250001,3,1,1,4,14.0
Q25.1,Coarctation of aorta,0.9999999900000002,0.4999999975,0.6666666577777778,1,0,1,2,11.0
Q25.43,Congenital aneurysm of aorta,0.49999999875,0.2857142853061225,0.36363635834710756,2,2,5,7,26.0
Q26.8,Other congenital malformations of great veins,0.3333333322222222,0.4999999975,0.39999999360000005,1,2,1,2,9.0
Q27.30,"Arteriovenous malformation, site unspecified",0.0,0.0,0.0,0,0,1,1,8.0
Q27.33,Arteriovenous malformation of digestive system vessel,0.12499999984374999,0.04166666664930555,0.06249999621093772,1,7,23,24,118.0
Q27.39,"Arteriovenous malformation, other site",0.3999999992,0.3999999992,0.39999999420000004,2,3,3,5,24.0
Q27.8,Other specified congenital malformations of peripheral vascular system,0.0,0.0,0.0,0,0,4,4,18.0
Q28.2,Arteriovenous malformation of cerebral vessels,0.5476190474886621,0.8214285711352041,0.6571428521551022,23,19,5,28,115.0
Q28.3,Other malformations of cerebral vessels,0.24999999968749997,0.1999999998,0.22222221703703712,2,6,8,10,34.0
Q32.0,Congenital tracheomalacia,0.0,0.0,0.0,0,0,2,2,20.0
Q32.1,Other congenital malformations of trachea,0.0,0.0,0.0,0,0,1,1,9.0
Q32.2,Congenital bronchomalacia,0.0,0.0,0.0,0,0,3,3,16.0
Q43.0,Meckel's diverticulum (displaced) (hypertrophic),0.3333333322222222,0.4999999975,0.39999999360000005,1,2,1,2,12.0
Q43.3,Congenital malformations of intestinal fixation,0.6666666644444444,0.49999999875,0.5714285648979592,2,1,2,4,19.0
Q43.8,Other specified congenital malformations of intestine,0.9999999900000002,0.1999999996,0.33333332944444444,1,0,4,5,22.0
Q44.5,Other congenital malformations of bile ducts,0.0,0.0,0.0,0,0,4,4,5.0
Q44.6,Cystic disease of liver,0.7777777769135802,0.8749999989062499,0.8235294058131488,7,2,1,8,38.0
Q45.3,Other congenital malformations of pancreas and pancreatic duct,0.5882352937716263,0.624999999609375,0.6060606006978881,10,7,6,16,43.0
Q54.9,"Hypospadias, unspecified",0.0,0.0,0.0,0,0,1,1,8.0
Q60.0,"Renal agenesis, unilateral",0.339999999932,0.809523809138322,0.47887323513588576,17,33,4,21,75.0
Q60.3,"Renal hypoplasia, unilateral",0.4999999975,0.4999999975,0.4999999925000001,1,1,1,2,10.0
Q61.01,Congenital single renal cyst,0.0,0.0,0.0,0,0,2,2,8.0
Q61.02,Congenital multiple renal cysts,0.9999999900000002,0.16666666638888888,0.2857142824489796,1,0,5,6,28.0
Q61.2,"Polycystic kidney, adult type",0.5428571427020408,0.7916666663368055,0.6440677915656421,19,16,5,24,71.0
Q61.3,"Polycystic kidney, unspecified",0.4666666665888889,0.8235294115224914,0.5957446761068357,28,32,6,34,169.0
Q61.5,Medullary cystic kidney,0.4999999975,0.249999999375,0.33333332777777785,1,1,3,4,19.0
Q62.39,Other obstructive defects of renal pelvis and ureter,0.0,0.0,0.0,0,2,2,2,9.0
Q62.5,Duplication of ureter,0.0,0.0,0.0,0,0,2,2,7.0
Q63.1,"Lobulated, fused and horseshoe kidney",0.6666666655555555,0.7999999984,0.7272727209917357,4,2,1,5,19.0
Q63.2,Ectopic kidney,0.0,0.0,0.0,0,0,3,3,11.0
Q65.89,Other specified congenital deformities of hip,0.49999999875,0.2857142853061225,0.36363635834710756,2,2,5,7,36.0
Q66.89,Other specified congenital deformities of feet,0.0,0.0,0.0,0,0,2,2,10.0
Q67.6,Pectus excavatum,0.4999999975,0.4999999975,0.4999999925000001,1,1,1,2,7.0
Q76.49,"Other congenital malformations of spine, not associated with scoliosis",0.0,0.0,0.0,0,0,3,3,14.0
Q78.0,Osteogenesis imperfecta,0.999999995,0.6666666644444444,0.799999992,2,0,1,3,11.0
Q79.59,Other congenital malformations of abdominal wall,0.0,0.0,0.0,0,0,2,2,10.0
Q79.6,Ehlers-Danlos syndromes,0.6999999996499999,0.6999999996499999,0.69999999465,14,6,6,20,99.0
Q79.60,"Ehlers-Danlos syndrome, unspecified",0.0,0.0,0.0,0,0,2,2,8.0
Q82.2,Congenital cutaneous mastocytosis,0.30769230745562126,0.9999999975,0.4705882311418685,4,9,0,4,8.0
Q82.8,Other specified congenital malformations of skin,0.0,0.0,0.0,0,0,2,2,8.0
Q85.00,"Neurofibromatosis, unspecified",0.0,0.0,0.0,0,0,2,2,8.0
Q85.1,Tuberous sclerosis,0.0,0.0,0.0,0,1,2,2,8.0
Q85.8,"Other phakomatoses, not elsewhere classified",0.0,0.0,0.0,0,1,5,5,24.0
Q85.9,"Phakomatosis, unspecified",0.0,0.0,0.0,0,0,2,2,8.0
Q86.0,Fetal alcohol syndrome (dysmorphic),0.999999995,0.999999995,0.9999999900000001,2,0,0,2,8.0
Q87.1,Congenital malformation syndromes predominantly associated with short stature,0.9999999966666667,0.9999999966666667,0.9999999916666666,3,0,0,3,12.0
Q87.2,Congenital malformation syndromes predominantly involving limbs,0.4999999975,0.3333333322222222,0.39999999360000005,1,1,2,3,12.0
Q87.40,"Marfan's syndrome, unspecified",0.49999999964285713,0.9999999985714286,0.6666666615873016,7,7,0,7,13.0
Q87.89,"Other specified congenital malformation syndromes, not elsewhere classified",0.0,0.0,0.0,0,0,3,3,13.0
Q89.01,Asplenia (congenital),0.9999999900000002,0.3333333322222222,0.49999999375000004,1,0,2,3,15.0
Q89.8,Other specified congenital malformations,0.0,0.0,0.0,0,0,3,3,13.0
Q90.9,"Down syndrome, unspecified",0.9090909082644627,0.9090909082644627,0.9090909032644627,10,1,1,11,57.0
Q96.9,"Turner's syndrome, unspecified",0.999999995,0.6666666644444444,0.799999992,2,0,1,3,20.0
Q98.4,"Klinefelter syndrome, unspecified",0.9999999900000002,0.4999999975,0.6666666577777778,1,0,1,2,10.0
Q99.8,Other specified chromosome abnormalities,0.0,0.0,0.0,0,0,2,2,10.0
R00.0,"Tachycardia, unspecified",0.5659955257144073,0.47378277152670817,0.5158001989024079,253,194,281,534,2261.0
R00.1,"Bradycardia, unspecified",0.54999999998625,0.5670103092637369,0.5583756295047541,220,180,168,388,1880.0
R00.2,Palpitations,0.4888888887802469,0.47826086946124763,0.48351647841081996,22,23,24,46,183.0
R00.8,Other abnormalities of heart beat,0.46153846118343195,0.39999999973333333,0.4285714232908164,6,7,9,15,60.0
R01.1,"Cardiac murmur, unspecified",0.4999999996875,0.1739130434404537,0.2580645122164413,8,8,38,46,214.0
R03.0,"Elevated blood-pressure reading, without diagnosis of hypertension",0.29999999985,0.16216216211833454,0.2105263111603571,6,14,31,37,153.0
R03.1,Nonspecific low blood-pressure reading,0.0,0.0,0.0,0,0,3,3,17.0
R04.0,Epistaxis,0.7763157893715374,0.6020408162650979,0.6781609145422117,59,17,39,98,438.0
R04.1,Hemorrhage from throat,0.0,0.0,0.0,0,1,2,2,8.0
R04.2,Hemoptysis,0.5312499999667969,0.7522123893139635,0.6227106178132004,85,75,28,113,534.0
R04.89,Hemorrhage from other sites in respiratory passages,0.7142857132653061,0.3846153843195266,0.4999999949499999,5,2,8,13,60.0
R05,Cough,0.44230769227933925,0.43670886073185383,0.43949044083208244,69,87,89,158,789.0
R06.00,"Dyspnea, unspecified",0.3846153845562131,0.22935779814409563,0.28735631712577625,25,40,84,109,521.0
R06.01,Orthopnea,0.9999999900000002,0.14285714265306124,0.24999999718750004,1,0,6,7,33.0
R06.02,Shortness of breath,0.39473684200138504,0.2542372880925022,0.30927834568604534,15,23,44,59,293.0
R06.03,Acute respiratory distress,0.0,0.0,0.0,0,2,16,16,75.0
R06.09,Other forms of dyspnea,0.0,0.0,0.0,0,3,19,19,97.0
R06.1,Stridor,0.9999999900000002,0.249999999375,0.3999999952,1,0,3,4,17.0
R06.2,Wheezing,0.5999999996,0.5624999996484374,0.5806451559209158,9,6,7,16,76.0
R06.3,Periodic breathing,0.0,0.0,0.0,0,0,2,2,8.0
R06.6,Hiccough,0.5853658535157644,0.6315789472022161,0.6075949315622496,24,17,14,38,130.0
R06.81,"Apnea, not elsewhere classified",0.6666666644444444,0.16666666652777776,0.2666666631111111,2,1,10,12,47.0
R06.82,"Tachypnea, not elsewhere classified",0.9999999900000002,0.04761904759637188,0.09090908995867768,1,0,20,21,100.0
R06.83,Snoring,0.0,0.0,0.0,0,0,8,8,39.0
R06.89,Other abnormalities of breathing,0.0,0.0,0.0,0,0,29,29,143.0
R07.0,Pain in throat,0.12499999984374999,0.08333333326388888,0.09999999510000022,1,7,11,12,59.0
R07.2,Precordial pain,0.0,0.0,0.0,0,0,3,3,13.0
R07.81,Pleurodynia,0.3333333332407407,0.299999999925,0.3157894686149585,12,24,28,40,193.0
R07.89,Other chest pain,0.6117647058583622,0.5048543689157005,0.5531914843879208,156,99,153,309,1472.0
R07.9,"Chest pain, unspecified",0.2896551723938169,0.19004524886017893,0.2295081919243633,42,103,179,221,1065.0
R09.02,Hypoxemia,0.5613445378056917,0.4671328671263338,0.509923659156308,334,261,381,715,3155.0
R09.1,Pleurisy,0.26666666648888887,0.7999999984,0.39999999585,4,11,1,5,19.0
R09.2,Respiratory arrest,0.0,0.0,0.0,0,0,2,2,9.0
R09.81,Nasal congestion,0.30769230745562126,0.2222222220987654,0.25806451109261186,4,9,14,18,87.0
R09.82,Postnasal drip,0.2777777776234568,0.3333333331111111,0.30303029788797065,5,13,10,15,72.0
R09.89,Other specified symptoms and signs involving the circulatory and respiratory systems,0.0,0.0,0.0,0,0,17,17,71.0
R10.10,"Upper abdominal pain, unspecified",0.0,0.0,0.0,0,0,6,6,24.0
R10.11,Right upper quadrant pain,0.6666666663492063,0.15909090907283058,0.2568807307869708,14,7,74,88,365.0
R10.12,Left upper quadrant pain,0.49999999937499995,0.159999999936,0.2424242386042241,4,4,21,25,120.0
R10.13,Epigastric pain,0.48684210519909976,0.2983870967501301,0.3699999952510001,37,39,87,124,608.0
R10.2,Pelvic and perineal pain,0.666666666111111,0.38095238077097504,0.4848484799265381,8,4,13,21,102.0
R10.30,"Lower abdominal pain, unspecified",0.0,0.0,0.0,0,0,26,26,95.0
R10.31,Right lower quadrant pain,0.549999999725,0.19999999996363635,0.293333329344,11,9,44,55,207.0
R10.32,Left lower quadrant pain,0.7777777769135802,0.1707317072754313,0.27999999693600003,7,2,34,41,202.0
R10.33,Periumbilical pain,0.249999999375,0.1999999996,0.2222222167901236,1,3,4,5,26.0
R10.819,"Abdominal tenderness, unspecified site",0.0,0.0,0.0,0,0,2,2,11.0
R10.84,Generalized abdominal pain,0.4999999975,0.03333333332222222,0.06249999878906251,1,1,29,30,116.0
R10.9,Unspecified abdominal pain,0.47643979055097174,0.2716417910366674,0.34600759992431585,91,100,244,335,1177.0
R11.0,Nausea,0.5419354838360041,0.27906976743258904,0.3684210481279817,84,71,217,301,1415.0
R11.10,"Vomiting, unspecified",0.2352941175086505,0.07017543858417975,0.1081081045398102,4,13,53,57,243.0
R11.11,Vomiting without nausea,0.0,0.0,0.0,0,0,3,3,12.0
R11.14,Bilious vomiting,0.0,0.0,0.0,0,0,2,2,11.0
R11.2,"Nausea with vomiting, unspecified",0.5247252747108592,0.42350332593296003,0.4687116514871919,191,173,260,451,1986.0
R12,Heartburn,0.3333333322222222,0.0624999999609375,0.10526315512465378,1,2,15,16,81.0
R13.10,"Dysphagia, unspecified",0.5469924811927257,0.6062499999873698,0.5750988092310848,291,241,189,480,2272.0
R13.11,"Dysphagia, oral phase",0.0,0.0,0.0,0,0,10,10,49.0
R13.12,"Dysphagia, oropharyngeal phase",0.5466666665937778,0.32799999997376,0.4099999952715001,41,34,84,125,615.0
R13.13,"Dysphagia, pharyngeal phase",0.0,0.0,0.0,0,0,9,9,41.0
R13.14,"Dysphagia, pharyngoesophageal phase",0.3999999992,0.2222222219753086,0.2857142807142858,2,3,7,9,34.0
R13.19,Other dysphagia,0.0,0.0,0.0,0,2,27,27,122.0
R14.0,Abdominal distension (gaseous),0.37499999953124996,0.10344827582639714,0.1621621586851717,3,5,26,29,130.0
R14.1,Gas pain,0.0,0.0,0.0,0,0,4,4,21.0
R14.2,Eructation,0.0,0.0,0.0,0,0,3,3,15.0
R15.2,Fecal urgency,0.0,0.0,0.0,0,0,2,2,11.0
R15.9,Full incontinence of feces,0.4444444443827161,0.43243243237399565,0.4383561593244512,32,40,42,74,363.0
R16.0,"Hepatomegaly, not elsewhere classified",0.9999999966666667,0.23076923059171597,0.374999996484375,3,0,10,13,64.0
R16.1,"Splenomegaly, not elsewhere classified",0.4615384614497041,0.3157894736426593,0.37499999511718757,24,28,52,76,287.0
R16.2,"Hepatomegaly with splenomegaly, not elsewhere classified",0.0,0.0,0.0,0,0,5,5,14.0
R17,Unspecified jaundice,0.0,0.0,0.0,0,1,18,18,78.0
R18.0,Malignant ascites,0.617977528020452,0.8730158728772991,0.7236842055773893,55,34,8,63,317.0
R18.8,Other ascites,0.6193029490450589,0.7264150943167794,0.6685962323495177,231,142,87,318,1535.0
R19.00,"Intra-abdominal and pelvic swelling, mass and lump, unspecified site",0.3333333322222222,0.0999999999,0.15384615005917168,1,2,9,10,51.0
R19.09,"Other intra-abdominal and pelvic swelling, mass and lump",0.0,0.0,0.0,0,0,10,10,49.0
R19.4,Change in bowel habit,0.0,0.0,0.0,0,0,3,3,14.0
R19.5,Other fecal abnormalities,0.3333333330555555,0.07017543858417975,0.11594202607855501,4,8,53,57,264.0
R19.7,"Diarrhea, unspecified",0.5067698259089599,0.4525043177814766,0.47810218478829786,262,255,317,579,2646.0
R19.8,Other specified symptoms and signs involving the digestive system and abdomen,0.0,0.0,0.0,0,0,3,3,16.0
R20.0,Anesthesia of skin,0.3818181817487603,0.21212121209978574,0.2727272681000169,21,34,78,99,493.0
R20.2,Paresthesia of skin,0.3018867923958704,0.2962962962414266,0.29906541550528437,16,37,38,54,267.0
R20.3,Hyperesthesia,0.0,0.0,0.0,0,0,2,2,11.0
R20.8,Other disturbances of skin sensation,0.3333333322222222,0.045454545433884296,0.07999999782400005,1,2,21,22,109.0
R20.9,Unspecified disturbances of skin sensation,0.0,0.0,0.0,0,0,16,16,82.0
R21,Rash and other nonspecific skin eruption,0.3636363636033058,0.21978021976814394,0.2739725980249578,40,70,142,182,657.0
R22.0,"Localized swelling, mass and lump, head",0.0,0.0,0.0,0,5,11,11,57.0
R22.1,"Localized swelling, mass and lump, neck",0.9999999975,0.30769230745562126,0.4705882311418685,4,0,9,13,60.0
R22.2,"Localized swelling, mass and lump, trunk",0.4999999975,0.0999999999,0.16666666361111113,1,1,9,10,38.0
R22.31,"Localized swelling, mass and lump, right upper limb",0.0,0.0,0.0,0,0,3,3,15.0
R22.32,"Localized swelling, mass and lump, left upper limb",0.0,0.0,0.0,0,0,3,3,9.0
R22.41,"Localized swelling, mass and lump, right lower limb",0.0,0.0,0.0,0,0,3,3,11.0
R22.42,"Localized swelling, mass and lump, left lower limb",0.0,0.0,0.0,0,0,3,3,12.0
R22.9,"Localized swelling, mass and lump, unspecified",0.0,0.0,0.0,0,0,3,3,16.0
R23.0,Cyanosis,0.0,0.0,0.0,0,0,2,2,9.0
R23.1,Pallor,0.0,0.0,0.0,0,0,2,2,8.0
R23.2,Flushing,0.24999999968749997,0.2222222219753086,0.23529411238754333,2,6,7,9,42.0
R23.3,Spontaneous ecchymoses,0.571428570612245,0.49999999937499995,0.5333333276444445,4,3,4,8,41.0
R23.4,Changes in skin texture,0.0,0.0,0.0,0,1,6,6,29.0
R23.8,Other skin changes,0.41666666631944443,0.26315789459833794,0.32258064020811655,5,7,14,19,86.0
R25.1,"Tremor, unspecified",0.44186046501352083,0.3015873015394306,0.3584905611480954,19,24,44,63,283.0
R25.2,Cramp and spasm,0.46153846136094673,0.2926829267578822,0.3582089503675652,12,14,29,41,162.0
R25.3,Fasciculation,0.16666666638888888,0.16666666638888888,0.16666666138888903,1,5,5,6,30.0
R25.8,Other abnormal involuntary movements,0.0,0.0,0.0,0,2,8,8,37.0
R25.9,Unspecified abnormal involuntary movements,0.0,0.0,0.0,0,0,2,2,8.0
R26.0,Ataxic gait,0.49999999937499995,0.1290322580228928,0.20512820176199867,4,4,27,31,156.0
R26.2,"Difficulty in walking, not elsewhere classified",0.0,0.0,0.0,0,1,17,17,77.0
R26.81,Unsteadiness on feet,0.37777777769382714,0.18279569890507574,0.24637680716341112,17,28,76,93,412.0
R26.89,Other abnormalities of gait and mobility,0.06666666662222222,0.01639344262026337,0.026315786298476838,1,14,60,61,233.0
R26.9,Unspecified abnormalities of gait and mobility,0.29999999985,0.08823529410467129,0.13636363282024805,6,14,62,68,270.0
R27.0,"Ataxia, unspecified",0.4285714284183673,0.22222222218106996,0.2926829222605592,12,16,42,54,224.0
R27.8,Other lack of coordination,0.46666666635555554,0.17499999995624999,0.2545454504859504,7,8,33,40,174.0
R29.1,Meningismus,0.0,0.0,0.0,0,0,1,1,7.0
R29.2,Abnormal reflex,0.3333333322222222,0.1111111109876543,0.16666666263888896,1,2,8,9,38.0
R29.6,Repeated falls,0.3333333330555555,0.058823529403114194,0.09999999742500007,4,8,64,68,269.0
R29.700,NIHSS score 0,0.0,0.0,0.0,0,0,27,27,121.0
R29.701,NIHSS score 1,0.0,0.0,0.0,0,0,19,19,96.0
R29.702,NIHSS score 2,0.0,0.0,0.0,0,0,18,18,87.0
R29.703,NIHSS score 3,0.0,0.0,0.0,0,0,16,16,79.0
R29.704,NIHSS score 4,0.0,0.0,0.0,0,0,14,14,63.0
R29.705,NIHSS score 5,0.0,0.0,0.0,0,0,8,8,39.0
R29.706,NIHSS score 6,0.0,0.0,0.0,0,0,8,8,41.0
R29.707,NIHSS score 7,0.0,0.0,0.0,0,0,6,6,27.0
R29.708,NIHSS score 8,0.0,0.0,0.0,0,0,11,11,36.0
R29.709,NIHSS score 9,0.0,0.0,0.0,0,0,7,7,33.0
R29.710,NIHSS score 10,0.0,0.0,0.0,0,0,5,5,16.0
R29.711,NIHSS score 11,0.0,0.0,0.0,0,0,5,5,25.0
R29.712,NIHSS score 12,0.0,0.0,0.0,0,0,4,4,11.0
R29.713,NIHSS score 13,0.0,0.0,0.0,0,0,4,4,20.0
R29.714,NIHSS score 14,0.0,0.0,0.0,0,0,4,4,18.0
R29.715,NIHSS score 15,0.0,0.0,0.0,0,0,3,3,15.0
R29.716,NIHSS score 16,0.0,0.0,0.0,0,0,4,4,19.0
R29.717,NIHSS score 17,0.0,0.0,0.0,0,0,3,3,16.0
R29.718,NIHSS score 18,0.0,0.0,0.0,0,0,4,4,18.0
R29.719,NIHSS score 19,0.0,0.0,0.0,0,0,4,4,19.0
R29.720,NIHSS score 20,0.0,0.0,0.0,0,0,3,3,14.0
R29.721,NIHSS score 21,0.0,0.0,0.0,0,0,2,2,10.0
R29.722,NIHSS score 22,0.0,0.0,0.0,0,0,2,2,12.0
R29.723,NIHSS score 23,0.0,0.0,0.0,0,0,3,3,15.0
R29.725,NIHSS score 25,0.0,0.0,0.0,0,0,2,2,7.0
R29.726,NIHSS score 26,0.0,0.0,0.0,0,0,3,3,11.0
R29.729,NIHSS score 29,0.0,0.0,0.0,0,0,2,2,8.0
R29.810,Facial weakness,0.5748502993839865,0.7413127412841192,0.6475548011289667,192,142,67,259,1228.0
R29.818,Other symptoms and signs involving the nervous system,0.23076923059171597,0.3333333329629629,0.2727272676446281,3,10,6,9,48.0
R29.898,Other symptoms and signs involving the musculoskeletal system,0.0,0.0,0.0,0,0,3,3,12.0
R29.90,Unspecified symptoms and signs involving the nervous system,0.0,0.0,0.0,0,0,1,1,8.0
R30.0,Dysuria,0.5254237287245045,0.39240506324146773,0.44927535735874824,31,28,48,79,376.0
R30.9,"Painful micturition, unspecified",0.0,0.0,0.0,0,0,2,2,7.0
R31.0,Gross hematuria,0.37704918030726503,0.6831683167640428,0.48591548834035914,69,114,32,101,473.0
R31.2,Other microscopic hematuria,0.1111111109876543,0.06666666662222222,0.08333332857638914,1,8,14,15,67.0
R31.21,Asymptomatic microscopic hematuria,0.124999999921875,0.18181818165289254,0.14814814320987668,2,14,9,11,56.0
R31.29,Other microscopic hematuria,0.459999999908,0.5476190474886621,0.49999999492911157,23,27,19,42,193.0
R31.9,"Hematuria, unspecified",0.43349753692445825,0.48618784527700615,0.4583333283258735,88,115,93,181,892.0
R32,Unspecified urinary incontinence,0.5168539325552329,0.3650793650648778,0.4279069718723635,92,86,160,252,1135.0
R33.0,Drug induced retention of urine,0.34210526306786704,0.4482758619143876,0.3880596964669192,13,25,16,29,136.0
R33.8,Other retention of urine,0.6076696165012486,0.5322997415883126,0.5674931079538814,206,133,181,387,1679.0
R33.9,"Retention of urine, unspecified",0.5574468085027312,0.6277955271465209,0.5905334285173811,393,312,233,626,2996.0
R34,Anuria and oliguria,0.10526315783933518,0.022222222219753087,0.036697244821143234,2,17,88,90,370.0
R35.0,Frequency of micturition,0.4210526315050785,0.2580645161012834,0.3199999952453334,24,33,69,93,404.0
R35.1,Nocturia,0.5624999998242187,0.5454545452892562,0.5538461486769231,18,14,15,33,89.0
R35.8,Other polyuria,0.2222222219753086,0.2222222219753086,0.22222221697530875,2,7,7,9,46.0
R36.9,"Urethral discharge, unspecified",0.0,0.0,0.0,0,1,2,2,8.0
R39.11,Hesitancy of micturition,0.319999999872,0.666666666111111,0.43243242781592406,8,17,4,12,58.0
R39.12,Poor urinary stream,0.0,0.0,0.0,0,0,5,5,26.0
R39.14,Feeling of incomplete bladder emptying,0.0,0.0,0.0,0,0,10,10,41.0
R39.15,Urgency of urination,0.2962962961865569,0.24242424235078053,0.2666666616277778,8,19,25,33,142.0
R39.16,Straining to void,0.0,0.0,0.0,0,0,2,2,7.0
R39.19,Other difficulties with micturition,0.0,0.0,0.0,0,0,2,2,8.0
R39.198,Other difficulties with micturition,0.0,0.0,0.0,0,0,9,9,47.0
R39.81,Functional urinary incontinence,0.0,0.0,0.0,0,0,2,2,12.0
R39.89,Other symptoms and signs involving the genitourinary system,0.0,0.0,0.0,0,0,2,2,11.0
R40.0,Somnolence,0.3571428568877551,0.08474576269750071,0.1369862982323138,5,9,54,59,267.0
R40.20,Unspecified coma,0.0,0.0,0.0,0,2,14,14,72.0
R40.2112,"Coma scale, eyes open, never, at arrival to emergency department",0.999999995,0.10526315783933518,0.1904761885714286,2,0,17,19,93.0
R40.2113,"Coma scale, eyes open, never, at hospital admission",0.0,0.0,0.0,0,1,7,7,34.0
R40.2122,"Coma scale, eyes open, to pain, at arrival to emergency department",0.0,0.0,0.0,0,0,4,4,21.0
R40.2123,"Coma scale, eyes open, to pain, at hospital admission",0.0,0.0,0.0,0,0,2,2,9.0
R40.2132,"Coma scale, eyes open, to sound, at arrival to emergency department",0.0,0.0,0.0,0,0,13,13,60.0
R40.2133,"Coma scale, eyes open, to sound, at hospital admission",0.0,0.0,0.0,0,0,4,4,18.0
R40.2142,"Coma scale, eyes open, spontaneous, at arrival to emergency department",0.49999999949999996,0.10204081630570595,0.16949152255099112,5,5,44,49,234.0
R40.2143,"Coma scale, eyes open, spontaneous, at hospital admission",0.0,0.0,0.0,0,0,17,17,81.0
R40.2212,"Coma scale, best verbal response, none, at arrival to emergency department",0.3888888886728395,0.2916666665451389,0.333333328276644,7,11,17,24,114.0
R40.2213,"Coma scale, best verbal response, none, at hospital admission",0.0,0.0,0.0,0,1,10,10,48.0
R40.2222,"Coma scale, best verbal response, incomprehensible words, at arrival to emergency department",0.0,0.0,0.0,0,0,3,3,15.0
R40.2232,"Coma scale, best verbal response, inappropriate words, at arrival to emergency department",0.0,0.0,0.0,0,0,3,3,17.0
R40.2242,"Coma scale, best verbal response, confused conversation, at arrival to emergency department",0.0,0.0,0.0,0,0,15,15,72.0
R40.2243,"Coma scale, best verbal response, confused conversation, at hospital admission",0.0,0.0,0.0,0,0,6,6,26.0
R40.2252,"Coma scale, best verbal response, oriented, at arrival to emergency department",0.999999995,0.0499999999875,0.0952380942857143,2,0,38,40,188.0
R40.2253,"Coma scale, best verbal response, oriented, at hospital admission",0.0,0.0,0.0,0,0,12,12,63.0
R40.2312,"Coma scale, best motor response, none, at arrival to emergency department",0.0,0.0,0.0,0,0,5,5,23.0
R40.2313,"Coma scale, best motor response, none, at hospital admission",0.0,0.0,0.0,0,0,2,2,11.0
R40.2322,"Coma scale, best motor response, extension, at arrival to emergency department",0.0,0.0,0.0,0,0,1,1,8.0
R40.2342,"Coma scale, best motor response, flexion withdrawal, at arrival to emergency department",0.0,0.0,0.0,0,0,4,4,21.0
R40.2343,"Coma scale, best motor response, flexion withdrawal, at hospital admission",0.0,0.0,0.0,0,0,2,2,9.0
R40.2352,"Coma scale, best motor response, localizes pain, at arrival to emergency department",0.0,0.0,0.0,0,0,15,15,70.0
R40.2353,"Coma scale, best motor response, localizes pain, at hospital admission",0.0,0.0,0.0,0,0,4,4,20.0
R40.2362,"Coma scale, best motor response, obeys commands, at arrival to emergency department",0.470588235017301,0.1333333333111111,0.20779220429752068,8,9,52,60,279.0
R40.2363,"Coma scale, best motor response, obeys commands, at hospital admission",0.0,0.0,0.0,0,0,20,20,96.0
R40.2364,"Coma scale, best motor response, obeys commands, 24 hours or more after hospital admission",0.0,0.0,0.0,0,0,2,2,7.0
R40.2411,"Glasgow coma scale score 13-15, in the field [EMT or ambulance]",0.0,0.0,0.0,0,0,3,3,13.0
R40.2412,"Glasgow coma scale score 13-15, at arrival to emergency department",0.0,0.0,0.0,0,0,16,16,66.0
R40.2413,"Glasgow coma scale score 13-15, at hospital admission",0.0,0.0,0.0,0,0,5,5,23.0
R40.2422,"Glasgow coma scale score 9-12, at arrival to emergency department",0.0,0.0,0.0,0,0,2,2,8.0
R40.2432,"Glasgow coma scale score 3-8, at arrival to emergency department",0.0,0.0,0.0,0,0,7,7,34.0
R40.2433,"Glasgow coma scale score 3-8, at hospital admission",0.0,0.0,0.0,0,0,2,2,11.0
R40.3,Persistent vegetative state,0.999999995,0.49999999875,0.6666666600000001,2,0,2,4,17.0
R40.4,Transient alteration of awareness,0.0,0.0,0.0,0,0,7,7,27.0
R41.0,"Disorientation, unspecified",0.4022988505284714,0.14957264956625757,0.2180685318605216,35,52,199,234,1031.0
R41.3,Other amnesia,0.3157894735180055,0.12499999997395833,0.1791044734952106,6,13,42,48,239.0
R41.4,Neurologic neglect syndrome,0.6212121211179982,0.6406249998999024,0.6307692256733729,41,25,23,64,271.0
R41.81,Age-related cognitive decline,0.08333333326388888,0.09090909082644627,0.08695651667296815,1,11,10,11,54.0
R41.82,"Altered mental status, unspecified",0.3636363635702479,0.18518518516803842,0.2453987685046483,20,35,88,108,489.0
R41.83,Borderline intellectual functioning,0.0,0.0,0.0,0,2,2,2,10.0
R41.840,Attention and concentration deficit,0.0,0.0,0.0,0,0,2,2,7.0
R41.89,Other symptoms and signs involving cognitive functions and awareness,0.0,0.0,0.0,0,0,22,22,100.0
R41.9,Unspecified symptoms and signs involving cognitive functions and awareness,0.3636363633057851,0.159999999936,0.22222221785493831,4,7,21,25,106.0
R42,Dizziness and giddiness,0.6616541352885974,0.3793103448112366,0.48219177616333275,88,45,144,232,1016.0
R43.0,Anosmia,0.0,0.0,0.0,0,0,2,2,8.0
R43.2,Parageusia,0.49999999875,0.3999999992,0.4444444385185186,2,2,3,5,22.0
R44.0,Auditory hallucinations,0.9999999900000002,0.07692307686390532,0.14285714132653063,1,0,12,13,64.0
R44.1,Visual hallucinations,0.4736842102770083,0.2571428570693878,0.3333333286488341,9,10,26,35,167.0
R44.2,Other hallucinations,0.0,0.0,0.0,0,1,6,6,19.0
R44.3,"Hallucinations, unspecified",0.1999999996,0.06666666662222222,0.09999999615000013,1,4,14,15,75.0
R45.1,Restlessness and agitation,0.4285714284693877,0.13953488371011358,0.2105263120590951,18,24,111,129,567.0
R45.3,Demoralization and apathy,0.0,0.0,0.0,0,0,1,1,8.0
R45.84,Anhedonia,0.0,0.0,0.0,0,2,3,3,18.0
R45.850,Homicidal ideations,0.39285714271683675,0.611111110771605,0.4782608645935728,11,17,7,18,68.0
R45.851,Suicidal ideations,0.6585956416305425,0.8859934853131598,0.7555555506429398,272,141,35,307,1286.0
R45.86,Emotional lability,0.0,0.0,0.0,0,0,2,2,12.0
R45.87,Impulsiveness,0.0,0.0,0.0,0,0,2,2,9.0
R47.01,Aphasia,0.6542056074460652,0.679611650452446,0.6666666616367346,140,74,66,206,1027.0
R47.02,Dysphasia,0.0,0.0,0.0,0,0,13,13,64.0
R47.1,Dysarthria and anarthria,0.59999999996,0.4639175257492826,0.5232558090048676,90,60,104,194,970.0
R47.81,Slurred speech,0.33846153840946747,0.43137254893502497,0.3793103398350179,22,43,29,51,249.0
R47.89,Other speech disturbances,0.0,0.0,0.0,0,4,21,21,73.0
R47.9,Unspecified speech disturbances,0.0,0.0,0.0,0,0,5,5,23.0
R48.0,Dyslexia and alexia,0.5999999988,0.5999999988,0.5999999938,3,2,2,5,22.0
R48.2,Apraxia,0.4444444439506172,0.49999999937499995,0.4705882297577854,4,5,4,8,31.0
R48.8,Other symbolic dysfunctions,0.1999999996,0.12499999984374999,0.15384614887573977,1,4,7,8,38.0
R49.0,Dysphonia,0.4687499998535156,0.4545454544077135,0.4615384563976332,15,17,18,33,161.0
R49.1,Aphonia,0.0,0.0,0.0,0,0,2,2,8.0
R50.2,Drug induced fever,0.8421052627146814,0.4444444443209876,0.5818181770842975,16,3,20,36,121.0
R50.81,Fever presenting with conditions classified elsewhere,0.7658227847616568,0.6722222221848765,0.715976326339764,121,37,59,180,884.0
R50.82,Postprocedural fever,0.3396226414453542,0.26865671637781247,0.29999999501805563,18,35,49,67,276.0
R50.84,Febrile nonhemolytic transfusion reaction,0.0,0.0,0.0,0,0,11,11,41.0
R50.9,"Fever, unspecified",0.47555555553441975,0.3175074183882045,0.38078291333449427,107,118,230,337,1530.0
R51,Headache,0.582938388597965,0.36826347304286633,0.45137614202710213,123,88,211,334,1488.0
R52,"Pain, unspecified",0.0,0.0,0.0,0,0,12,12,60.0
R53.0,Neoplastic (malignant) related fatigue,0.33333333277777777,0.24999999968749997,0.2857142804081633,2,4,6,8,27.0
R53.1,Weakness,0.3809523809297052,0.2794759825205469,0.3224181311219537,64,104,165,229,1105.0
R53.2,Functional quadriplegia,0.7999999984,0.571428570612245,0.6666666606944446,4,1,3,7,29.0
R53.81,Other malaise,0.41666666631944443,0.14285714281632653,0.21276595355364425,5,7,30,35,173.0
R53.82,"Chronic fatigue, unspecified",0.37499999984375,0.5624999996484374,0.449999994975,9,15,7,16,70.0
R53.83,Other fatigue,0.5294117646020761,0.2755102040535194,0.362416102831404,27,24,71,98,369.0
R54,Age-related physical debility,0.6666666644444444,0.1111111110493827,0.190476187845805,2,1,16,18,90.0
R55,Syncope and collapse,0.5809248554745398,0.6547231270145041,0.6156202093940795,201,145,106,307,1463.0
R56.1,Post traumatic seizures,0.0,0.0,0.0,0,0,6,6,28.0
R56.9,Unspecified convulsions,0.5032679738233158,0.3392070484432067,0.40526315306301935,77,76,150,227,1081.0
R57.0,Cardiogenic shock,0.734939758991871,0.670329670292839,0.7011494202576297,122,44,60,182,807.0
R57.1,Hypovolemic shock,0.529411764550173,0.3396226414453542,0.4137930985916237,18,16,35,53,240.0
R57.8,Other shock,0.6744186044943212,0.27884615381934175,0.3945578189365542,29,14,75,104,498.0
R57.9,"Shock, unspecified",0.38235294106401385,0.20312499996826175,0.26530611786339037,13,21,51,64,322.0
R58,"Hemorrhage, not elsewhere classified",0.0,0.0,0.0,0,1,17,17,82.0
R59.0,Localized enlarged lymph nodes,0.25974025970652725,0.2816901408053958,0.270270265241965,20,57,51,71,335.0
R59.1,Generalized enlarged lymph nodes,0.4523809522732426,0.42222222212839505,0.4367816041009381,19,23,26,45,217.0
R59.9,"Enlarged lymph nodes, unspecified",0.0,0.0,0.0,0,0,10,10,48.0
R60.0,Localized edema,0.38405797098666244,0.27604166665228946,0.3212121163265382,53,85,139,192,884.0
R60.1,Generalized edema,0.3999999992,0.09090909086776859,0.14814814502057616,2,3,20,22,110.0
R60.9,"Edema, unspecified",0.05882352937716263,0.02173913043005671,0.03174602779541495,1,16,45,46,229.0
R61,Generalized hyperhidrosis,0.5555555552469136,0.28571428563265305,0.37735848593805627,10,8,25,35,163.0
R62.50,Unspecified lack of expected normal physiological development in childhood,0.3157894735180055,0.39999999973333333,0.35294117133217995,6,13,9,15,75.0
R62.7,Adult failure to thrive,0.6279069767233253,0.6725978647447474,0.6494845310660597,189,112,92,281,1252.0
R63.0,Anorexia,0.22222222213991769,0.07594936707899376,0.11320754335172672,6,21,73,79,364.0
R63.1,Polydipsia,0.666666666111111,0.7999999992,0.7272727216528925,8,4,2,10,37.0
R63.3,Feeding difficulties,0.0,0.0,0.0,0,0,2,2,11.0
R63.4,Abnormal weight loss,0.44242424239742884,0.32158590306953366,0.3724489746979123,73,92,154,227,1106.0
R63.5,Abnormal weight gain,0.0,0.0,0.0,0,0,9,9,40.0
R63.6,Underweight,0.0,0.0,0.0,0,0,3,3,11.0
R63.8,Other symptoms and signs concerning food and fluid intake,0.0,0.0,0.0,0,0,1,1,8.0
R64,Cachexia,0.31451612900689385,0.20207253884963353,0.24605677755575245,39,85,154,193,881.0
R65.10,Systemic inflammatory response syndrome (SIRS) of non-infectious origin without acute organ dysfunction,0.3999999992,0.09090909086776859,0.14814814502057616,2,3,20,22,105.0
R65.11,Systemic inflammatory response syndrome (SIRS) of non-infectious origin with acute organ dysfunction,0.0,0.0,0.0,0,0,3,3,15.0
R65.20,Severe sepsis without septic shock,0.47252747247554644,0.21393034824806315,0.29452054363459373,43,48,158,201,840.0
R65.21,Severe sepsis with septic shock,0.7775423728648826,0.7742616033591928,0.7758985150681853,367,105,107,474,2161.0
R68.0,"Hypothermia, not associated with low environmental temperature",0.3999999998,0.249999999921875,0.3076923028402367,8,12,24,32,151.0
R68.2,"Dry mouth, unspecified",0.8181818178099173,0.6923076920414201,0.7499999947222222,18,4,8,26,30.0
R68.81,Early satiety,0.49999999916666665,0.13043478255198487,0.20689654829964332,3,3,20,23,58.0
R68.83,Chills (without fever),0.3333333322222222,0.0999999999,0.15384615005917168,1,2,9,10,49.0
R68.84,Jaw pain,0.374999999765625,0.4285714282653061,0.3999999947555556,6,10,8,14,48.0
R68.89,Other general symptoms and signs,0.0,0.0,0.0,0,1,11,11,37.0
R70.0,Elevated erythrocyte sedimentation rate,0.9999999900000002,0.4999999975,0.6666666577777778,1,0,1,2,12.0
R71.0,Precipitous drop in hematocrit,0.0,0.0,0.0,0,6,25,25,113.0
R73.01,Impaired fasting glucose,0.249999999375,0.14285714265306124,0.1818181768595043,1,3,6,7,24.0
R73.02,Impaired glucose tolerance (oral),0.6666666644444444,0.2222222219753086,0.3333333290277778,2,1,7,9,48.0
R73.03,Prediabetes,0.4378378378141709,0.5364238410240778,0.4821428521653557,81,104,70,151,750.0
R73.09,Other abnormal glucose,0.0,0.0,0.0,0,0,27,27,133.0
R73.9,"Hyperglycemia, unspecified",0.5930232557449974,0.2881355932040601,0.38783269518888525,51,35,126,177,731.0
R74.0,Nonspecific elevation of levels of transaminase and lactic acid dehydrogenase [LDH],0.5852782764706413,0.5379537953706608,0.5606190835632934,326,231,280,606,2699.0
R74.8,Abnormal levels of other serum enzymes,0.3829787233227705,0.16071428569993623,0.22641509014675057,18,29,94,112,519.0
R74.9,"Abnormal serum enzyme level, unspecified",0.0,0.0,0.0,0,0,2,2,10.0
R76.0,Raised antibody titer,0.0,0.0,0.0,0,2,9,9,45.0
R76.11,Nonspecific reaction to tuberculin skin test without active tuberculosis,0.7333333331703703,0.5322580644302809,0.61682242491746,33,12,29,62,295.0
R76.8,Other specified abnormal immunological findings in serum,0.0,0.0,0.0,0,0,3,3,15.0
R77.8,Other specified abnormalities of plasma proteins,0.0,0.0,0.0,0,0,5,5,19.0
R78.81,Bacteremia,0.5182072828986496,0.6491228069947677,0.5763239825838744,185,172,100,285,1080.0
R78.89,"Finding of other specified substances, not normally found in blood",0.0,0.0,0.0,0,0,3,3,16.0
R79.1,Abnormal coagulation profile,0.4135802469008154,0.4036144578191682,0.40853658035414187,134,190,198,332,1613.0
R79.82,Elevated C-reactive protein (CRP),0.14285714265306124,0.1111111109876543,0.12499999492187522,1,6,8,9,47.0
R79.89,Other specified abnormal findings of blood chemistry,0.3333333332222222,0.07874015747411495,0.12738853192421606,10,20,117,127,589.0
R79.9,"Abnormal finding of blood chemistry, unspecified",0.0,0.0,0.0,0,0,2,2,11.0
R80.8,Other proteinuria,0.0,0.0,0.0,0,0,2,2,12.0
R80.9,"Proteinuria, unspecified",0.49999999982142856,0.36842105253462604,0.42424241922865014,14,14,24,38,161.0
R81,Glycosuria,0.0,0.0,0.0,0,0,3,3,16.0
R82.4,Acetonuria,0.7999999984,0.4444444439506172,0.5714285660204083,4,1,5,9,43.0
R82.5,"Elevated urine levels of drugs, medicaments and biological substances",0.0,0.0,0.0,0,0,2,2,11.0
R82.7,Abnormal findings on microbiological examination of urine,0.0,0.0,0.0,0,0,2,2,11.0
R82.71,Bacteriuria,0.4384236452985998,0.6054421768295617,0.5085714236703675,89,114,58,147,577.0
R82.79,Other abnormal findings on microbiological examination of urine,0.0,0.0,0.0,0,1,9,9,33.0
R82.81,Pyuria,0.3999999992,0.33333333277777777,0.36363635801652905,2,3,4,6,27.0
R82.90,Unspecified abnormal findings in urine,0.0,0.0,0.0,0,0,8,8,39.0
R82.99,Other abnormal findings in urine,0.0,0.0,0.0,0,0,20,20,79.0
R84.5,Abnormal microbiological findings in specimens from respiratory organs and thorax,0.0,0.0,0.0,0,0,2,2,8.0
R90.82,"White matter disease, unspecified",0.0,0.0,0.0,0,0,2,2,8.0
R90.89,Other abnormal findings on diagnostic imaging of central nervous system,0.9999999900000002,0.1999999996,0.33333332944444444,1,0,4,5,24.0
R91.1,Solitary pulmonary nodule,0.46215139440389835,0.4677419354650104,0.4649298547009852,116,135,132,248,1177.0
R91.8,Other nonspecific abnormal finding of lung field,0.47692307690473373,0.4105960264764703,0.4412811338022568,124,136,178,302,1163.0
R93.0,"Abnormal findings on diagnostic imaging of skull and head, not elsewhere classified",0.0,0.0,0.0,0,0,9,9,29.0
R93.1,Abnormal findings on diagnostic imaging of heart and coronary circulation,0.0,0.0,0.0,0,0,10,10,34.0
R93.2,Abnormal findings on diagnostic imaging of liver and biliary tract,0.0,0.0,0.0,0,0,7,7,36.0
R93.3,Abnormal findings on diagnostic imaging of other parts of digestive tract,0.0,0.0,0.0,0,0,6,6,31.0
R93.421,Abnormal radiologic findings on diagnostic imaging of right kidney,0.0,0.0,0.0,0,0,2,2,11.0
R93.422,Abnormal radiologic findings on diagnostic imaging of left kidney,0.0,0.0,0.0,0,0,2,2,8.0
R93.5,"Abnormal findings on diagnostic imaging of other abdominal regions, including retroperitoneum",0.0,0.0,0.0,0,1,16,16,45.0
R93.7,Abnormal findings on diagnostic imaging of other parts of musculoskeletal system,0.0,0.0,0.0,0,0,3,3,15.0
R93.8,Abnormal findings on diagnostic imaging of other specified body structures,0.18181818165289254,0.13333333324444444,0.153846148846154,2,9,13,15,74.0
R93.89,Abnormal findings on diagnostic imaging of other specified body structures,0.9999999966666667,0.3333333329629629,0.4999999954166666,3,0,6,9,33.0
R94.01,Abnormal electroencephalogram [EEG],0.4999999975,0.3333333322222222,0.39999999360000005,1,1,2,3,15.0
R94.2,Abnormal results of pulmonary function studies,0.0,0.0,0.0,0,0,3,3,12.0
R94.31,Abnormal electrocardiogram [ECG] [EKG],0.5294117643944637,0.12162162160518628,0.1978021947204444,9,8,65,74,274.0
R94.39,Abnormal result of other cardiovascular function study,0.3333333322222222,0.08333333326388888,0.1333333299555556,1,2,11,12,58.0
R94.4,Abnormal results of kidney function studies,0.3333333322222222,0.06666666662222222,0.1111111082098766,1,2,14,15,71.0
R94.5,Abnormal results of liver function studies,0.249999999375,0.02499999999375,0.04545454378099179,1,3,39,40,144.0
R94.6,Abnormal results of thyroid function studies,0.29411764688581316,0.3124999998046875,0.30303029785123975,5,12,11,16,79.0
R94.8,Abnormal results of function studies of other organs and systems,0.0,0.0,0.0,0,0,4,4,20.0
R97.1,Elevated cancer antigen 125 [CA 125],0.0,0.0,0.0,0,2,3,3,12.0
R97.2,Elevated prostate specific antigen [PSA],0.3333333322222222,0.249999999375,0.28571428000000004,1,2,3,4,22.0
R97.20,Elevated prostate specific antigen [PSA],0.39999999973333333,0.3529411762629758,0.3749999947851563,6,9,11,17,86.0
R97.21,Rising PSA following treatment for malignant neoplasm of prostate,0.0,0.0,0.0,0,2,12,12,35.0
S00.01XA,"Abrasion of scalp, initial encounter",0.0,0.0,0.0,0,0,5,5,22.0
S00.03XA,"Contusion of scalp, initial encounter",0.46153846136094673,0.46153846136094673,0.46153845636094676,12,14,14,26,109.0
S00.11XA,"Contusion of right eyelid and periocular area, initial encounter",0.0,0.0,0.0,0,0,10,10,23.0
S00.12XA,"Contusion of left eyelid and periocular area, initial encounter",0.0,0.0,0.0,0,0,7,7,25.0
S00.212A,"Abrasion of left eyelid and periocular area, initial encounter",0.0,0.0,0.0,0,0,2,2,7.0
S00.31XA,"Abrasion of nose, initial encounter",0.0,0.0,0.0,0,0,3,3,12.0
S00.532A,"Contusion of oral cavity, initial encounter",0.0,0.0,0.0,0,0,2,2,8.0
S00.81XA,"Abrasion of other part of head, initial encounter",0.0,0.0,0.0,0,0,20,20,93.0
S00.83XA,"Contusion of other part of head, initial encounter",0.3999999992,0.0833333332986111,0.13793103153388828,2,3,22,24,123.0
S00.93XA,"Contusion of unspecified part of head, initial encounter",0.0,0.0,0.0,0,0,1,1,8.0
S01.01XA,"Laceration without foreign body of scalp, initial encounter",0.47297297290905777,0.7291666665147569,0.5737704869363076,35,39,13,48,228.0
S01.111A,"Laceration without foreign body of right eyelid and periocular area, initial encounter",0.5714285710204081,0.7272727266115702,0.63999999456,8,6,3,11,52.0
S01.112A,"Laceration without foreign body of left eyelid and periocular area, initial encounter",0.49999999964285713,0.5384615380473372,0.5185185131412894,7,7,6,13,66.0
S01.21XA,"Laceration without foreign body of nose, initial encounter",0.3333333322222222,0.16666666638888888,0.2222222172839507,1,2,5,6,31.0
S01.311A,"Laceration without foreign body of right ear, initial encounter",0.249999999375,0.3333333322222222,0.28571428000000004,1,3,2,3,12.0
S01.312A,"Laceration without foreign body of left ear, initial encounter",0.49999999875,0.6666666644444444,0.5714285648979592,2,2,1,3,15.0
S01.411A,"Laceration without foreign body of right cheek and temporomandibular area, initial encounter",0.0,0.0,0.0,0,0,2,2,9.0
S01.412A,"Laceration without foreign body of left cheek and temporomandibular area, initial encounter",0.0,0.0,0.0,0,0,2,2,10.0
S01.511A,"Laceration without foreign body of lip, initial encounter",0.38095238077097504,0.6153846149112425,0.4705882302941176,8,13,5,13,66.0
S01.512A,"Laceration without foreign body of oral cavity, initial encounter",0.6249999992187499,0.6249999992187499,0.6249999942187501,5,3,3,8,37.0
S01.81XA,"Laceration without foreign body of other part of head, initial encounter",0.3448275861474435,0.4255319148030783,0.38095237593469394,20,38,27,47,234.0
S01.91XA,"Laceration without foreign body of unspecified part of head, initial encounter",0.0,0.0,0.0,0,0,3,3,12.0
S02.0XXA,"Fracture of vault of skull, initial encounter for closed fracture",0.6874999995703125,0.5238095235600907,0.5945945893644997,11,5,10,21,64.0
S02.0XXB,"Fracture of vault of skull, initial encounter for open fracture",0.0,0.0,0.0,0,0,2,2,9.0
S02.113A,"Unspecified occipital condyle fracture, initial encounter for closed fracture",0.7499999981250001,0.7499999981250001,0.7499999931250001,3,1,1,4,21.0
S02.119A,"Unspecified fracture of occiput, initial encounter for closed fracture",0.5714285710204081,0.9999999987499999,0.7272727219834711,8,6,0,8,38.0
S02.11GA,"Other fracture of occiput, right side, initial encounter for closed fracture",0.0,0.0,0.0,0,0,2,2,8.0
S02.11HA,"Other fracture of occiput, left side, initial encounter for closed fracture",0.0,0.0,0.0,0,1,3,3,13.0
S02.19XA,"Other fracture of base of skull, initial encounter for closed fracture",0.5319148935038479,0.6944444442515432,0.6024096334968791,25,22,11,36,166.0
S02.2XXA,"Fracture of nasal bones, initial encounter for closed fracture",0.7192982454878424,0.8913043476323251,0.7961164997568103,41,16,5,46,196.0
S02.31XA,"Fracture of orbital floor, right side, initial encounter for closed fracture",0.45454545413223135,0.3571428568877551,0.39999999475200004,5,6,9,14,53.0
S02.32XA,"Fracture of orbital floor, left side, initial encounter for closed fracture",0.46153846118343195,0.4285714282653061,0.4444444391220851,6,7,8,14,71.0
S02.3XXA,"Fracture of orbital floor, initial encounter for closed fracture",0.37499999953124996,0.23076923059171597,0.2857142807256236,3,5,10,13,51.0
S02.401A,"Maxillary fracture, unspecified side, initial encounter for closed fracture",0.33333333277777777,0.1999999998,0.24999999500000003,2,4,8,10,43.0
S02.402A,"Zygomatic fracture, unspecified side, initial encounter for closed fracture",0.0,0.0,0.0,0,5,9,9,30.0
S02.40CA,"Maxillary fracture, right side, initial encounter for closed fracture",0.9999999975,0.3636363633057851,0.533333328711111,4,0,7,11,45.0
S02.40DA,"Maxillary fracture, left side, initial encounter for closed fracture",0.3846153843195266,0.41666666631944443,0.399999994688,5,8,7,12,63.0
S02.40EA,"Zygomatic fracture, right side, initial encounter for closed fracture",0.7499999990624999,0.8571428559183674,0.7999999939555555,6,2,1,7,34.0
S02.40FA,"Zygomatic fracture, left side, initial encounter for closed fracture",0.6153846149112425,0.7272727266115702,0.6666666611458333,8,5,3,11,53.0
S02.411A,"LeFort I fracture, initial encounter for closed fracture",0.0,0.0,0.0,0,0,2,2,11.0
S02.412A,"LeFort II fracture, initial encounter for closed fracture",0.5999999988,0.5999999988,0.5999999938,3,2,2,5,20.0
S02.413A,"LeFort III fracture, initial encounter for closed fracture",0.1999999996,0.3333333322222222,0.24999999468750006,1,4,2,3,13.0
S02.42XA,"Fracture of alveolus of maxilla, initial encounter for closed fracture",0.0,0.0,0.0,0,2,3,3,11.0
S02.5XXA,"Fracture of tooth (traumatic), initial encounter for closed fracture",0.4285714279591837,0.21428571413265304,0.28571428099773244,3,4,11,14,67.0
S02.601A,"Fracture of unspecified part of body of right mandible, initial encounter for closed fracture",0.0,0.0,0.0,0,0,2,2,8.0
S02.602A,"Fracture of unspecified part of body of left mandible, initial encounter for closed fracture",0.0,0.0,0.0,0,0,2,2,8.0
S02.611A,"Fracture of condylar process of right mandible, initial encounter for closed fracture",0.0,0.0,0.0,0,0,2,2,9.0
S02.612A,"Fracture of condylar process of left mandible, initial encounter for closed fracture",0.0,0.0,0.0,0,0,2,2,8.0
S02.61XA,"Fracture of condylar process of mandible, initial encounter for closed fracture",0.0,0.0,0.0,0,1,1,1,8.0
S02.621A,"Fracture of subcondylar process of right mandible, initial encounter for closed fracture",0.33333333277777777,0.6666666644444444,0.44444443901234576,2,4,1,3,15.0
S02.622A,"Fracture of subcondylar process of left mandible, initial encounter for closed fracture",0.0,0.0,0.0,0,2,3,3,16.0
S02.642A,"Fracture of ramus of left mandible, initial encounter for closed fracture",0.0,0.0,0.0,0,2,2,2,9.0
S02.651A,"Fracture of angle of right mandible, initial encounter for closed fracture",0.0,0.0,0.0,0,0,1,1,8.0
S02.652A,"Fracture of angle of left mandible, initial encounter for closed fracture",0.0,0.0,0.0,0,0,3,3,17.0
S02.65XA,"Fracture of angle of mandible, initial encounter for closed fracture",0.0,0.0,0.0,0,0,2,2,9.0
S02.66XA,"Fracture of symphysis of mandible, initial encounter for closed fracture",0.4444444439506172,0.3999999996,0.4210526261495845,4,5,6,10,30.0
S02.66XB,"Fracture of symphysis of mandible, initial encounter for open fracture",0.0,0.0,0.0,0,0,2,2,10.0
S02.69XA,"Fracture of mandible of other specified site, initial encounter for closed fracture",0.0,0.0,0.0,0,1,2,2,9.0
S02.81XA,"Fracture of other specified skull and facial bones, right side, initial encounter for closed fracture",0.16666666638888888,0.12499999984374999,0.1428571377551022,1,5,7,8,37.0
S02.82XA,"Fracture of other specified skull and facial bones, left side, initial encounter for closed fracture",0.6666666655555555,0.571428570612245,0.6153846094674558,4,2,3,7,35.0
S02.8XXA,"Fractures of other specified skull and facial bones, initial encounter for closed fracture",0.0,0.0,0.0,0,0,5,5,20.0
S03.2XXA,"Dislocation of tooth, initial encounter",0.0,0.0,0.0,0,0,2,2,11.0
S05.00XA,"Injury of conjunctiva and corneal abrasion without foreign body, unspecified eye, initial encounter",0.0,0.0,0.0,0,0,2,2,9.0
S05.01XA,"Injury of conjunctiva and corneal abrasion without foreign body, right eye, initial encounter",0.3333333322222222,0.16666666638888888,0.2222222172839507,1,2,5,6,29.0
S05.02XA,"Injury of conjunctiva and corneal abrasion without foreign body, left eye, initial encounter",0.16666666638888888,0.14285714265306124,0.15384614863905344,1,5,6,7,31.0
S05.11XA,"Contusion of eyeball and orbital tissues, right eye, initial encounter",0.4999999975,0.1999999996,0.28571428081632655,1,1,4,5,27.0
S05.12XA,"Contusion of eyeball and orbital tissues, left eye, initial encounter",0.0,0.0,0.0,0,0,7,7,33.0
S06.0X0A,"Concussion without loss of consciousness, initial encounter",0.0,0.0,0.0,0,0,3,3,17.0
S06.0X1A,"Concussion with loss of consciousness of 30 minutes or less, initial encounter",0.0,0.0,0.0,0,1,2,2,9.0
S06.0X9A,"Concussion with loss of consciousness of unspecified duration, initial encounter",0.7499999981250001,0.4285714279591837,0.5454545398347109,3,1,4,7,33.0
S06.1X0A,"Traumatic cerebral edema without loss of consciousness, initial encounter",0.0,0.0,0.0,0,0,3,3,17.0
S06.1X7A,"Traumatic cerebral edema with loss of consciousness of any duration with death due to brain injury prior to regaining consciousness, initial encounter",0.0,0.0,0.0,0,0,2,2,12.0
S06.1X9A,"Traumatic cerebral edema with loss of consciousness of unspecified duration, initial encounter",0.0,0.0,0.0,0,0,5,5,27.0
S06.2X0A,"Diffuse traumatic brain injury without loss of consciousness, initial encounter",0.0,0.0,0.0,0,0,5,5,24.0
S06.2X7A,"Diffuse traumatic brain injury with loss of consciousness of any duration with death due to brain injury prior to regaining consciousness, initial encounter",0.0,0.0,0.0,0,0,2,2,9.0
S06.2X9A,"Diffuse traumatic brain injury with loss of consciousness of unspecified duration, initial encounter",0.0,0.0,0.0,0,0,6,6,28.0
S06.300A,"Unspecified focal traumatic brain injury without loss of consciousness, initial encounter",0.0,0.0,0.0,0,0,2,2,11.0
S06.340A,"Traumatic hemorrhage of right cerebrum without loss of consciousness, initial encounter",0.0,0.0,0.0,0,0,4,4,18.0
S06.349A,"Traumatic hemorrhage of right cerebrum with loss of consciousness of unspecified duration, initial encounter",0.0,0.0,0.0,0,0,2,2,12.0
S06.350A,"Traumatic hemorrhage of left cerebrum without loss of consciousness, initial encounter",0.0,0.0,0.0,0,1,4,4,17.0
S06.359A,"Traumatic hemorrhage of left cerebrum with loss of consciousness of unspecified duration, initial encounter",0.0,0.0,0.0,0,0,4,4,19.0
S06.360A,"Traumatic hemorrhage of cerebrum, unspecified, without loss of consciousness, initial encounter",0.0,0.0,0.0,0,0,2,2,11.0
S06.369A,"Traumatic hemorrhage of cerebrum, unspecified, with loss of consciousness of unspecified duration, initial encounter",0.0,0.0,0.0,0,0,1,1,8.0
S06.370A,"Contusion, laceration, and hemorrhage of cerebellum without loss of consciousness, initial encounter",0.0,0.0,0.0,0,0,2,2,7.0
S06.4X0A,"Epidural hemorrhage without loss of consciousness, initial encounter",0.2857142853061225,0.3999999992,0.33333332791666676,2,5,3,5,24.0
S06.4X9A,"Epidural hemorrhage with loss of consciousness of unspecified duration, initial encounter",0.49999999937499995,0.7999999984,0.615384609704142,4,4,1,5,22.0
S06.5X0A,"Traumatic subdural hemorrhage without loss of consciousness, initial encounter",0.5802469135086116,0.5222222221641976,0.5497075972887385,47,34,43,90,375.0
S06.5X0D,"Traumatic subdural hemorrhage without loss of consciousness, subsequent encounter",0.0,0.0,0.0,0,0,4,4,22.0
S06.5X1A,"Traumatic subdural hemorrhage with loss of consciousness of 30 minutes or less, initial encounter",0.0,0.0,0.0,0,0,9,9,47.0
S06.5X7A,"Traumatic subdural hemorrhage with loss of consciousness of any duration with death due to brain injury before regaining consciousness, initial encounter",0.9999999900000002,0.1999999996,0.33333332944444444,1,0,4,5,24.0
S06.5X9A,"Traumatic subdural hemorrhage with loss of consciousness of unspecified duration, initial encounter",0.29729729721694664,0.21153846149778105,0.24719100632243413,11,26,41,52,268.0
S06.5X9D,"Traumatic subdural hemorrhage with loss of consciousness of unspecified duration, subsequent encounter",0.0,0.0,0.0,0,0,4,4,19.0
S06.5X9S,"Traumatic subdural hemorrhage with loss of consciousness of unspecified duration, sequela",0.0,0.0,0.0,0,0,2,2,8.0
S06.6X0A,"Traumatic subarachnoid hemorrhage without loss of consciousness, initial encounter",0.439999999912,0.4888888887802469,0.4631578896531856,22,28,23,45,220.0
S06.6X1A,"Traumatic subarachnoid hemorrhage with loss of consciousness of 30 minutes or less, initial encounter",0.0,0.0,0.0,0,0,13,13,58.0
S06.6X7A,"Traumatic subarachnoid hemorrhage with loss of consciousness of any duration with death due to brain injury prior to regaining consciousness, initial encounter",0.0,0.0,0.0,0,0,2,2,12.0
S06.6X9A,"Traumatic subarachnoid hemorrhage with loss of consciousness of unspecified duration, initial encounter",0.3999999999384616,0.5098039214686659,0.44827585706450657,26,39,25,51,206.0
S06.6X9D,"Traumatic subarachnoid hemorrhage with loss of consciousness of unspecified duration, subsequent encounter",0.0,0.0,0.0,0,0,2,2,8.0
S06.890S,"Other specified intracranial injury without loss of consciousness, sequela",0.0,0.0,0.0,0,0,3,3,7.0
S06.9X0A,"Unspecified intracranial injury without loss of consciousness, initial encounter",0.0,0.0,0.0,0,0,3,3,13.0
S06.9X0S,"Unspecified intracranial injury without loss of consciousness, sequela",0.23076923059171597,0.19999999986666667,0.2142857091581634,3,10,12,15,27.0
S06.9X1A,"Unspecified intracranial injury with loss of consciousness of 30 minutes or less, initial encounter",0.0,0.0,0.0,0,0,4,4,22.0
S06.9X9A,"Unspecified intracranial injury with loss of consciousness of unspecified duration, initial encounter",0.0,0.0,0.0,0,0,5,5,26.0
S09.12XA,"Laceration of muscle and tendon of head, initial encounter",0.0,0.0,0.0,0,0,2,2,10.0
S09.8XXA,"Other specified injuries of head, initial encounter",0.0,0.0,0.0,0,0,3,3,13.0
S09.90XA,"Unspecified injury of head, initial encounter",0.0,0.0,0.0,0,0,17,17,68.0
S11.81XA,"Laceration without foreign body of other specified part of neck, initial encounter",0.0,0.0,0.0,0,0,2,2,9.0
S11.91XA,"Laceration without foreign body of unspecified part of neck, initial encounter",0.1999999996,0.4999999975,0.28571428081632655,1,4,1,2,10.0
S12.000A,"Unspecified displaced fracture of first cervical vertebra, initial encounter for closed fracture",0.9999999900000002,0.1999999996,0.33333332944444444,1,0,4,5,21.0
S12.030A,"Displaced posterior arch fracture of first cervical vertebra, initial encounter for closed fracture",0.49999999875,0.6666666644444444,0.5714285648979592,2,2,1,3,11.0
S12.090A,"Other displaced fracture of first cervical vertebra, initial encounter for closed fracture",0.0,0.0,0.0,0,1,2,2,10.0
S12.100A,"Unspecified displaced fracture of second cervical vertebra, initial encounter for closed fracture",0.3043478259546314,0.7777777769135802,0.4374999956835938,7,16,2,9,48.0
S12.101A,"Unspecified nondisplaced fracture of second cervical vertebra, initial encounter for closed fracture",0.0,0.0,0.0,0,0,3,3,11.0
S12.110A,"Anterior displaced Type II dens fracture, initial encounter for closed fracture",0.46153846118343195,0.7499999990624999,0.5714285661678005,6,7,2,8,37.0
S12.111A,"Posterior displaced Type II dens fracture, initial encounter for closed fracture",0.0,0.0,0.0,0,0,2,2,10.0
S12.112A,"Nondisplaced Type II dens fracture, initial encounter for closed fracture",0.0,0.0,0.0,0,1,2,2,11.0
S12.120A,"Other displaced dens fracture, initial encounter for closed fracture",0.0,0.0,0.0,0,0,2,2,11.0
S12.190A,"Other displaced fracture of second cervical vertebra, initial encounter for closed fracture",0.9999999900000002,0.3333333322222222,0.49999999375000004,1,0,2,3,14.0
S12.200A,"Unspecified displaced fracture of third cervical vertebra, initial encounter for closed fracture",0.5999999988,0.5999999988,0.5999999938,3,2,2,5,24.0
S12.300A,"Unspecified displaced fracture of fourth cervical vertebra, initial encounter for closed fracture",0.12499999984374999,0.14285714265306124,0.13333332817777796,1,7,6,7,33.0
S12.301A,"Unspecified nondisplaced fracture of fourth cervical vertebra, initial encounter for closed fracture",0.4999999975,0.4999999975,0.4999999925000001,1,1,1,2,12.0
S12.390A,"Other displaced fracture of fourth cervical vertebra, initial encounter for closed fracture",0.0,0.0,0.0,0,0,2,2,7.0
S12.400A,"Unspecified displaced fracture of fifth cervical vertebra, initial encounter for closed fracture",0.571428570612245,0.4444444439506172,0.49999999445312515,4,3,5,9,42.0
S12.401A,"Unspecified nondisplaced fracture of fifth cervical vertebra, initial encounter for closed fracture",0.0,0.0,0.0,0,0,3,3,14.0
S12.490A,"Other displaced fracture of fifth cervical vertebra, initial encounter for closed fracture",0.0,0.0,0.0,0,0,3,3,16.0
S12.500A,"Unspecified displaced fracture of sixth cervical vertebra, initial encounter for closed fracture",0.470588235017301,0.6153846149112425,0.5333333280666667,8,9,5,13,56.0
S12.501A,"Unspecified nondisplaced fracture of sixth cervical vertebra, initial encounter for closed fracture",0.0,0.0,0.0,0,2,4,4,18.0
S12.590A,"Other displaced fracture of sixth cervical vertebra, initial encounter for closed fracture",0.0,0.0,0.0,0,0,4,4,20.0
S12.600A,"Unspecified displaced fracture of seventh cervical vertebra, initial encounter for closed fracture",0.449999999775,0.6923076917751478,0.545454540348944,9,11,4,13,65.0
S12.601A,"Unspecified nondisplaced fracture of seventh cervical vertebra, initial encounter for closed fracture",0.0,0.0,0.0,0,0,4,4,19.0
S12.690A,"Other displaced fracture of seventh cervical vertebra, initial encounter for closed fracture",0.4999999975,0.3333333322222222,0.39999999360000005,1,1,2,3,18.0
S13.171A,"Dislocation of C6/C7 cervical vertebrae, initial encounter",0.0,0.0,0.0,0,0,2,2,8.0
S13.4XXA,"Sprain of ligaments of cervical spine, initial encounter",0.49999999949999996,0.41666666631944443,0.4545454491735537,5,5,7,12,34.0
S14.0XXA,"Concussion and edema of cervical spinal cord, initial encounter",0.0,0.0,0.0,0,0,5,5,27.0
S14.103S,"Unspecified injury at C3 level of cervical spinal cord, sequela",0.0,0.0,0.0,0,0,5,5,6.0
S14.105S,"Unspecified injury at C5 level of cervical spinal cord, sequela",0.0,0.0,0.0,0,0,2,2,10.0
S14.106S,"Unspecified injury at C6 level of cervical spinal cord, sequela",0.0,0.0,0.0,0,0,2,2,11.0
S14.109A,"Unspecified injury at unspecified level of cervical spinal cord, initial encounter",0.0,0.0,0.0,0,0,2,2,7.0
S14.109S,"Unspecified injury at unspecified level of cervical spinal cord, sequela",0.0,0.0,0.0,0,0,2,2,8.0
S14.123A,"Central cord syndrome at C3 level of cervical spinal cord, initial encounter",0.0,0.0,0.0,0,0,2,2,11.0
S14.124A,"Central cord syndrome at C4 level of cervical spinal cord, initial encounter",0.0,0.0,0.0,0,0,2,2,8.0
S14.125A,"Central cord syndrome at C5 level of cervical spinal cord, initial encounter",0.0,0.0,0.0,0,0,2,2,7.0
S14.126A,"Central cord syndrome at C6 level of cervical spinal cord, initial encounter",0.0,0.0,0.0,0,0,2,2,7.0
S14.3XXA,"Injury of brachial plexus, initial encounter",0.4999999975,0.4999999975,0.4999999925000001,1,1,1,2,8.0
S16.1XXA,"Strain of muscle, fascia and tendon at neck level, initial encounter",0.3999999992,0.49999999875,0.4444444385185186,2,3,2,4,18.0
S19.9XXA,"Unspecified injury of neck, initial encounter",0.0,0.0,0.0,0,0,2,2,8.0
S20.211A,"Contusion of right front wall of thorax, initial encounter",0.0,0.0,0.0,0,0,4,4,19.0
S20.212A,"Contusion of left front wall of thorax, initial encounter",0.999999995,0.49999999875,0.6666666600000001,2,0,2,4,16.0
S20.219A,"Contusion of unspecified front wall of thorax, initial encounter",0.0,0.0,0.0,0,0,7,7,26.0
S22.011A,"Stable burst fracture of first thoracic vertebra, initial encounter for closed fracture",0.0,0.0,0.0,0,0,2,2,9.0
S22.018A,"Other fracture of first thoracic vertebra, initial encounter for closed fracture",0.0,0.0,0.0,0,0,2,2,10.0
S22.019A,"Unspecified fracture of first thoracic vertebra, initial encounter for closed fracture",0.24999999968749997,0.2222222219753086,0.23529411238754333,2,6,7,9,42.0
S22.028A,"Other fracture of second thoracic vertebra, initial encounter for closed fracture",0.0,0.0,0.0,0,0,2,2,9.0
S22.029A,"Unspecified fracture of second thoracic vertebra, initial encounter for closed fracture",0.23076923059171597,0.49999999916666665,0.31578946903047095,3,10,3,6,30.0
S22.039A,"Unspecified fracture of third thoracic vertebra, initial encounter for closed fracture",0.26666666648888887,0.6666666655555555,0.3809523765079365,4,11,2,6,30.0
S22.041A,"Stable burst fracture of fourth thoracic vertebra, initial encounter for closed fracture",0.9999999900000002,0.4999999975,0.6666666577777778,1,0,1,2,7.0
S22.049A,"Unspecified fracture of fourth thoracic vertebra, initial encounter for closed fracture",0.16666666638888888,0.1999999996,0.1818181765289258,1,5,4,5,22.0
S22.050A,"Wedge compression fracture of T5-T6 vertebra, initial encounter for closed fracture",0.0,0.0,0.0,0,0,2,2,10.0
S22.051A,"Stable burst fracture of T5-T6 vertebra, initial encounter for closed fracture",0.0,0.0,0.0,0,1,1,1,7.0
S22.058A,"Other fracture of T5-T6 vertebra, initial encounter for closed fracture",0.0,0.0,0.0,0,0,2,2,10.0
S22.059A,"Unspecified fracture of T5-T6 vertebra, initial encounter for closed fracture",0.37499999953124996,0.4285714279591837,0.3999999944888889,3,5,4,7,33.0
S22.060A,"Wedge compression fracture of T7-T8 vertebra, initial encounter for closed fracture",0.0,0.0,0.0,0,0,2,2,11.0
S22.061A,"Stable burst fracture of T7-T8 vertebra, initial encounter for closed fracture",0.0,0.0,0.0,0,2,2,2,11.0
S22.068A,"Other fracture of T7-T8 thoracic vertebra, initial encounter for closed fracture",0.0,0.0,0.0,0,0,2,2,10.0
S22.069A,"Unspecified fracture of T7-T8 vertebra, initial encounter for closed fracture",0.6153846149112425,0.7999999992,0.6956521683931947,8,5,2,10,50.0
S22.071A,"Stable burst fracture of T9-T10 vertebra, initial encounter for closed fracture",0.0,0.0,0.0,0,0,2,2,8.0
S22.078A,"Other fracture of T9-T10 vertebra, initial encounter for closed fracture",0.0,0.0,0.0,0,5,3,3,17.0
S22.079A,"Unspecified fracture of T9-T10 vertebra, initial encounter for closed fracture",0.4285714283673469,0.8181818174380164,0.5624999951367187,9,12,2,11,51.0
S22.080A,"Wedge compression fracture of T11-T12 vertebra, initial encounter for closed fracture",0.0,0.0,0.0,0,2,5,5,26.0
S22.081A,"Stable burst fracture of T11-T12 vertebra, initial encounter for closed fracture",0.3333333322222222,0.1999999996,0.24999999468750006,1,2,4,5,24.0
S22.088A,"Other fracture of T11-T12 vertebra, initial encounter for closed fracture",0.0,0.0,0.0,0,1,6,6,28.0
S22.089A,"Unspecified fracture of T11-T12 vertebra, initial encounter for closed fracture",0.4999999997222222,0.5999999996,0.5454545401652893,9,9,6,15,55.0
S22.20XA,"Unspecified fracture of sternum, initial encounter for closed fracture",0.6785714283290816,0.9499999995249999,0.7916666614756944,19,9,1,20,98.0
S22.21XA,"Fracture of manubrium, initial encounter for closed fracture",0.8888888879012344,0.8888888879012344,0.8888888829012346,8,1,1,9,31.0
S22.22XA,"Fracture of body of sternum, initial encounter for closed fracture",0.0,0.0,0.0,0,0,3,3,18.0
S22.31XA,"Fracture of one rib, right side, initial encounter for closed fracture",0.5416666664409722,0.5416666664409722,0.5416666614409723,13,11,11,24,118.0
S22.31XD,"Fracture of one rib, right side, subsequent encounter for fracture with routine healing",0.0,0.0,0.0,0,0,1,1,8.0
S22.32XA,"Fracture of one rib, left side, initial encounter for closed fracture",0.7407407404663923,0.7142857140306123,0.7272727220099173,20,7,8,28,134.0
S22.32XD,"Fracture of one rib, left side, subsequent encounter for fracture with routine healing",0.0,0.0,0.0,0,0,1,1,9.0
S22.39XA,"Fracture of one rib, unspecified side, initial encounter for closed fracture",0.0,0.0,0.0,0,0,4,4,15.0
S22.41XA,"Multiple fractures of ribs, right side, initial encounter for closed fracture",0.7604166665874567,0.9124999998859376,0.8295454494925104,73,23,7,80,370.0
S22.41XD,"Multiple fractures of ribs, right side, subsequent encounter for fracture with routine healing",0.4999999975,0.3333333322222222,0.39999999360000005,1,1,2,3,17.0
S22.42XA,"Multiple fractures of ribs, left side, initial encounter for closed fracture",0.7444444443617284,0.8589743588642341,0.7976190425496031,67,23,11,78,384.0
S22.42XD,"Multiple fractures of ribs, left side, subsequent encounter for fracture with routine healing",0.0,0.0,0.0,0,0,3,3,16.0
S22.43XA,"Multiple fractures of ribs, bilateral, initial encounter for closed fracture",0.7083333330381945,0.6071428569260204,0.6538461486242605,17,7,11,28,129.0
S22.49XA,"Multiple fractures of ribs, unspecified side, initial encounter for closed fracture",0.0,0.0,0.0,0,0,5,5,25.0
S22.5XXA,"Flail chest, initial encounter for closed fracture",0.0,0.0,0.0,0,1,3,3,18.0
S24.0XXA,"Concussion and edema of thoracic spinal cord, initial encounter",0.0,0.0,0.0,0,0,2,2,7.0
S24.103S,"Unspecified injury at T7-T10 level of thoracic spinal cord, sequela",0.0,0.0,0.0,0,0,3,3,13.0
S27.0XXA,"Traumatic pneumothorax, initial encounter",0.7090909089619835,0.8666666664740741,0.7799999948940001,39,16,6,45,227.0
S27.1XXA,"Traumatic hemothorax, initial encounter",0.666666666111111,0.4999999996875,0.571428566122449,8,4,8,16,58.0
S27.2XXA,"Traumatic hemopneumothorax, initial encounter",0.7083333330381945,0.894736841634349,0.7906976691184425,17,7,2,19,92.0
S27.321A,"Contusion of lung, unilateral, initial encounter",0.5769230767011834,0.749999999625,0.6521739078449905,15,11,5,20,94.0
S27.322A,"Contusion of lung, bilateral, initial encounter",0.7142857132653061,0.6249999992187499,0.6666666608,5,2,3,8,30.0
S27.329A,"Contusion of lung, unspecified, initial encounter",0.0,0.0,0.0,0,0,7,7,34.0
S27.331A,"Laceration of lung, unilateral, initial encounter",0.9999999900000002,0.4999999975,0.6666666577777778,1,0,1,2,12.0
S27.808A,"Other injury of diaphragm, initial encounter",0.4999999975,0.9999999900000002,0.6666666577777778,1,1,0,1,8.0
S27.892A,"Contusion of other specified intrathoracic organs, initial encounter",0.0,0.0,0.0,0,1,4,4,19.0
S29.011A,"Strain of muscle and tendon of front wall of thorax, initial encounter",0.0,0.0,0.0,0,0,2,2,12.0
S29.012A,"Strain of muscle and tendon of back wall of thorax, initial encounter",0.4999999975,0.4999999975,0.4999999925000001,1,1,1,2,9.0
S30.0XXA,"Contusion of lower back and pelvis, initial encounter",0.6874999995703125,0.5789473681163435,0.6285714232489796,11,5,8,19,96.0
S30.1XXA,"Contusion of abdominal wall, initial encounter",0.21052631567867036,0.2222222220987654,0.216216211102995,4,15,14,18,83.0
S30.810A,"Abrasion of lower back and pelvis, initial encounter",0.0,0.0,0.0,0,0,2,2,10.0
S30.811A,"Abrasion of abdominal wall, initial encounter",0.0,0.0,0.0,0,0,3,3,14.0
S32.010A,"Wedge compression fracture of first lumbar vertebra, initial encounter for closed fracture",0.0,0.0,0.0,0,0,6,6,18.0
S32.011A,"Stable burst fracture of first lumbar vertebra, initial encounter for closed fracture",0.6999999992999999,0.9999999985714286,0.823529405951557,7,3,0,7,34.0
S32.018A,"Other fracture of first lumbar vertebra, initial encounter for closed fracture",0.9999999900000002,0.16666666638888888,0.2857142824489796,1,0,5,6,29.0
S32.019A,"Unspecified fracture of first lumbar vertebra, initial encounter for closed fracture",0.5161290320915712,0.7272727269421487,0.6037735798220007,16,15,6,22,107.0
S32.019D,"Unspecified fracture of first lumbar vertebra, subsequent encounter for fracture with routine healing",0.0,0.0,0.0,0,0,2,2,8.0
S32.020A,"Wedge compression fracture of second lumbar vertebra, initial encounter for closed fracture",0.0,0.0,0.0,0,2,2,2,10.0
S32.021A,"Stable burst fracture of second lumbar vertebra, initial encounter for closed fracture",0.4999999975,0.4999999975,0.4999999925000001,1,1,1,2,8.0
S32.028A,"Other fracture of second lumbar vertebra, initial encounter for closed fracture",0.4999999975,0.1999999996,0.28571428081632655,1,1,4,5,26.0
S32.029A,"Unspecified fracture of second lumbar vertebra, initial encounter for closed fracture",0.5357142855229592,0.749999999625,0.6249999948784724,15,13,5,20,76.0
S32.030A,"Wedge compression fracture of third lumbar vertebra, initial encounter for closed fracture",0.0,0.0,0.0,0,0,1,1,8.0
S32.031A,"Stable burst fracture of third lumbar vertebra, initial encounter for closed fracture",0.3999999992,0.999999995,0.5714285657142857,2,3,0,2,11.0
S32.038A,"Other fracture of third lumbar vertebra, initial encounter for closed fracture",0.0,0.0,0.0,0,0,4,4,22.0
S32.039A,"Unspecified fracture of third lumbar vertebra, initial encounter for closed fracture",0.7222222218209876,0.7222222218209876,0.7222222168209878,13,5,5,18,61.0
S32.041A,"Stable burst fracture of fourth lumbar vertebra, initial encounter for closed fracture",0.3333333322222222,0.4999999975,0.39999999360000005,1,2,1,2,10.0
S32.048A,"Other fracture of fourth lumbar vertebra, initial encounter for closed fracture",0.0,0.0,0.0,0,6,4,4,19.0
S32.049A,"Unspecified fracture of fourth lumbar vertebra, initial encounter for closed fracture",0.5714285710204081,0.5333333329777777,0.5517241325564803,8,6,7,15,52.0
S32.058A,"Other fracture of fifth lumbar vertebra, initial encounter for closed fracture",0.0,0.0,0.0,0,3,3,3,15.0
S32.059A,"Unspecified fracture of fifth lumbar vertebra, initial encounter for closed fracture",0.49999999937499995,0.571428570612245,0.5333333276444445,4,4,3,7,26.0
S32.10XA,"Unspecified fracture of sacrum, initial encounter for closed fracture",0.34615384602071003,0.6428571423979591,0.449999995225,9,17,5,14,67.0
S32.19XA,"Other fracture of sacrum, initial encounter for closed fracture",0.12499999984374999,0.16666666638888888,0.1428571377551022,1,7,5,6,27.0
S32.301A,"Unspecified fracture of right ilium, initial encounter for closed fracture",0.3333333322222222,0.9999999900000002,0.49999999375000004,1,2,0,1,7.0
S32.302A,"Unspecified fracture of left ilium, initial encounter for closed fracture",0.6666666644444444,0.999999995,0.799999992,2,1,0,2,8.0
S32.391A,"Other fracture of right ilium, initial encounter for closed fracture",0.3333333322222222,0.4999999975,0.39999999360000005,1,2,1,2,8.0
S32.401A,"Unspecified fracture of right acetabulum, initial encounter for closed fracture",0.49999999916666665,0.5999999988,0.5454545395041324,3,3,2,5,19.0
S32.402A,"Unspecified fracture of left acetabulum, initial encounter for closed fracture",0.4285714279591837,0.7499999981250001,0.5454545398347109,3,4,1,4,21.0
S32.421A,"Displaced fracture of posterior wall of right acetabulum, initial encounter for closed fracture",0.3333333329629629,0.9999999966666667,0.4999999954166666,3,6,0,3,17.0
S32.422A,"Displaced fracture of posterior wall of left acetabulum, initial encounter for closed fracture",0.0,0.0,0.0,0,1,2,2,11.0
S32.431A,"Displaced fracture of anterior column [iliopubic] of right acetabulum, initial encounter for closed fracture",0.249999999375,0.4999999975,0.33333332777777785,1,3,1,2,12.0
S32.432A,"Displaced fracture of anterior column [iliopubic] of left acetabulum, initial encounter for closed fracture",0.0,0.0,0.0,0,0,3,3,18.0
S32.442A,"Displaced fracture of posterior column [ilioischial] of left acetabulum, initial encounter for closed fracture",0.0,0.0,0.0,0,0,1,1,8.0
S32.491A,"Other specified fracture of right acetabulum, initial encounter for closed fracture",0.0,0.0,0.0,0,2,2,2,9.0
S32.492A,"Other specified fracture of left acetabulum, initial encounter for closed fracture",0.0,0.0,0.0,0,0,1,1,8.0
S32.502A,"Unspecified fracture of left pubis, initial encounter for closed fracture",0.0,0.0,0.0,0,8,2,2,9.0
S32.511A,"Fracture of superior rim of right pubis, initial encounter for closed fracture",0.3333333331111111,0.8333333319444445,0.4761904716553288,5,10,1,6,25.0
S32.512A,"Fracture of superior rim of left pubis, initial encounter for closed fracture",0.18181818165289254,0.3999999992,0.249999995390625,2,9,3,5,26.0
S32.591A,"Other specified fracture of right pubis, initial encounter for closed fracture",0.49999999979166665,0.7999999994666667,0.6153846103353058,12,12,3,15,72.0
S32.592A,"Other specified fracture of left pubis, initial encounter for closed fracture",0.481481481303155,0.8666666660888889,0.6190476141609977,13,14,2,15,71.0
S32.810A,"Multiple fractures of pelvis with stable disruption of pelvic ring, initial encounter for closed fracture",0.0,0.0,0.0,0,0,1,1,8.0
S32.811A,"Multiple fractures of pelvis with unstable disruption of pelvic ring, initial encounter for closed fracture",0.4999999975,0.9999999900000002,0.6666666577777778,1,1,0,1,8.0
S32.82XA,"Multiple fractures of pelvis without disruption of pelvic ring, initial encounter for closed fracture",0.0,0.0,0.0,0,0,3,3,16.0
S32.9XXD,"Fracture of unspecified parts of lumbosacral spine and pelvis, subsequent encounter for fracture with routine healing",0.0,0.0,0.0,0,0,2,2,8.0
S36.030A,"Superficial (capsular) laceration of spleen, initial encounter",0.0,0.0,0.0,0,0,2,2,12.0
S36.031A,"Moderate laceration of spleen, initial encounter",0.249999999375,0.249999999375,0.2499999943750001,1,3,3,4,22.0
S36.032A,"Major laceration of spleen, initial encounter",0.0,0.0,0.0,0,1,4,4,20.0
S36.039A,"Unspecified laceration of spleen, initial encounter",0.0,0.0,0.0,0,0,5,5,23.0
S36.112A,"Contusion of liver, initial encounter",0.4999999975,0.3333333322222222,0.39999999360000005,1,1,2,3,12.0
S36.113A,"Laceration of liver, unspecified degree, initial encounter",0.4736842102770083,0.8999999991,0.6206896502259215,9,10,1,10,36.0
S36.114A,"Minor laceration of liver, initial encounter",0.0,0.0,0.0,0,0,2,2,12.0
S36.115A,"Moderate laceration of liver, initial encounter",0.29999999969999996,0.9999999966666667,0.46153845727810655,3,7,0,3,12.0
S36.116A,"Major laceration of liver, initial encounter",0.1999999998,0.999999995,0.33333333000000004,2,8,0,2,12.0
S36.438A,"Laceration of other part of small intestine, initial encounter",0.9999999900000002,0.4999999975,0.6666666577777778,1,0,1,2,7.0
S36.531A,"Laceration of transverse colon, initial encounter",0.9999999900000002,0.4999999975,0.6666666577777778,1,0,1,2,8.0
S36.892A,"Contusion of other intra-abdominal organs, initial encounter",0.21739130425330813,0.3846153843195266,0.2777777730092593,5,18,8,13,60.0
S36.893A,"Laceration of other intra-abdominal organs, initial encounter",0.0,0.0,0.0,0,1,1,1,8.0
S36.898A,"Other injury of other intra-abdominal organs, initial encounter",0.0,0.0,0.0,0,0,2,2,9.0
S36.899A,"Unspecified injury of other intra-abdominal organs, initial encounter",0.0,0.0,0.0,0,0,3,3,13.0
S37.011A,"Minor contusion of right kidney, initial encounter",0.0,0.0,0.0,0,0,2,2,9.0
S37.012A,"Minor contusion of left kidney, initial encounter",0.49999999916666665,0.9999999966666667,0.6666666607407408,3,3,0,3,17.0
S37.031A,"Laceration of right kidney, unspecified degree, initial encounter",0.9999999900000002,0.4999999975,0.6666666577777778,1,0,1,2,10.0
S37.032A,"Laceration of left kidney, unspecified degree, initial encounter",0.5999999988,0.9999999966666667,0.7499999934375,3,2,0,3,12.0
S37.29XA,"Other injury of bladder, initial encounter",0.6666666644444444,0.999999995,0.799999992,2,1,0,2,10.0
S37.30XA,"Unspecified injury of urethra, initial encounter",0.0,0.0,0.0,0,1,5,5,24.0
S37.39XA,"Other injury of urethra, initial encounter",0.0,0.0,0.0,0,3,10,10,42.0
S37.812A,"Contusion of adrenal gland, initial encounter",0.4999999975,0.9999999900000002,0.6666666577777778,1,1,0,1,8.0
S39.011A,"Strain of muscle, fascia and tendon of abdomen, initial encounter",0.0,0.0,0.0,0,0,3,3,14.0
S39.012A,"Strain of muscle, fascia and tendon of lower back, initial encounter",0.3999999996,0.49999999937499995,0.4444444390123457,4,6,4,8,36.0
S40.011A,"Contusion of right shoulder, initial encounter",0.0,0.0,0.0,0,0,3,3,11.0
S40.012A,"Contusion of left shoulder, initial encounter",0.0,0.0,0.0,0,0,3,3,12.0
S40.021A,"Contusion of right upper arm, initial encounter",0.0,0.0,0.0,0,0,4,4,18.0
S40.022A,"Contusion of left upper arm, initial encounter",0.0,0.0,0.0,0,0,4,4,20.0
S40.211A,"Abrasion of right shoulder, initial encounter",0.0,0.0,0.0,0,0,2,2,10.0
S40.212A,"Abrasion of left shoulder, initial encounter",0.0,0.0,0.0,0,0,2,2,12.0
S40.811A,"Abrasion of right upper arm, initial encounter",0.0,0.0,0.0,0,0,2,2,10.0
S40.812A,"Abrasion of left upper arm, initial encounter",0.0,0.0,0.0,0,0,3,3,12.0
S41.111A,"Laceration without foreign body of right upper arm, initial encounter",0.0,0.0,0.0,0,0,2,2,10.0
S41.112A,"Laceration without foreign body of left upper arm, initial encounter",0.0,0.0,0.0,0,0,2,2,9.0
S42.001A,"Fracture of unspecified part of right clavicle, initial encounter for closed fracture",0.3999999992,0.2857142853061225,0.33333332791666676,2,3,5,7,28.0
S42.002A,"Fracture of unspecified part of left clavicle, initial encounter for closed fracture",0.3124999998046875,0.8333333319444445,0.45454545016528936,5,11,1,6,27.0
S42.011A,"Anterior displaced fracture of sternal end of right clavicle, initial encounter for closed fracture",0.0,0.0,0.0,0,0,2,2,9.0
S42.021A,"Displaced fracture of shaft of right clavicle, initial encounter for closed fracture",0.0,0.0,0.0,0,0,4,4,19.0
S42.022A,"Displaced fracture of shaft of left clavicle, initial encounter for closed fracture",0.6666666644444444,0.3999999992,0.49999999406250006,2,1,3,5,26.0
S42.031A,"Displaced fracture of lateral end of right clavicle, initial encounter for closed fracture",0.3999999996,0.7999999984,0.5333333281777778,4,6,1,5,23.0
S42.032A,"Displaced fracture of lateral end of left clavicle, initial encounter for closed fracture",0.0,0.0,0.0,0,0,4,4,20.0
S42.101A,"Fracture of unspecified part of scapula, right shoulder, initial encounter for closed fracture",0.49999999916666665,0.9999999966666667,0.6666666607407408,3,3,0,3,15.0
S42.102A,"Fracture of unspecified part of scapula, left shoulder, initial encounter for closed fracture",0.49999999916666665,0.7499999981250001,0.5999999940000001,3,3,1,4,18.0
S42.111A,"Displaced fracture of body of scapula, right shoulder, initial encounter for closed fracture",0.0,0.0,0.0,0,1,2,2,11.0
S42.112A,"Displaced fracture of body of scapula, left shoulder, initial encounter for closed fracture",0.3999999992,0.999999995,0.5714285657142857,2,3,0,2,10.0
S42.191A,"Fracture of other part of scapula, right shoulder, initial encounter for closed fracture",0.0,0.0,0.0,0,0,1,1,8.0
S42.201A,"Unspecified fracture of upper end of right humerus, initial encounter for closed fracture",0.24999999968749997,0.3999999992,0.3076923024852071,2,6,3,5,24.0
S42.202A,"Unspecified fracture of upper end of left humerus, initial encounter for closed fracture",0.0,0.0,0.0,0,0,4,4,20.0
S42.211A,"Unspecified displaced fracture of surgical neck of right humerus, initial encounter for closed fracture",0.49999999916666665,0.5999999988,0.5454545395041324,3,3,2,5,27.0
S42.212A,"Unspecified displaced fracture of surgical neck of left humerus, initial encounter for closed fracture",0.9999999900000002,0.1999999996,0.33333332944444444,1,0,4,5,24.0
S42.251A,"Displaced fracture of greater tuberosity of right humerus, initial encounter for closed fracture",0.0,0.0,0.0,0,0,2,2,11.0
S42.252A,"Displaced fracture of greater tuberosity of left humerus, initial encounter for closed fracture",0.4999999975,0.249999999375,0.33333332777777785,1,1,3,4,16.0
S42.291A,"Other displaced fracture of upper end of right humerus, initial encounter for closed fracture",0.09090909082644627,0.1999999996,0.12499999554687513,1,10,4,5,24.0
S42.292A,"Other displaced fracture of upper end of left humerus, initial encounter for closed fracture",0.9999999900000002,0.1999999996,0.33333332944444444,1,0,4,5,23.0
S42.301A,"Unspecified fracture of shaft of humerus, right arm, initial encounter for closed fracture",0.0,0.0,0.0,0,0,3,3,13.0
S42.301D,"Unspecified fracture of shaft of humerus, right arm, subsequent encounter for fracture with routine healing",0.0,0.0,0.0,0,0,2,2,8.0
S42.302A,"Unspecified fracture of shaft of humerus, left arm, initial encounter for closed fracture",0.0,0.0,0.0,0,0,3,3,13.0
S42.401A,"Unspecified fracture of lower end of right humerus, initial encounter for closed fracture",0.0,0.0,0.0,0,1,2,2,10.0
S42.491A,"Other displaced fracture of lower end of right humerus, initial encounter for closed fracture",0.0,0.0,0.0,0,0,2,2,8.0
S43.101A,"Unspecified dislocation of right acromioclavicular joint, initial encounter",0.0,0.0,0.0,0,0,2,2,10.0
S46.011A,"Strain of muscle(s) and tendon(s) of the rotator cuff of right shoulder, initial encounter",0.0,0.0,0.0,0,0,2,2,11.0
S50.01XA,"Contusion of right elbow, initial encounter",0.0,0.0,0.0,0,0,2,2,10.0
S50.02XA,"Contusion of left elbow, initial encounter",0.0,0.0,0.0,0,0,3,3,10.0
S50.11XA,"Contusion of right forearm, initial encounter",0.0,0.0,0.0,0,0,3,3,13.0
S50.12XA,"Contusion of left forearm, initial encounter",0.0,0.0,0.0,0,0,2,2,11.0
S50.311A,"Abrasion of right elbow, initial encounter",0.0,0.0,0.0,0,0,9,9,14.0
S50.312A,"Abrasion of left elbow, initial encounter",0.0,0.0,0.0,0,0,4,4,19.0
S50.811A,"Abrasion of right forearm, initial encounter",0.0,0.0,0.0,0,0,3,3,13.0
S50.812A,"Abrasion of left forearm, initial encounter",0.0,0.0,0.0,0,0,3,3,17.0
S51.011A,"Laceration without foreign body of right elbow, initial encounter",0.0,0.0,0.0,0,0,3,3,14.0
S51.012A,"Laceration without foreign body of left elbow, initial encounter",0.4999999975,0.249999999375,0.33333332777777785,1,1,3,4,16.0
S51.811A,"Laceration without foreign body of right forearm, initial encounter",0.0,0.0,0.0,0,0,3,3,14.0
S51.812A,"Laceration without foreign body of left forearm, initial encounter",0.0,0.0,0.0,0,1,8,8,26.0
S52.021A,"Displaced fracture of olecranon process without intraarticular extension of right ulna, initial encounter for closed fracture",0.3999999992,0.49999999875,0.4444444385185186,2,3,2,4,17.0
S52.022A,"Displaced fracture of olecranon process without intraarticular extension of left ulna, initial encounter for closed fracture",0.3999999996,0.9999999975,0.5714285665306122,4,6,0,4,20.0
S52.042A,"Displaced fracture of coronoid process of left ulna, initial encounter for closed fracture",0.0,0.0,0.0,0,0,2,2,11.0
S52.121A,"Displaced fracture of head of right radius, initial encounter for closed fracture",0.571428570612245,0.9999999975,0.7272727213223142,4,3,0,4,18.0
S52.122A,"Displaced fracture of head of left radius, initial encounter for closed fracture",0.49999999916666665,0.5999999988,0.5454545395041324,3,3,2,5,22.0
S52.202A,"Unspecified fracture of shaft of left ulna, initial encounter for closed fracture",0.0,0.0,0.0,0,1,1,1,8.0
S52.272A,"Monteggia's fracture of left ulna, initial encounter for closed fracture",0.0,0.0,0.0,0,0,1,1,8.0
S52.501A,"Unspecified fracture of the lower end of right radius, initial encounter for closed fracture",0.4444444439506172,0.3636363633057851,0.39999999464999997,4,5,7,11,40.0
S52.501B,"Unspecified fracture of the lower end of right radius, initial encounter for open fracture type I or II",0.4999999975,0.4999999975,0.4999999925000001,1,1,1,2,8.0
S52.502A,"Unspecified fracture of the lower end of left radius, initial encounter for closed fracture",0.3333333322222222,0.1111111109876543,0.16666666263888896,1,2,8,9,41.0
S52.502D,"Unspecified fracture of the lower end of left radius, subsequent encounter for closed fracture with routine healing",0.0,0.0,0.0,0,1,2,2,12.0
S52.571A,"Other intraarticular fracture of lower end of right radius, initial encounter for closed fracture",0.29999999969999996,0.49999999916666665,0.37499999484375,3,7,3,6,24.0
S52.572A,"Other intraarticular fracture of lower end of left radius, initial encounter for closed fracture",0.29411764688581316,0.7142857132653061,0.41666666218750004,5,12,2,7,35.0
S52.572B,"Other intraarticular fracture of lower end of left radius, initial encounter for open fracture type I or II",0.0,0.0,0.0,0,1,2,2,8.0
S52.591A,"Other fractures of lower end of right radius, initial encounter for closed fracture",0.0,0.0,0.0,0,0,2,2,7.0
S52.611A,"Displaced fracture of right ulna styloid process, initial encounter for closed fracture",0.0,0.0,0.0,0,2,3,3,13.0
S52.612A,"Displaced fracture of left ulna styloid process, initial encounter for closed fracture",0.33333333277777777,0.49999999875,0.3999999944,2,4,2,4,17.0
S60.221A,"Contusion of right hand, initial encounter",0.0,0.0,0.0,0,0,2,2,10.0
S60.222A,"Contusion of left hand, initial encounter",0.0,0.0,0.0,0,0,3,3,8.0
S60.511A,"Abrasion of right hand, initial encounter",0.0,0.0,0.0,0,0,3,3,14.0
S60.512A,"Abrasion of left hand, initial encounter",0.0,0.0,0.0,0,0,2,2,11.0
S60.812A,"Abrasion of left wrist, initial encounter",0.0,0.0,0.0,0,0,2,2,7.0
S61.211A,"Laceration without foreign body of left index finger without damage to nail, initial encounter",0.0,0.0,0.0,0,0,3,3,15.0
S61.212A,"Laceration without foreign body of right middle finger without damage to nail, initial encounter",0.0,0.0,0.0,0,0,2,2,8.0
S61.213A,"Laceration without foreign body of left middle finger without damage to nail, initial encounter",0.0,0.0,0.0,0,0,3,3,14.0
S61.215A,"Laceration without foreign body of left ring finger without damage to nail, initial encounter",0.0,0.0,0.0,0,0,2,2,11.0
S61.411A,"Laceration without foreign body of right hand, initial encounter",0.33333333277777777,0.33333333277777777,0.3333333277777778,2,4,4,6,28.0
S61.412A,"Laceration without foreign body of left hand, initial encounter",0.6666666644444444,0.33333333277777777,0.44444443901234576,2,1,4,6,32.0
S61.451A,"Open bite of right hand, initial encounter",0.0,0.0,0.0,0,4,3,3,14.0
S61.511A,"Laceration without foreign body of right wrist, initial encounter",0.0,0.0,0.0,0,0,2,2,9.0
S61.512A,"Laceration without foreign body of left wrist, initial encounter",0.0,0.0,0.0,0,1,5,5,22.0
S62.111A,"Displaced fracture of triquetrum [cuneiform] bone, right wrist, initial encounter for closed fracture",0.4999999975,0.4999999975,0.4999999925000001,1,1,1,2,7.0
S64.491A,"Injury of digital nerve of left index finger, initial encounter",0.0,0.0,0.0,0,0,2,2,10.0
S64.493A,"Injury of digital nerve of left middle finger, initial encounter",0.0,0.0,0.0,0,0,2,2,9.0
S66.121A,"Laceration of flexor muscle, fascia and tendon of left index finger at wrist and hand level, initial encounter",0.0,0.0,0.0,0,0,2,2,11.0
S66.123A,"Laceration of flexor muscle, fascia and tendon of left middle finger at wrist and hand level, initial encounter",0.0,0.0,0.0,0,0,2,2,10.0
S66.125A,"Laceration of flexor muscle, fascia and tendon of left ring finger at wrist and hand level, initial encounter",0.0,0.0,0.0,0,0,1,1,8.0
S70.01XA,"Contusion of right hip, initial encounter",0.4999999975,0.12499999984374999,0.19999999640000002,1,1,7,8,24.0
S70.02XA,"Contusion of left hip, initial encounter",0.3999999992,0.2857142853061225,0.33333332791666676,2,3,5,7,22.0
S70.11XA,"Contusion of right thigh, initial encounter",0.33333333277777777,0.2222222219753086,0.2666666615111111,2,4,7,9,43.0
S70.12XA,"Contusion of left thigh, initial encounter",0.5999999993999999,0.6666666659259258,0.6315789417174515,6,4,3,9,45.0
S70.311A,"Abrasion, right thigh, initial encounter",0.0,0.0,0.0,0,0,2,2,8.0
S70.312A,"Abrasion, left thigh, initial encounter",0.0,0.0,0.0,0,0,1,1,8.0
S71.111A,"Laceration without foreign body, right thigh, initial encounter",0.0,0.0,0.0,0,1,2,2,11.0
S72.001A,"Fracture of unspecified part of neck of right femur, initial encounter for closed fracture",0.5882352937716263,0.5555555552469136,0.5714285661061225,10,7,8,18,86.0
S72.001D,"Fracture of unspecified part of neck of right femur, subsequent encounter for closed fracture with routine healing",0.0,0.0,0.0,0,0,3,3,12.0
S72.002A,"Fracture of unspecified part of neck of left femur, initial encounter for closed fracture",0.6551724135671819,0.9047619043310657,0.7599999948239999,19,10,2,21,105.0
S72.002D,"Fracture of unspecified part of neck of left femur, subsequent encounter for closed fracture with routine healing",0.0,0.0,0.0,0,0,2,2,10.0
S72.011A,"Unspecified intracapsular fracture of right femur, initial encounter for closed fracture",0.9999999900000002,0.1111111109876543,0.1999999978,1,0,8,9,44.0
S72.012A,"Unspecified intracapsular fracture of left femur, initial encounter for closed fracture",0.0,0.0,0.0,0,0,13,13,46.0
S72.031A,"Displaced midcervical fracture of right femur, initial encounter for closed fracture",0.0,0.0,0.0,0,3,3,3,14.0
S72.032A,"Displaced midcervical fracture of left femur, initial encounter for closed fracture",0.0,0.0,0.0,0,0,3,3,17.0
S72.091A,"Other fracture of head and neck of right femur, initial encounter for closed fracture",0.0,0.0,0.0,0,2,2,2,11.0
S72.092A,"Other fracture of head and neck of left femur, initial encounter for closed fracture",0.0,0.0,0.0,0,0,4,4,17.0
S72.111A,"Displaced fracture of greater trochanter of right femur, initial encounter for closed fracture",0.6666666644444444,0.6666666644444444,0.6666666594444445,2,1,1,3,14.0
S72.112A,"Displaced fracture of greater trochanter of left femur, initial encounter for closed fracture",0.9999999900000002,0.3333333322222222,0.49999999375000004,1,0,2,3,13.0
S72.141A,"Displaced intertrochanteric fracture of right femur, initial encounter for closed fracture",0.8387096771488033,0.9285714282397959,0.8813559269175524,26,5,2,28,134.0
S72.142A,"Displaced intertrochanteric fracture of left femur, initial encounter for closed fracture",0.815789473469529,0.9117647056141869,0.8611111058873457,31,7,3,34,147.0
S72.145A,"Nondisplaced intertrochanteric fracture of left femur, initial encounter for closed fracture",0.0,0.0,0.0,0,0,3,3,15.0
S72.21XA,"Displaced subtrochanteric fracture of right femur, initial encounter for closed fracture",0.749999999375,0.9999999988888888,0.8571428514285714,9,3,0,9,45.0
S72.22XA,"Displaced subtrochanteric fracture of left femur, initial encounter for closed fracture",0.9999999983333333,0.6666666659259258,0.7999999941333333,6,0,3,9,44.0
S72.301A,"Unspecified fracture of shaft of right femur, initial encounter for closed fracture",0.0,0.0,0.0,0,0,4,4,18.0
S72.302A,"Unspecified fracture of shaft of left femur, initial encounter for closed fracture",0.0,0.0,0.0,0,3,5,5,23.0
S72.322A,"Displaced transverse fracture of shaft of left femur, initial encounter for closed fracture",0.0,0.0,0.0,0,0,2,2,7.0
S72.341A,"Displaced spiral fracture of shaft of right femur, initial encounter for closed fracture",0.249999999375,0.4999999975,0.33333332777777785,1,3,1,2,9.0
S72.351A,"Displaced comminuted fracture of shaft of right femur, initial encounter for closed fracture",0.3333333322222222,0.3333333322222222,0.33333332722222225,1,2,2,3,15.0
S72.352A,"Displaced comminuted fracture of shaft of left femur, initial encounter for closed fracture",0.0,0.0,0.0,0,1,3,3,18.0
S72.401A,"Unspecified fracture of lower end of right femur, initial encounter for closed fracture",0.4444444439506172,0.6666666655555555,0.5333333278222222,4,5,2,6,24.0
S72.402A,"Unspecified fracture of lower end of left femur, initial encounter for closed fracture",0.3999999992,0.33333333277777777,0.36363635801652905,2,3,4,6,29.0
S72.451A,"Displaced supracondylar fracture without intracondylar extension of lower end of right femur, initial encounter for closed fracture",0.0,0.0,0.0,0,2,4,4,18.0
S72.452A,"Displaced supracondylar fracture without intracondylar extension of lower end of left femur, initial encounter for closed fracture",0.16666666638888888,0.4999999975,0.24999999562500003,1,5,1,2,12.0
S72.491A,"Other fracture of lower end of right femur, initial encounter for closed fracture",0.0,0.0,0.0,0,0,2,2,8.0
S72.492A,"Other fracture of lower end of left femur, initial encounter for closed fracture",0.37499999953124996,0.5999999988,0.46153845609467453,3,5,2,5,18.0
S76.011A,"Strain of muscle, fascia and tendon of right hip, initial encounter",0.6666666644444444,0.999999995,0.799999992,2,1,0,2,10.0
S76.111A,"Strain of right quadriceps muscle, fascia and tendon, initial encounter",0.45454545413223135,0.9999999980000001,0.6249999949218751,5,6,0,5,24.0
S76.112A,"Strain of left quadriceps muscle, fascia and tendon, initial encounter",0.5999999988,0.5999999988,0.5999999938,3,2,2,5,25.0
S80.01XA,"Contusion of right knee, initial encounter",0.999999995,0.24999999968749997,0.399999996,2,0,6,8,30.0
S80.02XA,"Contusion of left knee, initial encounter",0.0,0.0,0.0,0,1,7,7,32.0
S80.11XA,"Contusion of right lower leg, initial encounter",0.4999999975,0.1111111109876543,0.1818181785123967,1,1,8,9,33.0
S80.12XA,"Contusion of left lower leg, initial encounter",0.0,0.0,0.0,0,0,8,8,41.0
S80.211A,"Abrasion, right knee, initial encounter",0.1111111109876543,0.07692307686390532,0.09090908599173579,1,8,12,13,51.0
S80.212A,"Abrasion, left knee, initial encounter",0.9999999900000002,0.1111111109876543,0.1999999978,1,0,8,9,45.0
S80.811A,"Abrasion, right lower leg, initial encounter",0.1999999996,0.16666666638888888,0.1818181765289258,1,4,5,6,31.0
S80.812A,"Abrasion, left lower leg, initial encounter",0.49999999875,0.24999999968749997,0.33333332833333335,2,2,6,8,38.0
S80.822A,"Blister (nonthermal), left lower leg, initial encounter",0.0,0.0,0.0,0,0,1,1,8.0
S81.011A,"Laceration without foreign body, right knee, initial encounter",0.4999999975,0.1999999996,0.28571428081632655,1,1,4,5,22.0
S81.012A,"Laceration without foreign body, left knee, initial encounter",0.2857142853061225,0.3999999992,0.33333332791666676,2,5,3,5,23.0
S81.801A,"Unspecified open wound, right lower leg, initial encounter",0.0,0.0,0.0,0,0,3,3,15.0
S81.802A,"Unspecified open wound, left lower leg, initial encounter",0.0,0.0,0.0,0,0,3,3,15.0
S81.811A,"Laceration without foreign body, right lower leg, initial encounter",0.18181818165289254,0.33333333277777777,0.2352941128027682,2,9,4,6,27.0
S81.812A,"Laceration without foreign body, left lower leg, initial encounter",0.49999999937499995,0.571428570612245,0.5333333276444445,4,4,3,7,36.0
S82.001A,"Unspecified fracture of right patella, initial encounter for closed fracture",0.3333333322222222,0.4999999975,0.39999999360000005,1,2,1,2,10.0
S82.002A,"Unspecified fracture of left patella, initial encounter for closed fracture",0.4999999975,0.4999999975,0.4999999925000001,1,1,1,2,10.0
S82.032A,"Displaced transverse fracture of left patella, initial encounter for closed fracture",0.6666666644444444,0.999999995,0.799999992,2,1,0,2,8.0
S82.041A,"Displaced comminuted fracture of right patella, initial encounter for closed fracture",0.9999999900000002,0.3333333322222222,0.49999999375000004,1,0,2,3,7.0
S82.101A,"Unspecified fracture of upper end of right tibia, initial encounter for closed fracture",0.0,0.0,0.0,0,0,2,2,7.0
S82.141A,"Displaced bicondylar fracture of right tibia, initial encounter for closed fracture",0.7692307686390532,0.7692307686390532,0.7692307636390532,10,3,3,13,66.0
S82.142A,"Displaced bicondylar fracture of left tibia, initial encounter for closed fracture",0.772727272376033,0.9999999994117647,0.8717948664299802,17,5,0,17,79.0
S82.144A,"Nondisplaced bicondylar fracture of right tibia, initial encounter for closed fracture",0.0,0.0,0.0,0,0,2,2,12.0
S82.145A,"Nondisplaced bicondylar fracture of left tibia, initial encounter for closed fracture",0.0,0.0,0.0,0,1,2,2,11.0
S82.202A,"Unspecified fracture of shaft of left tibia, initial encounter for closed fracture",0.0,0.0,0.0,0,0,2,2,9.0
S82.251A,"Displaced comminuted fracture of shaft of right tibia, initial encounter for closed fracture",0.0,0.0,0.0,0,0,2,2,12.0
S82.252A,"Displaced comminuted fracture of shaft of left tibia, initial encounter for closed fracture",0.0,0.0,0.0,0,1,6,6,11.0
S82.301A,"Unspecified fracture of lower end of right tibia, initial encounter for closed fracture",0.0,0.0,0.0,0,2,3,3,18.0
S82.302A,"Unspecified fracture of lower end of left tibia, initial encounter for closed fracture",0.14285714275510203,0.6666666644444444,0.2352941144636678,2,12,1,3,12.0
S82.391A,"Other fracture of lower end of right tibia, initial encounter for closed fracture",0.0,0.0,0.0,0,0,2,2,10.0
S82.392A,"Other fracture of lower end of left tibia, initial encounter for closed fracture",0.0,0.0,0.0,0,6,3,3,17.0
S82.401A,"Unspecified fracture of shaft of right fibula, initial encounter for closed fracture",0.0,0.0,0.0,0,1,3,3,14.0
S82.402A,"Unspecified fracture of shaft of left fibula, initial encounter for closed fracture",0.0,0.0,0.0,0,0,5,5,15.0
S82.451A,"Displaced comminuted fracture of shaft of right fibula, initial encounter for closed fracture",0.0,0.0,0.0,0,0,2,2,11.0
S82.452A,"Displaced comminuted fracture of shaft of left fibula, initial encounter for closed fracture",0.0,0.0,0.0,0,0,3,3,16.0
S82.491A,"Other fracture of shaft of right fibula, initial encounter for closed fracture",0.0,0.0,0.0,0,0,2,2,10.0
S82.51XA,"Displaced fracture of medial malleolus of right tibia, initial encounter for closed fracture",0.1999999996,0.3333333322222222,0.24999999468750006,1,4,2,3,18.0
S82.52XA,"Displaced fracture of medial malleolus of left tibia, initial encounter for closed fracture",0.14285714265306124,0.249999999375,0.1818181768595043,1,6,3,4,21.0
S82.61XA,"Displaced fracture of lateral malleolus of right fibula, initial encounter for closed fracture",0.0,0.0,0.0,0,0,4,4,17.0
S82.62XA,"Displaced fracture of lateral malleolus of left fibula, initial encounter for closed fracture",0.0,0.0,0.0,0,1,4,4,21.0
S82.831A,"Other fracture of upper and lower end of right fibula, initial encounter for closed fracture",0.319999999872,0.7272727266115702,0.44444443995370375,8,17,3,11,50.0
S82.831B,"Other fracture of upper and lower end of right fibula, initial encounter for open fracture type I or II",0.4999999975,0.4999999975,0.4999999925000001,1,1,1,2,10.0
S82.832A,"Other fracture of upper and lower end of left fibula, initial encounter for closed fracture",0.2222222220987654,0.3999999996,0.28571428091836737,4,14,6,10,49.0
S82.832B,"Other fracture of upper and lower end of left fibula, initial encounter for open fracture type I or II",0.0,0.0,0.0,0,2,2,2,11.0
S82.841A,"Displaced bimalleolar fracture of right lower leg, initial encounter for closed fracture",0.37499999953124996,0.23076923059171597,0.2857142807256236,3,5,10,13,46.0
S82.841B,"Displaced bimalleolar fracture of right lower leg, initial encounter for open fracture type I or II",0.0,0.0,0.0,0,0,2,2,8.0
S82.842A,"Displaced bimalleolar fracture of left lower leg, initial encounter for closed fracture",0.6666666644444444,0.24999999968749997,0.36363635900826446,2,1,6,8,37.0
S82.851A,"Displaced trimalleolar fracture of right lower leg, initial encounter for closed fracture",0.5384615380473372,0.5833333328472222,0.55999999456,7,6,5,12,69.0
S82.851B,"Displaced trimalleolar fracture of right lower leg, initial encounter for open fracture type I or II",0.0,0.0,0.0,0,0,2,2,8.0
S82.852A,"Displaced trimalleolar fracture of left lower leg, initial encounter for closed fracture",0.439999999824,0.9166666659027777,0.594594589890431,11,14,1,12,53.0
S82.871A,"Displaced pilon fracture of right tibia, initial encounter for closed fracture",0.7999999984,0.7999999984,0.7999999934,4,1,1,5,21.0
S82.872A,"Displaced pilon fracture of left tibia, initial encounter for closed fracture",0.9999999900000002,0.249999999375,0.3999999952,1,0,3,4,17.0
S82.891A,"Other fracture of right lower leg, initial encounter for closed fracture",0.0,0.0,0.0,0,0,2,2,10.0
S82.892A,"Other fracture of left lower leg, initial encounter for closed fracture",0.0,0.0,0.0,0,0,2,2,9.0
S83.241A,"Other tear of medial meniscus, current injury, right knee, initial encounter",0.0,0.0,0.0,0,1,3,3,7.0
S83.242A,"Other tear of medial meniscus, current injury, left knee, initial encounter",0.4999999975,0.4999999975,0.4999999925000001,1,1,1,2,8.0
S83.281A,"Other tear of lateral meniscus, current injury, right knee, initial encounter",0.16666666638888888,0.4999999975,0.24999999562500003,1,5,1,2,11.0
S83.282A,"Other tear of lateral meniscus, current injury, left knee, initial encounter",0.0,0.0,0.0,0,0,3,3,16.0
S90.822A,"Blister (nonthermal), left foot, initial encounter",0.0,0.0,0.0,0,1,2,2,11.0
S91.312A,"Laceration without foreign body, left foot, initial encounter",0.0,0.0,0.0,0,0,2,2,9.0
S92.001A,"Unspecified fracture of right calcaneus, initial encounter for closed fracture",0.49999999875,0.6666666644444444,0.5714285648979592,2,2,1,3,15.0
S92.002A,"Unspecified fracture of left calcaneus, initial encounter for closed fracture",0.3333333322222222,0.3333333322222222,0.33333332722222225,1,2,2,3,12.0
S92.061A,"Displaced intraarticular fracture of right calcaneus, initial encounter for closed fracture",0.49999999875,0.999999995,0.6666666600000001,2,2,0,2,9.0
S92.212A,"Displaced fracture of cuboid bone of left foot, initial encounter for closed fracture",0.3333333322222222,0.4999999975,0.39999999360000005,1,2,1,2,11.0
S92.322A,"Displaced fracture of second metatarsal bone, left foot, initial encounter for closed fracture",0.0,0.0,0.0,0,1,3,3,12.0
S92.332A,"Displaced fracture of third metatarsal bone, left foot, initial encounter for closed fracture",0.3333333322222222,0.3333333322222222,0.33333332722222225,1,2,2,3,13.0
S92.341A,"Displaced fracture of fourth metatarsal bone, right foot, initial encounter for closed fracture",0.0,0.0,0.0,0,2,2,2,8.0
S92.342A,"Displaced fracture of fourth metatarsal bone, left foot, initial encounter for closed fracture",0.0,0.0,0.0,0,1,3,3,13.0
S92.351A,"Displaced fracture of fifth metatarsal bone, right foot, initial encounter for closed fracture",0.0,0.0,0.0,0,0,2,2,11.0
S92.352A,"Displaced fracture of fifth metatarsal bone, left foot, initial encounter for closed fracture",0.1999999996,0.3333333322222222,0.24999999468750006,1,4,2,3,13.0
S93.401A,"Sprain of unspecified ligament of right ankle, initial encounter",0.7499999981250001,0.49999999916666665,0.5999999940000001,3,1,3,6,23.0
S93.402A,"Sprain of unspecified ligament of left ankle, initial encounter",0.0,0.0,0.0,0,0,2,2,10.0
S93.431A,"Sprain of tibiofibular ligament of right ankle, initial encounter",0.0,0.0,0.0,0,3,4,4,20.0
S93.432A,"Sprain of tibiofibular ligament of left ankle, initial encounter",0.0,0.0,0.0,0,0,2,2,9.0
T14.8,Other injury of unspecified body region,0.0,0.0,0.0,0,0,6,6,28.0
T14.8XXA,"Other injury of unspecified body region, initial encounter",0.0,0.0,0.0,0,0,3,3,15.0
T14.8XXS,"Other injury of unspecified body region, sequela",0.0,0.0,0.0,0,5,4,4,20.0
T14.90,"Injury, unspecified",0.0,0.0,0.0,0,2,2,2,10.0
T14.90XS,"Injury, unspecified, sequela",0.0,0.0,0.0,0,0,5,5,16.0
T14.91,Suicide attempt,0.0,0.0,0.0,0,0,2,2,12.0
T14.91XA,"Suicide attempt, initial encounter",0.0,0.0,0.0,0,0,2,2,11.0
T17.490A,"Other foreign object in trachea causing asphyxiation, initial encounter",0.0,0.0,0.0,0,0,3,3,13.0
T17.590A,"Other foreign object in bronchus causing asphyxiation, initial encounter",0.0,0.0,0.0,0,6,17,17,82.0
T17.820A,"Food in other parts of respiratory tract causing asphyxiation, initial encounter",0.0,0.0,0.0,0,0,3,3,11.0
T17.890A,"Other foreign object in other parts of respiratory tract causing asphyxiation, initial encounter",0.4999999975,0.05555555552469135,0.09999999810000001,1,1,17,18,87.0
T17.900A,"Unspecified foreign body in respiratory tract, part unspecified causing asphyxiation, initial encounter",0.0,0.0,0.0,0,0,4,4,14.0
T17.918A,"Gastric contents in respiratory tract, part unspecified causing other injury, initial encounter",0.0,0.0,0.0,0,0,6,6,16.0
T17.920A,"Food in respiratory tract, part unspecified causing asphyxiation, initial encounter",0.0,0.0,0.0,0,1,10,10,40.0
T17.990A,"Other foreign object in respiratory tract, part unspecified in causing asphyxiation, initial encounter",0.12499999984374999,0.04347826085066162,0.06451612516129054,1,7,22,23,106.0
T18.128A,"Food in esophagus causing other injury, initial encounter",0.7999999992,0.7272727266115702,0.7619047561904763,8,2,3,11,53.0
T18.198A,"Other foreign object in esophagus causing other injury, initial encounter",0.0,0.0,0.0,0,0,2,2,11.0
T18.2XXA,"Foreign body in stomach, initial encounter",0.999999995,0.33333333277777777,0.49999999500000003,2,0,4,6,27.0
T18.3XXA,"Foreign body in small intestine, initial encounter",0.4999999975,0.249999999375,0.33333332777777785,1,1,3,4,16.0
T18.4XXA,"Foreign body in colon, initial encounter",0.999999995,0.6666666644444444,0.799999992,2,0,1,3,13.0
T31.0,Burns involving less than 10% of body surface,0.0,0.0,0.0,0,0,2,2,9.0
T36.0X5A,"Adverse effect of penicillins, initial encounter",0.4444444443209876,0.363636363553719,0.39999999495,16,20,28,44,162.0
T36.1X5A,"Adverse effect of cephalosporins and other beta-lactam antibiotics, initial encounter",0.4827586206341657,0.5675675674908693,0.5217391254025695,42,45,32,74,361.0
T36.3X5A,"Adverse effect of macrolides, initial encounter",0.6666666644444444,0.1999999998,0.3076923036686391,2,1,8,10,24.0
T36.4X5A,"Adverse effect of tetracyclines, initial encounter",0.49999999875,0.33333333277777777,0.3999999944,2,2,4,6,31.0
T36.5X5A,"Adverse effect of aminoglycosides, initial encounter",0.0,0.0,0.0,0,0,2,2,10.0
T36.6X5A,"Adverse effect of rifampicins, initial encounter",0.3333333322222222,0.4999999975,0.39999999360000005,1,2,1,2,11.0
T36.6X6A,"Underdosing of rifampicins, initial encounter",0.0,0.0,0.0,0,0,2,2,8.0
T36.7X5A,"Adverse effect of antifungal antibiotics, systemically used, initial encounter",0.0,0.0,0.0,0,2,7,7,33.0
T36.8X5A,"Adverse effect of other systemic antibiotics, initial encounter",0.42857142851576996,0.34020618553193754,0.3793103398500463,33,44,64,97,456.0
T36.8X6A,"Underdosing of other systemic antibiotics, initial encounter",0.0,0.0,0.0,0,0,3,3,18.0
T36.95XA,"Adverse effect of unspecified systemic antibiotic, initial encounter",0.42105263146814403,0.2909090908561983,0.3440860165984507,16,22,39,55,262.0
T37.0X5A,"Adverse effect of sulfonamides, initial encounter",0.5483870965972945,0.3863636362758264,0.4533333283626667,17,14,27,44,150.0
T37.1X5A,"Adverse effect of antimycobacterial drugs, initial encounter",0.9999999900000002,0.249999999375,0.3999999952,1,0,3,4,22.0
T37.2X5A,"Adverse effect of antimalarials and drugs acting on other blood protozoa, initial encounter",0.0,0.0,0.0,0,1,2,2,8.0
T37.3X5A,"Adverse effect of other antiprotozoal drugs, initial encounter",0.9999999900000002,0.12499999984374999,0.22222221975308643,1,0,7,8,26.0
T37.5X5A,"Adverse effect of antiviral drugs, initial encounter",0.4999999996875,0.3333333331944444,0.39999999500000005,8,8,16,24,83.0
T37.5X6A,"Underdosing of antiviral drugs, initial encounter",0.0,0.0,0.0,0,2,6,6,17.0
T37.8X5A,"Adverse effect of other specified systemic anti-infectives and antiparasitics, initial encounter",0.3999999992,0.16666666652777776,0.23529411321799312,2,3,10,12,61.0
T38.0X5A,"Adverse effect of glucocorticoids and synthetic analogues, initial encounter",0.4491803278541252,0.4628378378222014,0.45590681694934393,137,168,159,296,1335.0
T38.0X5D,"Adverse effect of glucocorticoids and synthetic analogues, subsequent encounter",0.0,0.0,0.0,0,2,7,7,35.0
T38.0X5S,"Adverse effect of glucocorticoids and synthetic analogues, sequela",0.0,0.0,0.0,0,0,18,18,76.0
T38.0X6A,"Underdosing of glucocorticoids and synthetic analogues, initial encounter",0.0,0.0,0.0,0,1,5,5,27.0
T38.1X5A,"Adverse effect of thyroid hormones and substitutes, initial encounter",0.0,0.0,0.0,0,0,2,2,11.0
T38.1X6A,"Underdosing of thyroid hormones and substitutes, initial encounter",0.0,0.0,0.0,0,0,3,3,11.0
T38.2X5A,"Adverse effect of antithyroid drugs, initial encounter",0.0,0.0,0.0,0,1,1,1,8.0
T38.3X1A,"Poisoning by insulin and oral hypoglycemic [antidiabetic] drugs, accidental (unintentional), initial encounter",0.0,0.0,0.0,0,2,5,5,27.0
T38.3X5A,"Adverse effect of insulin and oral hypoglycemic [antidiabetic] drugs, initial encounter",0.24999999968749997,0.08695652170132324,0.12903225415192518,2,6,21,23,111.0
T38.3X6A,"Underdosing of insulin and oral hypoglycemic [antidiabetic] drugs, initial encounter",0.29999999969999996,0.062499999986979166,0.10344827297265169,3,7,45,48,153.0
T38.4X5A,"Adverse effect of oral contraceptives, initial encounter",0.0,0.0,0.0,0,0,2,2,10.0
T38.7X5A,"Adverse effect of androgens and anabolic congeners, initial encounter",0.0,0.0,0.0,0,0,3,3,15.0
T38.895A,"Adverse effect of other hormones and synthetic substitutes, initial encounter",0.0,0.0,0.0,0,2,2,2,12.0
T39.015A,"Adverse effect of aspirin, initial encounter",0.249999999375,0.07692307686390532,0.11764705508650528,1,3,12,13,50.0
T39.016A,"Underdosing of aspirin, initial encounter",0.0,0.0,0.0,0,1,3,3,15.0
T39.1X1A,"Poisoning by 4-Aminophenol derivatives, accidental (unintentional), initial encounter",0.5217391302079395,0.74999999953125,0.6153846102301118,12,11,4,16,34.0
T39.1X2A,"Poisoning by 4-Aminophenol derivatives, intentional self-harm, initial encounter",0.6666666662222221,0.9090909082644627,0.7692307637573965,10,5,1,11,55.0
T39.1X5A,"Adverse effect of 4-Aminophenol derivatives, initial encounter",0.24999999968749997,0.15384615372781063,0.1904761855782314,2,6,11,13,33.0
T39.312A,"Poisoning by propionic acid derivatives, intentional self-harm, initial encounter",0.9999999900000002,0.3333333322222222,0.49999999375000004,1,0,2,3,18.0
T39.315A,"Adverse effect of propionic acid derivatives, initial encounter",0.319999999872,0.6153846149112425,0.4210526268559557,8,17,5,13,64.0
T39.395A,"Adverse effect of other nonsteroidal anti-inflammatory drugs [NSAID], initial encounter",0.34482758608799047,0.37037037023319613,0.35714285202168367,10,19,17,27,133.0
T39.395S,"Adverse effect of other nonsteroidal anti-inflammatory drugs [NSAID], sequela",0.0,0.0,0.0,0,0,1,1,8.0
T39.4X5A,"Adverse effect of antirheumatics, not elsewhere classified, initial encounter",0.0,0.0,0.0,0,0,2,2,9.0
T39.8X5A,"Adverse effect of other nonopioid analgesics and antipyretics, not elsewhere classified, initial encounter",0.0,0.0,0.0,0,0,4,4,17.0
T39.95XA,"Adverse effect of unspecified nonopioid analgesic, antipyretic and antirheumatic, initial encounter",0.0,0.0,0.0,0,0,5,5,21.0
T40.1X1A,"Poisoning by heroin, accidental (unintentional), initial encounter",0.7142857132653061,0.41666666631944443,0.5263157842659281,5,2,7,12,39.0
T40.1X2A,"Poisoning by heroin, intentional self-harm, initial encounter",0.0,0.0,0.0,0,0,2,2,11.0
T40.2X1A,"Poisoning by other opioids, accidental (unintentional), initial encounter",0.3124999998046875,0.3571428568877551,0.3333333281333334,5,11,9,14,66.0
T40.2X2A,"Poisoning by other opioids, intentional self-harm, initial encounter",0.0,0.0,0.0,0,0,2,2,11.0
T40.2X5A,"Adverse effect of other opioids, initial encounter",0.4009009008828423,0.45177664972326004,0.4248209973841571,89,133,108,197,941.0
T40.2X6A,"Underdosing of other opioids, initial encounter",0.0,0.0,0.0,0,0,2,2,7.0
T40.3X1A,"Poisoning by methadone, accidental (unintentional), initial encounter",0.0,0.0,0.0,0,0,2,2,11.0
T40.3X5A,"Adverse effect of methadone, initial encounter",0.14285714278911565,0.4285714279591837,0.21428571038265312,3,18,4,7,37.0
T40.4X1A,"Poisoning by other synthetic narcotics, accidental (unintentional), initial encounter",0.9999999900000002,0.1999999996,0.33333332944444444,1,0,4,5,23.0
T40.4X5A,"Adverse effect of other synthetic narcotics, initial encounter",0.9999999900000002,0.03846153844674556,0.07407407330589848,1,0,25,26,78.0
T40.5X1A,"Poisoning by cocaine, accidental (unintentional), initial encounter",0.15384615372781063,0.18181818165289254,0.16666666156250012,2,11,9,11,52.0
T40.5X2A,"Poisoning by cocaine, intentional self-harm, initial encounter",0.0,0.0,0.0,0,0,1,1,8.0
T40.605A,"Adverse effect of unspecified narcotics, initial encounter",0.0999999999,0.016949152539500145,0.028985504759504517,1,9,58,59,286.0
T40.695A,"Adverse effect of other narcotics, initial encounter",0.0,0.0,0.0,0,0,3,3,16.0
T40.7X1A,"Poisoning by cannabis (derivatives), accidental (unintentional), initial encounter",0.0,0.0,0.0,0,2,4,4,22.0
T40.7X5A,"Adverse effect of cannabis (derivatives), initial encounter",0.0,0.0,0.0,0,0,3,3,14.0
T41.0X5A,"Adverse effect of inhaled anesthetics, initial encounter",0.0,0.0,0.0,0,0,2,2,8.0
T41.205A,"Adverse effect of unspecified general anesthetics, initial encounter",0.0,0.0,0.0,0,0,3,3,16.0
T41.295A,"Adverse effect of other general anesthetics, initial encounter",0.0,0.0,0.0,0,0,26,26,98.0
T41.3X5A,"Adverse effect of local anesthetics, initial encounter",0.0,0.0,0.0,0,1,12,12,38.0
T41.45XA,"Adverse effect of unspecified anesthetic, initial encounter",0.0,0.0,0.0,0,0,8,8,39.0
T42.0X5A,"Adverse effect of hydantoin derivatives, initial encounter",0.3333333322222222,0.16666666638888888,0.2222222172839507,1,2,5,6,33.0
T42.1X5A,"Adverse effect of iminostilbenes, initial encounter",0.3333333322222222,0.16666666638888888,0.2222222172839507,1,2,5,6,30.0
T42.3X5A,"Adverse effect of barbiturates, initial encounter",0.0,0.0,0.0,0,0,4,4,17.0
T42.4X1A,"Poisoning by benzodiazepines, accidental (unintentional), initial encounter",0.49999999916666665,0.2727272724793388,0.3529411714878893,3,3,8,11,54.0
T42.4X2A,"Poisoning by benzodiazepines, intentional self-harm, initial encounter",0.9999999966666667,0.2727272724793388,0.42857142459183667,3,0,8,11,56.0
T42.4X5A,"Adverse effect of benzodiazepines, initial encounter",0.4102564101512163,0.25396825392794153,0.3137254854113803,16,23,47,63,255.0
T42.4X6A,"Underdosing of benzodiazepines, initial encounter",0.0,0.0,0.0,0,0,3,3,16.0
T42.6X1A,"Poisoning by other antiepileptic and sedative-hypnotic drugs, accidental (unintentional), initial encounter",0.0,0.0,0.0,0,1,6,6,27.0
T42.6X2A,"Poisoning by other antiepileptic and sedative-hypnotic drugs, intentional self-harm, initial encounter",0.9999999975,0.7999999984,0.8888888819753088,4,0,1,5,21.0
T42.6X5A,"Adverse effect of other antiepileptic and sedative-hypnotic drugs, initial encounter",0.552631578801939,0.35593220332950304,0.4329896858667234,21,17,38,59,283.0
T42.6X6A,"Underdosing of other antiepileptic and sedative-hypnotic drugs, initial encounter",0.0,0.0,0.0,0,0,11,11,56.0
T42.75XA,"Adverse effect of unspecified antiepileptic and sedative-hypnotic drugs, initial encounter",0.0,0.0,0.0,0,0,18,18,86.0
T42.8X5A,"Adverse effect of antiparkinsonism drugs and other central muscle-tone depressants, initial encounter",0.3999999992,0.16666666652777776,0.23529411321799312,2,3,10,12,65.0
T43.012A,"Poisoning by tricyclic antidepressants, intentional self-harm, initial encounter",0.6666666644444444,0.999999995,0.799999992,2,1,0,2,12.0
T43.015A,"Adverse effect of tricyclic antidepressants, initial encounter",0.3333333322222222,0.1999999996,0.24999999468750006,1,2,4,5,23.0
T43.025A,"Adverse effect of tetracyclic antidepressants, initial encounter",0.0,0.0,0.0,0,2,4,4,21.0
T43.212A,"Poisoning by selective serotonin and norepinephrine reuptake inhibitors, intentional self-harm, initial encounter",0.14285714265306124,0.3333333322222222,0.1999999954000001,1,6,2,3,12.0
T43.215A,"Adverse effect of selective serotonin and norepinephrine reuptake inhibitors, initial encounter",0.3333333322222222,0.12499999984374999,0.18181817752066123,1,2,7,8,41.0
T43.216A,"Underdosing of selective serotonin and norepinephrine reuptake inhibitors, initial encounter",0.0,0.0,0.0,0,0,2,2,10.0
T43.222A,"Poisoning by selective serotonin reuptake inhibitors, intentional self-harm, initial encounter",0.3999999992,0.3999999992,0.39999999420000004,2,3,3,5,20.0
T43.225A,"Adverse effect of selective serotonin reuptake inhibitors, initial encounter",0.2916666665451389,0.6363636357851239,0.3999999954612245,7,17,4,11,51.0
T43.226A,"Underdosing of selective serotonin reuptake inhibitors, initial encounter",0.0,0.0,0.0,0,0,7,7,22.0
T43.292A,"Poisoning by other antidepressants, intentional self-harm, initial encounter",0.249999999375,0.4999999975,0.33333332777777785,1,3,1,2,10.0
T43.295A,"Adverse effect of other antidepressants, initial encounter",0.0,0.0,0.0,0,0,2,2,11.0
T43.3X5A,"Adverse effect of phenothiazine antipsychotics and neuroleptics, initial encounter",0.0,0.0,0.0,0,1,5,5,22.0
T43.4X5A,"Adverse effect of butyrophenone and thiothixene neuroleptics, initial encounter",0.49999999916666665,0.23076923059171597,0.31578946903047095,3,3,10,13,39.0
T43.505A,"Adverse effect of unspecified antipsychotics and neuroleptics, initial encounter",0.0,0.0,0.0,0,0,2,2,11.0
T43.591A,"Poisoning by other antipsychotics and neuroleptics, accidental (unintentional), initial encounter",0.0,0.0,0.0,0,0,2,2,12.0
T43.592A,"Poisoning by other antipsychotics and neuroleptics, intentional self-harm, initial encounter",0.16666666638888888,0.1999999996,0.1818181765289258,1,5,4,5,19.0
T43.595A,"Adverse effect of other antipsychotics and neuroleptics, initial encounter",0.3170731706543724,0.2954545453873967,0.3058823478754326,13,28,31,44,183.0
T43.595S,"Adverse effect of other antipsychotics and neuroleptics, sequela",0.249999999375,0.249999999375,0.2499999943750001,1,3,3,4,19.0
T43.596A,"Underdosing of other antipsychotics and neuroleptics, initial encounter",0.0,0.0,0.0,0,0,7,7,34.0
T43.621A,"Poisoning by amphetamines, accidental (unintentional), initial encounter",0.3333333322222222,0.3333333322222222,0.33333332722222225,1,2,2,3,18.0
T43.622A,"Poisoning by amphetamines, intentional self-harm, initial encounter",0.249999999375,0.4999999975,0.33333332777777785,1,3,1,2,10.0
T43.625A,"Adverse effect of amphetamines, initial encounter",0.0,0.0,0.0,0,0,2,2,7.0
T44.3X1A,"Poisoning by other parasympatholytics [anticholinergics and antimuscarinics] and spasmolytics, accidental (unintentional), initial encounter",0.9999999900000002,0.4999999975,0.6666666577777778,1,0,1,2,8.0
T44.3X5A,"Adverse effect of other parasympatholytics [anticholinergics and antimuscarinics] and spasmolytics, initial encounter",0.0,0.0,0.0,0,0,8,8,41.0
T44.3X6A,"Underdosing of other parasympatholytics [anticholinergics and antimuscarinics] and spasmolytics, initial encounter",0.0,0.0,0.0,0,0,2,2,10.0
T44.4X5A,"Adverse effect of predominantly alpha-adrenoreceptor agonists, initial encounter",0.0,0.0,0.0,0,0,4,4,16.0
T44.5X5A,"Adverse effect of predominantly beta-adrenoreceptor agonists, initial encounter",0.0,0.0,0.0,0,0,4,4,20.0
T44.6X5A,"Adverse effect of alpha-adrenoreceptor antagonists, initial encounter",0.0,0.0,0.0,0,1,13,13,25.0
T44.7X1A,"Poisoning by beta-adrenoreceptor antagonists, accidental (unintentional), initial encounter",0.33333333277777777,0.49999999875,0.3999999944,2,4,2,4,21.0
T44.7X2A,"Poisoning by beta-adrenoreceptor antagonists, intentional self-harm, initial encounter",0.4999999975,0.4999999975,0.4999999925000001,1,1,1,2,9.0
T44.7X5A,"Adverse effect of beta-adrenoreceptor antagonists, initial encounter",0.4210526313573407,0.11940298505680554,0.1860465081422391,8,11,59,67,251.0
T44.7X6A,"Underdosing of beta-adrenoreceptor antagonists, initial encounter",0.0,0.0,0.0,0,0,6,6,28.0
T44.8X5A,"Adverse effect of centrally-acting and adrenergic-neuron-blocking agents, initial encounter",0.0,0.0,0.0,0,0,6,6,32.0
T45.0X1A,"Poisoning by antiallergic and antiemetic drugs, accidental (unintentional), initial encounter",0.0,0.0,0.0,0,0,2,2,9.0
T45.0X2A,"Poisoning by antiallergic and antiemetic drugs, intentional self-harm, initial encounter",0.3999999992,0.49999999875,0.4444444385185186,2,3,2,4,19.0
T45.0X5A,"Adverse effect of antiallergic and antiemetic drugs, initial encounter",0.0,0.0,0.0,0,0,20,20,81.0
T45.1X1A,"Poisoning by antineoplastic and immunosuppressive drugs, accidental (unintentional), initial encounter",0.2857142853061225,0.6666666644444444,0.39999999500000005,2,5,1,3,16.0
T45.1X5A,"Adverse effect of antineoplastic and immunosuppressive drugs, initial encounter",0.5587248322053905,0.6391554702372523,0.5962399233914542,333,263,188,521,2527.0
T45.1X5D,"Adverse effect of antineoplastic and immunosuppressive drugs, subsequent encounter",0.0,0.0,0.0,0,0,16,16,75.0
T45.1X5S,"Adverse effect of antineoplastic and immunosuppressive drugs, sequela",0.1999999996,0.028571428563265305,0.04999999778750009,1,4,34,35,175.0
T45.1X6A,"Underdosing of antineoplastic and immunosuppressive drugs, initial encounter",0.0,0.0,0.0,0,0,4,4,19.0
T45.2X5A,"Adverse effect of vitamins, initial encounter",0.0,0.0,0.0,0,0,2,2,8.0
T45.4X5A,"Adverse effect of iron and its compounds, initial encounter",0.0,0.0,0.0,0,0,3,3,14.0
T45.511A,"Poisoning by anticoagulants, accidental (unintentional), initial encounter",0.0,0.0,0.0,0,0,2,2,11.0
T45.515A,"Adverse effect of anticoagulants, initial encounter",0.390243902415229,0.31067961163540386,0.3459459409916727,64,100,142,206,993.0
T45.515S,"Adverse effect of anticoagulants, sequela",0.0,0.0,0.0,0,0,2,2,8.0
T45.516A,"Underdosing of anticoagulants, initial encounter",0.249999999375,0.08333333326388888,0.1249999960937501,1,3,11,12,61.0
T45.525A,"Adverse effect of antithrombotic drugs, initial encounter",0.4999999995833333,0.19999999993333334,0.2857142814965987,6,6,24,30,147.0
T45.526A,"Underdosing of antithrombotic drugs, initial encounter",0.0,0.0,0.0,0,0,5,5,23.0
T45.615A,"Adverse effect of thrombolytic drugs, initial encounter",0.1999999996,0.14285714265306124,0.16666666152777793,1,4,6,7,35.0
T45.7X5A,"Adverse effect of anticoagulant antagonists, vitamin K and other coagulants, initial encounter",0.0,0.0,0.0,0,0,2,2,8.0
T45.8X5A,"Adverse effect of other primarily systemic and hematological agents, initial encounter",0.4374999997265625,0.2916666665451389,0.3499999950250001,7,9,17,24,122.0
T46.0X5A,"Adverse effect of cardiac-stimulant glycosides and drugs of similar action, initial encounter",0.49999999916666665,0.37499999953124996,0.4285714230612245,3,3,5,8,29.0
T46.1X1A,"Poisoning by calcium-channel blockers, accidental (unintentional), initial encounter",0.0,0.0,0.0,0,1,2,2,10.0
T46.1X5A,"Adverse effect of calcium-channel blockers, initial encounter",0.3333333322222222,0.031249999990234374,0.05714285554285718,1,2,31,32,109.0
T46.1X6A,"Underdosing of calcium-channel blockers, initial encounter",0.0,0.0,0.0,0,0,5,5,22.0
T46.2X5A,"Adverse effect of other antidysrhythmic drugs, initial encounter",0.4285714282653061,0.16666666662037036,0.239999995872,6,8,30,36,122.0
T46.2X5D,"Adverse effect of other antidysrhythmic drugs, subsequent encounter",0.0,0.0,0.0,0,0,1,1,7.0
T46.2X5S,"Adverse effect of other antidysrhythmic drugs, sequela",0.249999999375,0.16666666638888888,0.1999999948000001,1,3,5,6,16.0
T46.3X5A,"Adverse effect of coronary vasodilators, initial encounter",0.0,0.0,0.0,0,0,15,15,55.0
T46.4X5A,"Adverse effect of angiotensin-converting-enzyme inhibitors, initial encounter",0.3999999998857143,0.35897435888231427,0.3783783732907232,14,21,25,39,158.0
T46.4X6A,"Underdosing of angiotensin-converting-enzyme inhibitors, initial encounter",0.0,0.0,0.0,0,1,5,5,24.0
T46.5X1A,"Poisoning by other antihypertensive drugs, accidental (unintentional), initial encounter",0.0,0.0,0.0,0,0,2,2,9.0
T46.5X2A,"Poisoning by other antihypertensive drugs, intentional self-harm, initial encounter",0.9999999900000002,0.4999999975,0.6666666577777778,1,0,1,2,12.0
T46.5X5A,"Adverse effect of other antihypertensive drugs, initial encounter",0.11904761901927437,0.1666666666111111,0.1388888839891977,5,37,25,30,150.0
T46.5X6A,"Underdosing of other antihypertensive drugs, initial encounter",0.249999999375,0.09090909082644627,0.13333332924444455,1,3,10,11,57.0
T46.6X5A,"Adverse effect of antihyperlipidemic and antiarteriosclerotic drugs, initial encounter",0.46666666635555554,0.4374999997265625,0.45161289793964626,7,8,9,16,64.0
T46.6X6A,"Underdosing of antihyperlipidemic and antiarteriosclerotic drugs, initial encounter",0.0,0.0,0.0,0,0,4,4,17.0
T46.7X5A,"Adverse effect of peripheral vasodilators, initial encounter",0.0,0.0,0.0,0,0,3,3,16.0
T47.1X5A,"Adverse effect of other antacids and anti-gastric-secretion drugs, initial encounter",0.0,0.0,0.0,0,2,8,8,40.0
T47.1X6A,"Underdosing of other antacids and anti-gastric-secretion drugs, initial encounter",0.0,0.0,0.0,0,0,1,1,8.0
T47.3X5A,"Adverse effect of saline and osmotic laxatives, initial encounter",0.0,0.0,0.0,0,0,5,5,23.0
T47.3X6A,"Underdosing of saline and osmotic laxatives, initial encounter",0.4444444439506172,0.30769230745562126,0.3636363584710744,4,5,9,13,51.0
T47.4X5A,"Adverse effect of other laxatives, initial encounter",0.4999999975,0.12499999984374999,0.19999999640000002,1,1,7,8,37.0
T47.6X5A,"Adverse effect of antidiarrheal drugs, initial encounter",0.0,0.0,0.0,0,0,2,2,9.0
T48.1X5A,"Adverse effect of skeletal muscle relaxants [neuromuscular blocking agents], initial encounter",0.9999999900000002,0.16666666638888888,0.2857142824489796,1,0,5,6,27.0
T48.6X5A,"Adverse effect of antiasthmatics, initial encounter",0.29999999985,0.5999999993999999,0.3999999952888889,6,14,4,10,48.0
T48.6X6A,"Underdosing of antiasthmatics, initial encounter",0.0,0.0,0.0,0,1,3,3,14.0
T49.0X5A,"Adverse effect of local antifungal, anti-infective and anti-inflammatory drugs, initial encounter",0.0,0.0,0.0,0,0,3,3,15.0
T50.0X5A,"Adverse effect of mineralocorticoids and their antagonists, initial encounter",0.33333333277777777,0.16666666652777776,0.22222221753086427,2,4,10,12,60.0
T50.0X6A,"Underdosing of mineralocorticoids and their antagonists, initial encounter",0.0,0.0,0.0,0,0,3,3,18.0
T50.1X1A,"Poisoning by loop [high-ceiling] diuretics, accidental (unintentional), initial encounter",0.0,0.0,0.0,0,0,2,2,9.0
T50.1X5A,"Adverse effect of loop [high-ceiling] diuretics, initial encounter",0.3157894735180055,0.07142857142006803,0.11650485133754368,6,13,78,84,324.0
T50.1X6A,"Underdosing of loop [high-ceiling] diuretics, initial encounter",0.1999999996,0.029411764697231835,0.05128204902038142,1,4,33,34,93.0
T50.2X5A,"Adverse effect of carbonic-anhydrase inhibitors, benzothiadiazides and other diuretics, initial encounter",0.19230769223372782,0.09999999998,0.13157894283241012,5,21,45,50,226.0
T50.2X6A,"Underdosing of carbonic-anhydrase inhibitors, benzothiadiazides and other diuretics, initial encounter",0.0,0.0,0.0,0,0,6,6,26.0
T50.3X5A,"Adverse effect of electrolytic, caloric and water-balance agents, initial encounter",0.0,0.0,0.0,0,0,9,9,40.0
T50.4X5A,"Adverse effect of drugs affecting uric acid metabolism, initial encounter",0.6363636357851239,0.6363636357851239,0.6363636307851239,7,4,4,11,54.0
T50.7X5A,"Adverse effect of analeptics and opioid receptor antagonists, initial encounter",0.0,0.0,0.0,0,0,3,3,14.0
T50.8X5A,"Adverse effect of diagnostic agents, initial encounter",0.514018691540746,0.5392156862216455,0.5263157844261809,55,52,47,102,385.0
T50.901A,"Poisoning by unspecified drugs, medicaments and biological substances, accidental (unintentional), initial encounter",0.0,0.0,0.0,0,0,3,3,11.0
T50.905A,"Adverse effect of unspecified drugs, medicaments and biological substances, initial encounter",0.0,0.0,0.0,0,1,35,35,163.0
T50.906A,"Underdosing of unspecified drugs, medicaments and biological substances, initial encounter",0.0,0.0,0.0,0,0,4,4,19.0
T50.991A,"Poisoning by other drugs, medicaments and biological substances, accidental (unintentional), initial encounter",0.0,0.0,0.0,0,0,2,2,11.0
T50.995A,"Adverse effect of other drugs, medicaments and biological substances, initial encounter",0.9999999900000002,0.023809523803854874,0.04651162743104381,1,0,41,42,194.0
T50.996A,"Underdosing of other drugs, medicaments and biological substances, initial encounter",0.0,0.0,0.0,0,0,6,6,33.0
T50.Z15A,"Adverse effect of immunoglobulin, initial encounter",0.999999995,0.33333333277777777,0.49999999500000003,2,0,4,6,27.0
T51.0X1A,"Toxic effect of ethanol, accidental (unintentional), initial encounter",0.0,0.0,0.0,0,0,15,15,56.0
T51.0X2A,"Toxic effect of ethanol, intentional self-harm, initial encounter",0.0,0.0,0.0,0,0,6,6,30.0
T62.91XA,"Toxic effect of unspecified noxious substance eaten as food, accidental (unintentional), initial encounter",0.0,0.0,0.0,0,0,2,2,9.0
T65.891A,"Toxic effect of other specified substances, accidental (unintentional), initial encounter",0.0,0.0,0.0,0,0,2,2,9.0
T66.XXXA,"Radiation sickness, unspecified, initial encounter",0.0,0.0,0.0,0,3,6,6,31.0
T66.XXXS,"Radiation sickness, unspecified, sequela",0.0,0.0,0.0,0,0,3,3,14.0
T68.XXXA,"Hypothermia, initial encounter",0.49999999916666665,0.37499999953124996,0.4285714230612245,3,3,5,8,41.0
T73.0XXA,"Starvation, initial encounter",0.0,0.0,0.0,0,0,3,3,16.0
T74.11XA,"Adult physical abuse, confirmed, initial encounter",0.0,0.0,0.0,0,3,2,2,10.0
T76.01XA,"Adult neglect or abandonment, suspected, initial encounter",0.4999999975,0.3333333322222222,0.39999999360000005,1,1,2,3,12.0
T76.11XA,"Adult physical abuse, suspected, initial encounter",0.0,0.0,0.0,0,2,1,1,8.0
T78.2XXA,"Anaphylactic shock, unspecified, initial encounter",0.0,0.0,0.0,0,0,2,2,9.0
T78.3XXA,"Angioneurotic edema, initial encounter",0.6249999998046875,0.8695652170132325,0.7272727221421488,20,12,3,23,110.0
T78.40XA,"Allergy, unspecified, initial encounter",0.0,0.0,0.0,0,0,7,7,30.0
T78.40XD,"Allergy, unspecified, subsequent encounter",0.0,0.0,0.0,0,0,2,2,8.0
T78.49XA,"Other allergy, initial encounter",0.0,0.0,0.0,0,0,3,3,15.0
T79.4XXA,"Traumatic shock, initial encounter",0.14285714265306124,0.07692307686390532,0.0999999953500002,1,6,12,13,67.0
T79.6XXA,"Traumatic ischemia of muscle, initial encounter",0.7499999981250001,0.16666666657407406,0.27272726950413223,3,1,15,18,70.0
T79.7XXA,"Traumatic subcutaneous emphysema, initial encounter",0.666666666111111,0.5714285710204081,0.6153846099408283,8,4,6,14,63.0
T79.A12A,"Traumatic compartment syndrome of left upper extremity, initial encounter",0.9999999900000002,0.4999999975,0.6666666577777778,1,0,1,2,11.0
T79.A21A,"Traumatic compartment syndrome of right lower extremity, initial encounter",0.6666666644444444,0.6666666644444444,0.6666666594444445,2,1,1,3,16.0
T79.A22A,"Traumatic compartment syndrome of left lower extremity, initial encounter",0.0,0.0,0.0,0,0,2,2,10.0
T79.A3XA,"Traumatic compartment syndrome of abdomen, initial encounter",0.0,0.0,0.0,0,0,1,1,8.0
T80.1XXA,"Vascular complications following infusion, transfusion and therapeutic injection, initial encounter",0.24999999979166665,0.24999999979166665,0.24999999479166674,3,9,9,12,55.0
T80.211A,"Bloodstream infection due to central venous catheter, initial encounter",0.6285714285115647,0.7173913042698489,0.6700507563750678,66,39,26,92,269.0
T80.212A,"Local infection due to central venous catheter, initial encounter",0.3529411762629758,0.5454545449586776,0.42857142349489796,6,11,5,11,47.0
T80.218A,"Other infection due to central venous catheter, initial encounter",0.0,0.0,0.0,0,0,3,3,13.0
T80.219A,"Unspecified infection due to central venous catheter, initial encounter",0.0,0.0,0.0,0,0,4,4,15.0
T80.29XA,"Infection following other infusion, transfusion and therapeutic injection, initial encounter",0.0,0.0,0.0,0,0,8,8,37.0
T80.61XA,"Other serum reaction due to administration of blood and blood products, initial encounter",0.0,0.0,0.0,0,0,1,1,8.0
T80.818A,"Extravasation of other vesicant agent, initial encounter",0.0,0.0,0.0,0,2,7,7,21.0
T80.89XA,"Other complications following infusion, transfusion and therapeutic injection, initial encounter",0.4285714282653061,0.16666666662037036,0.239999995872,6,8,30,36,144.0
T81.10XA,"Postprocedural shock unspecified, initial encounter",0.0,0.0,0.0,0,0,3,3,12.0
T81.11XA,"Postprocedural cardiogenic shock, initial encounter",0.0,0.0,0.0,0,0,21,21,107.0
T81.12XA,"Postprocedural septic shock, initial encounter",0.0,0.0,0.0,0,0,8,8,36.0
T81.19XA,"Other postprocedural shock, initial encounter",0.4594594593352812,0.44736842093490303,0.45333332821333333,17,20,21,38,190.0
T81.30XA,"Disruption of wound, unspecified, initial encounter",0.0,0.0,0.0,0,0,8,8,41.0
T81.31XA,"Disruption of external operation (surgical) wound, not elsewhere classified, initial encounter",0.5942028984646083,0.539473684139543,0.5655172363129609,41,28,35,76,360.0
T81.31XD,"Disruption of external operation (surgical) wound, not elsewhere classified, subsequent encounter",0.0,0.0,0.0,0,0,1,1,7.0
T81.32XA,"Disruption of internal operation (surgical) wound, not elsewhere classified, initial encounter",0.3461538460872781,0.4390243901368233,0.3870967691802521,18,34,23,41,189.0
T81.33XA,"Disruption of traumatic injury wound repair, initial encounter",0.0,0.0,0.0,0,0,1,1,9.0
T81.40XA,"Infection following a procedure, unspecified, initial encounter",0.0,0.0,0.0,0,0,8,8,35.0
T81.41XA,"Infection following a procedure, superficial incisional surgical site, initial encounter",0.0,0.0,0.0,0,0,21,21,96.0
T81.42XA,"Infection following a procedure, deep incisional surgical site, initial encounter",0.9999999900000002,0.1111111109876543,0.1999999978,1,0,8,9,47.0
T81.43XA,"Infection following a procedure, organ and space surgical site, initial encounter",0.6666666644444444,0.11764705875432525,0.19999999725000003,2,1,15,17,86.0
T81.44XA,"Sepsis following a procedure, initial encounter",0.0,0.0,0.0,0,2,12,12,57.0
T81.49XA,"Infection following a procedure, other surgical site, initial encounter",0.0,0.0,0.0,0,0,20,20,95.0
T81.4XXA,"Infection following a procedure, initial encounter",0.4604651162576528,0.4900990098767278,0.4748201388669784,99,116,103,202,915.0
T81.4XXD,"Infection following a procedure, subsequent encounter",0.0,0.0,0.0,0,0,4,4,21.0
T81.718A,"Complication of other artery following a procedure, not elsewhere classified, initial encounter",0.3333333322222222,0.08333333326388888,0.1333333299555556,1,2,11,12,62.0
T81.72XA,"Complication of vein following a procedure, not elsewhere classified, initial encounter",0.0,0.0,0.0,0,1,7,7,34.0
T81.82XA,"Emphysema (subcutaneous) resulting from a procedure, initial encounter",0.49999999937499995,0.2352941175086505,0.319999995392,4,4,13,17,73.0
T81.83XA,"Persistent postprocedural fistula, initial encounter",0.0,0.0,0.0,0,7,13,13,61.0
T81.89XA,"Other complications of procedures, not elsewhere classified, initial encounter",0.4999999975,0.03448275860879905,0.06451612778355881,1,1,28,29,140.0
T82.03XA,"Leakage of heart valve prosthesis, initial encounter",0.49999999875,0.49999999875,0.4999999937500001,2,2,2,4,20.0
T82.09XA,"Other mechanical complication of heart valve prosthesis, initial encounter",0.0,0.0,0.0,0,0,2,2,12.0
T82.110A,"Breakdown (mechanical) of cardiac electrode, initial encounter",0.0,0.0,0.0,0,4,4,4,20.0
T82.120A,"Displacement of cardiac electrode, initial encounter",0.0,0.0,0.0,0,0,3,3,16.0
T82.190A,"Other mechanical complication of cardiac electrode, initial encounter",0.0,0.0,0.0,0,0,3,3,16.0
T82.223A,"Leakage of biological heart valve graft, initial encounter",0.9999999900000002,0.4999999975,0.6666666577777778,1,0,1,2,10.0
T82.228A,"Other mechanical complication of biological heart valve graft, initial encounter",0.0,0.0,0.0,0,1,2,2,9.0
T82.330A,"Leakage of aortic (bifurcation) graft (replacement), initial encounter",0.49999999964285713,0.6999999992999999,0.5833333279861111,7,7,3,10,49.0
T82.398A,"Other mechanical complication of other vascular grafts, initial encounter",0.0,0.0,0.0,0,0,2,2,8.0
T82.41XA,"Breakdown (mechanical) of vascular dialysis catheter, initial encounter",0.0,0.0,0.0,0,0,1,1,8.0
T82.42XA,"Displacement of vascular dialysis catheter, initial encounter",0.0,0.0,0.0,0,0,2,2,11.0
T82.49XA,"Other complication of vascular dialysis catheter, initial encounter",0.0,0.0,0.0,0,0,2,2,10.0
T82.514A,"Breakdown (mechanical) of infusion catheter, initial encounter",0.0,0.0,0.0,0,1,2,2,9.0
T82.524A,"Displacement of infusion catheter, initial encounter",0.49999999949999996,0.26315789459833794,0.34482758145065395,5,5,14,19,84.0
T82.528A,"Displacement of other cardiac and vascular devices and implants, initial encounter",0.0,0.0,0.0,0,0,6,6,15.0
T82.534A,"Leakage of infusion catheter, initial encounter",0.0,0.0,0.0,0,0,1,1,7.0
T82.538A,"Leakage of other cardiac and vascular devices and implants, initial encounter",0.1999999996,0.1999999996,0.19999999460000012,1,4,4,5,24.0
T82.590A,"Other mechanical complication of surgically created arteriovenous fistula, initial encounter",0.0,0.0,0.0,0,0,2,2,11.0
T82.594A,"Other mechanical complication of infusion catheter, initial encounter",0.0,0.0,0.0,0,0,3,3,13.0
T82.598A,"Other mechanical complication of other cardiac and vascular devices and implants, initial encounter",0.0,0.0,0.0,0,0,3,3,18.0
T82.6XXA,"Infection and inflammatory reaction due to cardiac valve prosthesis, initial encounter",0.649999999675,0.6842105259556787,0.6666666613280737,13,7,6,19,61.0
T82.7XXA,"Infection and inflammatory reaction due to other cardiac and vascular devices, implants and grafts, initial encounter",0.5961538460392012,0.5254237287245045,0.5585585534778021,31,21,28,59,264.0
T82.818A,"Embolism due to vascular prosthetic devices, implants and grafts, initial encounter",0.0,0.0,0.0,0,0,5,5,21.0
T82.838A,"Hemorrhage due to vascular prosthetic devices, implants and grafts, initial encounter",0.7333333328444444,0.6470588231487889,0.6874999945898438,11,4,6,17,76.0
T82.848A,"Pain due to vascular prosthetic devices, implants and grafts, initial encounter",0.9999999900000002,0.249999999375,0.3999999952,1,0,3,4,19.0
T82.855A,"Stenosis of coronary artery stent, initial encounter",0.4918032786079011,0.5357142856186224,0.5128205077419826,30,31,26,56,234.0
T82.855D,"Stenosis of coronary artery stent, subsequent encounter",0.0,0.0,0.0,0,0,2,2,8.0
T82.856A,"Stenosis of peripheral vascular stent, initial encounter",0.4285714283673469,0.5294117643944637,0.47368420533241,9,12,8,17,75.0
T82.857A,"Stenosis of other cardiac prosthetic devices, implants and grafts, initial encounter",0.49999999875,0.124999999921875,0.1999999966,2,2,14,16,78.0
T82.858A,"Stenosis of other vascular prosthetic devices, implants and grafts, initial encounter",0.33333333325396824,0.279999999944,0.30434782105860114,14,28,36,50,248.0
T82.867A,"Thrombosis due to cardiac prosthetic devices, implants and grafts, initial encounter",0.5333333329777777,0.7272727266115702,0.6153846100295858,8,7,3,11,51.0
T82.868A,"Thrombosis due to vascular prosthetic devices, implants and grafts, initial encounter",0.57831325297721,0.6713286712817252,0.6213592182884554,96,70,47,143,625.0
T82.868D,"Thrombosis due to vascular prosthetic devices, implants and grafts, subsequent encounter",0.0,0.0,0.0,0,0,4,4,15.0
T82.897A,"Other specified complication of cardiac prosthetic devices, implants and grafts, initial encounter",0.0,0.0,0.0,0,0,17,17,82.0
T82.898A,"Other specified complication of vascular prosthetic devices, implants and grafts, initial encounter",0.4444444439506172,0.07843137253364091,0.1333333307388889,4,5,47,51,215.0
T82.9XXA,"Unspecified complication of cardiac and vascular prosthetic device, implant and graft, initial encounter",0.0,0.0,0.0,0,0,1,1,8.0
T83.021A,"Displacement of indwelling urethral catheter, initial encounter",0.0,0.0,0.0,0,1,2,2,10.0
T83.022A,"Displacement of nephrostomy catheter, initial encounter",0.26315789459833794,0.6249999992187499,0.3703703659259259,5,14,3,8,32.0
T83.028A,"Displacement of other urinary catheter, initial encounter",0.0,0.0,0.0,0,0,3,3,15.0
T83.032A,"Leakage of nephrostomy catheter, initial encounter",0.0,0.0,0.0,0,0,2,2,8.0
T83.091A,"Other mechanical complication of indwelling urethral catheter, initial encounter",0.0,0.0,0.0,0,0,3,3,14.0
T83.092A,"Other mechanical complication of nephrostomy catheter, initial encounter",0.0,0.0,0.0,0,0,2,2,11.0
T83.098A,"Other mechanical complication of other urinary catheter, initial encounter",0.0,0.0,0.0,0,0,6,6,33.0
T83.32XA,"Displacement of intrauterine contraceptive device, initial encounter",0.49999999875,0.999999995,0.6666666600000001,2,2,0,2,11.0
T83.490A,"Other mechanical complication of implanted penile prosthesis, initial encounter",0.3333333322222222,0.4999999975,0.39999999360000005,1,2,1,2,9.0
T83.510A,"Infection and inflammatory reaction due to cystostomy catheter, initial encounter",0.0,0.0,0.0,0,0,2,2,9.0
T83.511A,"Infection and inflammatory reaction due to indwelling urethral catheter, initial encounter",0.5454545453719009,0.5454545453719009,0.5454545403719009,36,30,30,66,319.0
T83.512A,"Infection and inflammatory reaction due to nephrostomy catheter, initial encounter",0.4999999975,0.16666666638888888,0.24999999562500003,1,1,5,6,27.0
T83.518A,"Infection and inflammatory reaction due to other urinary catheter, initial encounter",0.0,0.0,0.0,0,0,19,19,49.0
T83.51XA,"Infection and inflammatory reaction due to indwelling urinary catheter, initial encounter",0.2857142853061225,0.07142857140306122,0.11428571102040826,2,5,26,28,139.0
T83.592A,"Infection and inflammatory reaction due to indwelling ureteral stent, initial encounter",0.0,0.0,0.0,0,0,1,1,8.0
T83.593A,"Infection and inflammatory reaction due to other urinary stents, initial encounter",0.0,0.0,0.0,0,0,2,2,9.0
T83.83XA,"Hemorrhage due to genitourinary prosthetic devices, implants and grafts, initial encounter",0.9999999900000002,0.1111111109876543,0.1999999978,1,0,8,9,42.0
T83.84XA,"Pain due to genitourinary prosthetic devices, implants and grafts, initial encounter",0.0,0.0,0.0,0,0,7,7,19.0
T83.89XA,"Other specified complication of genitourinary prosthetic devices, implants and grafts, initial encounter",0.0,0.0,0.0,0,1,6,6,26.0
T84.020A,"Dislocation of internal right hip prosthesis, initial encounter",0.7999999984,0.571428570612245,0.6666666606944446,4,1,3,7,36.0
T84.021A,"Dislocation of internal left hip prosthesis, initial encounter",0.7142857132653061,0.7142857132653061,0.7142857082653062,5,2,2,7,23.0
T84.028A,"Dislocation of other internal joint prosthesis, initial encounter",0.249999999375,0.4999999975,0.33333332777777785,1,3,1,2,8.0
T84.030A,"Mechanical loosening of internal right hip prosthetic joint, initial encounter",0.0,0.0,0.0,0,0,2,2,11.0
T84.031A,"Mechanical loosening of internal left hip prosthetic joint, initial encounter",0.4999999975,0.3333333322222222,0.39999999360000005,1,1,2,3,15.0
T84.032A,"Mechanical loosening of internal right knee prosthetic joint, initial encounter",0.14285714265306124,0.4999999975,0.22222221827160496,1,6,1,2,10.0
T84.033A,"Mechanical loosening of internal left knee prosthetic joint, initial encounter",0.4999999975,0.3333333322222222,0.39999999360000005,1,1,2,3,12.0
T84.038A,"Mechanical loosening of other internal prosthetic joint, initial encounter",0.0,0.0,0.0,0,0,2,2,11.0
T84.040A,"Periprosthetic fracture around internal prosthetic right hip joint, initial encounter",0.0,0.0,0.0,0,0,2,2,12.0
T84.041A,"Periprosthetic fracture around internal prosthetic left hip joint, initial encounter",0.0,0.0,0.0,0,0,2,2,11.0
T84.124A,"Displacement of internal fixation device of right femur, initial encounter",0.0,0.0,0.0,0,0,2,2,10.0
T84.125A,"Displacement of internal fixation device of left femur, initial encounter",0.9999999900000002,0.4999999975,0.6666666577777778,1,0,1,2,8.0
T84.226A,"Displacement of internal fixation device of vertebrae, initial encounter",0.34999999982499996,0.7777777769135802,0.4827586160760999,7,13,2,9,36.0
T84.51XA,"Infection and inflammatory reaction due to internal right hip prosthesis, initial encounter",0.6923076917751478,0.8181818174380164,0.7499999944097222,9,4,2,11,54.0
T84.52XA,"Infection and inflammatory reaction due to internal left hip prosthesis, initial encounter",0.49999999937499995,0.3999999996,0.4444444390123457,4,4,6,10,49.0
T84.53XA,"Infection and inflammatory reaction due to internal right knee prosthesis, initial encounter",0.6451612901144641,0.7692307689349113,0.7017543807571561,20,11,6,26,80.0
T84.54XA,"Infection and inflammatory reaction due to internal left knee prosthesis, initial encounter",0.6071428569260204,0.8499999995749999,0.7083333281770833,17,11,3,20,80.0
T84.54XD,"Infection and inflammatory reaction due to internal left knee prosthesis, subsequent encounter",0.0,0.0,0.0,0,1,1,1,10.0
T84.59XA,"Infection and inflammatory reaction due to other internal joint prosthesis, initial encounter",0.9999999900000002,0.249999999375,0.3999999952,1,0,3,4,17.0
T84.620A,"Infection and inflammatory reaction due to internal fixation device of right femur, initial encounter",0.0,0.0,0.0,0,0,2,2,7.0
T84.621A,"Infection and inflammatory reaction due to internal fixation device of left femur, initial encounter",0.0,0.0,0.0,0,0,2,2,9.0
T84.622A,"Infection and inflammatory reaction due to internal fixation device of right tibia, initial encounter",0.3333333322222222,0.16666666638888888,0.2222222172839507,1,2,5,6,25.0
T84.623A,"Infection and inflammatory reaction due to internal fixation device of left tibia, initial encounter",0.30769230745562126,0.6666666655555555,0.4210526268144044,4,9,2,6,19.0
T84.625A,"Infection and inflammatory reaction due to internal fixation device of left fibula, initial encounter",0.0,0.0,0.0,0,0,2,2,9.0
T84.629A,"Infection and inflammatory reaction due to internal fixation device of unspecified bone of leg, initial encounter",0.0,0.0,0.0,0,0,1,1,7.0
T84.63XA,"Infection and inflammatory reaction due to internal fixation device of spine, initial encounter",0.0,0.0,0.0,0,0,4,4,18.0
T84.69XA,"Infection and inflammatory reaction due to internal fixation device of other site, initial encounter",0.15384615372781063,0.2222222219753086,0.18181817681818194,2,11,7,9,38.0
T84.7XXA,"Infection and inflammatory reaction due to other internal orthopedic prosthetic devices, implants and grafts, initial encounter",0.0,0.0,0.0,0,0,7,7,26.0
T84.82XA,"Fibrosis due to internal orthopedic prosthetic devices, implants and grafts, initial encounter",0.0,0.0,0.0,0,3,3,3,13.0
T84.83XA,"Hemorrhage due to internal orthopedic prosthetic devices, implants and grafts, initial encounter",0.9999999900000002,0.4999999975,0.6666666577777778,1,0,1,2,10.0
T84.84XA,"Pain due to internal orthopedic prosthetic devices, implants and grafts, initial encounter",0.7499999981250001,0.14285714278911565,0.23999999712,3,1,18,21,80.0
T84.89XA,"Other specified complication of internal orthopedic prosthetic devices, implants and grafts, initial encounter",0.0,0.0,0.0,0,0,9,9,41.0
T85.01XA,"Breakdown (mechanical) of ventricular intracranial (communicating) shunt, initial encounter",0.0,0.0,0.0,0,0,2,2,9.0
T85.09XA,"Other mechanical complication of ventricular intracranial (communicating) shunt, initial encounter",0.0,0.0,0.0,0,0,2,2,7.0
T85.44XA,"Capsular contracture of breast implant, initial encounter",0.1999999996,0.4999999975,0.28571428081632655,1,4,1,2,8.0
T85.518A,"Breakdown (mechanical) of other gastrointestinal prosthetic devices, implants and grafts, initial encounter",0.0,0.0,0.0,0,0,2,2,9.0
T85.520A,"Displacement of bile duct prosthesis, initial encounter",0.33333333277777777,0.16666666652777776,0.22222221753086427,2,4,10,12,54.0
T85.528A,"Displacement of other gastrointestinal prosthetic devices, implants and grafts, initial encounter",0.0,0.0,0.0,0,2,8,8,37.0
T85.590A,"Other mechanical complication of bile duct prosthesis, initial encounter",0.38709677406867843,0.7058823525259516,0.4999999952170139,12,19,5,17,87.0
T85.598A,"Other mechanical complication of other gastrointestinal prosthetic devices, implants and grafts, initial encounter",0.0,0.0,0.0,0,3,9,9,44.0
T85.618A,"Breakdown (mechanical) of other specified internal prosthetic devices, implants and grafts, initial encounter",0.0,0.0,0.0,0,0,4,4,20.0
T85.628A,"Displacement of other specified internal prosthetic devices, implants and grafts, initial encounter",0.34615384602071003,0.3913043476559546,0.3673469336443149,9,17,14,23,96.0
T85.638A,"Leakage of other specified internal prosthetic devices, implants and grafts, initial encounter",0.9999999900000002,0.14285714265306124,0.24999999718750004,1,0,6,7,29.0
T85.694A,"Other mechanical complication of insulin pump, initial encounter",0.6666666655555555,0.6666666655555555,0.6666666605555556,4,2,2,6,13.0
T85.698A,"Other mechanical complication of other specified internal prosthetic devices, implants and grafts, initial encounter",0.0,0.0,0.0,0,0,10,10,46.0
T85.71XA,"Infection and inflammatory reaction due to peritoneal dialysis catheter, initial encounter",0.4999999995833333,0.9999999983333333,0.6666666614814816,6,6,0,6,25.0
T85.730A,"Infection and inflammatory reaction due to ventricular intracranial (communicating) shunt, initial encounter",0.49999999875,0.999999995,0.6666666600000001,2,2,0,2,12.0
T85.738A,"Infection and inflammatory reaction due to other nervous system device, implant or graft, initial encounter",0.0,0.0,0.0,0,0,1,1,8.0
T85.79XA,"Infection and inflammatory reaction due to other internal prosthetic devices, implants and grafts, initial encounter",0.49999999977272724,0.3437499998925781,0.40740740242798357,11,11,21,32,150.0
T85.838A,"Hemorrhage due to other internal prosthetic devices, implants and grafts, initial encounter",0.0,0.0,0.0,0,0,1,1,8.0
T85.848A,"Pain due to other internal prosthetic devices, implants and grafts, initial encounter",0.0,0.0,0.0,0,0,11,11,51.0
T85.84XA,"Pain due to internal prosthetic devices, implants and grafts, not elsewhere classified, initial encounter",0.0,0.0,0.0,0,0,2,2,9.0
T85.858A,"Stenosis due to other internal prosthetic devices, implants and grafts, initial encounter",0.0,0.0,0.0,0,1,3,3,17.0
T85.868A,"Thrombosis due to other internal prosthetic devices, implants and grafts, initial encounter",0.0,0.0,0.0,0,4,4,4,18.0
T85.86XA,"Thrombosis due to internal prosthetic devices, implants and grafts, not elsewhere classified, initial encounter",0.0,0.0,0.0,0,0,2,2,10.0
T85.890A,"Other specified complication of nervous system prosthetic devices, implants and grafts, initial encounter",0.0,0.0,0.0,0,0,2,2,9.0
T85.898A,"Other specified complication of other internal prosthetic devices, implants and grafts, initial encounter",0.0,0.0,0.0,0,1,12,12,54.0
T85.89XA,"Other specified complication of internal prosthetic devices, implants and grafts, not elsewhere classified, initial encounter",0.0,0.0,0.0,0,0,4,4,18.0
T85.9XXA,"Unspecified complication of internal prosthetic device, implant and graft, initial encounter",0.0,0.0,0.0,0,0,7,7,30.0
T86.09,Other complications of bone marrow transplant,0.0,0.0,0.0,0,0,3,3,14.0
T86.10,Unspecified complication of kidney transplant,0.0,0.0,0.0,0,0,2,2,9.0
T86.11,Kidney transplant rejection,0.5882352940023068,0.7692307690335306,0.6666666616074074,30,21,9,39,115.0
T86.12,Kidney transplant failure,0.469999999953,0.6811594201911364,0.5562130128538918,47,53,22,69,338.0
T86.13,Kidney transplant infection,0.571428570612245,0.1999999999,0.2962962922359397,4,3,16,20,56.0
T86.19,Other complication of kidney transplant,0.5714285712653061,0.2298850574448408,0.3278688483136254,20,15,67,87,298.0
T86.41,Liver transplant rejection,0.47368421040166203,0.7499999996875,0.5806451563579604,18,20,6,24,118.0
T86.42,Liver transplant failure,0.0,0.0,0.0,0,0,4,4,19.0
T86.43,Liver transplant infection,0.0,0.0,0.0,0,0,5,5,24.0
T86.49,Other complications of liver transplant,0.5909090907747934,0.49999999990384614,0.5416666615885416,26,18,26,52,127.0
T86.5,Complications of stem cell transplant,0.5826771653084506,0.9135802468007926,0.7115384567145896,74,53,7,81,231.0
T86.821,Skin graft (allograft) (autograft) failure,0.0,0.0,0.0,0,0,2,2,11.0
T86.822,Skin graft (allograft) (autograft) infection,0.0,0.0,0.0,0,0,2,2,10.0
T86.828,Other complications of skin graft (allograft) (autograft),0.0,0.0,0.0,0,2,5,5,12.0
T86.890,Other transplanted tissue rejection,0.9999999900000002,0.1999999996,0.33333332944444444,1,0,4,5,19.0
T86.891,Other transplanted tissue failure,0.8333333319444445,0.6249999992187499,0.7142857083673471,5,1,3,8,25.0
T86.898,Other complications of other transplanted tissue,0.0,0.0,0.0,0,0,3,3,13.0
T87.43,"Infection of amputation stump, right lower extremity",0.6153846149112425,0.5333333329777777,0.5714285660459184,8,5,7,15,77.0
T87.44,"Infection of amputation stump, left lower extremity",0.46428571411989794,0.8124999994921874,0.5909090860123968,13,15,3,16,80.0
T87.53,"Necrosis of amputation stump, right lower extremity",0.0,0.0,0.0,0,0,3,3,17.0
T87.54,"Necrosis of amputation stump, left lower extremity",0.0,0.0,0.0,0,0,3,3,14.0
T87.81,Dehiscence of amputation stump,0.4374999997265625,0.4374999997265625,0.43749999472656254,7,9,9,16,82.0
T87.89,Other complications of amputation stump,0.9999999980000001,0.26315789459833794,0.4166666630208334,5,0,14,19,85.0
T88.4XXA,"Failed or difficult intubation, initial encounter",0.0,0.0,0.0,0,0,3,3,16.0
T88.59XA,"Other complications of anesthesia, initial encounter",0.0,0.0,0.0,0,0,6,6,31.0
T88.6XXA,"Anaphylactic reaction due to adverse effect of correct drug or medicament properly administered, initial encounter",0.5999999993999999,0.39999999973333333,0.47999999481600003,6,4,9,15,67.0
T88.7XXA,"Unspecified adverse effect of drug or medicament, initial encounter",0.0,0.0,0.0,0,0,2,2,10.0
T88.8XXA,"Other specified complications of surgical and medical care, not elsewhere classified, initial encounter",0.0,0.0,0.0,0,0,3,3,12.0
V00.131A,"Fall from skateboard, initial encounter",0.0,0.0,0.0,0,0,2,2,12.0
V00.811A,"Fall from moving wheelchair (powered), initial encounter",0.0,0.0,0.0,0,0,3,3,8.0
V03.00XA,"Pedestrian on foot injured in collision with car, pick-up truck or van in nontraffic accident, initial encounter",0.0,0.0,0.0,0,0,2,2,11.0
V03.10XA,"Pedestrian on foot injured in collision with car, pick-up truck or van in traffic accident, initial encounter",0.3333333322222222,0.12499999984374999,0.18181817752066123,1,2,7,8,41.0
V03.19XA,"Pedestrian with other conveyance injured in collision with car, pick-up truck or van in traffic accident, initial encounter",0.0,0.0,0.0,0,0,1,1,8.0
V03.90XA,"Pedestrian on foot injured in collision with car, pick-up truck or van, unspecified whether traffic or nontraffic accident, initial encounter",0.9999999900000002,0.14285714265306124,0.24999999718750004,1,0,6,7,26.0
V09.20XA,"Pedestrian injured in traffic accident involving unspecified motor vehicles, initial encounter",0.0,0.0,0.0,0,0,4,4,19.0
V09.9XXA,"Pedestrian injured in unspecified transport accident, initial encounter",0.0,0.0,0.0,0,0,4,4,18.0
V13.4XXA,"Pedal cycle driver injured in collision with car, pick-up truck or van in traffic accident, initial encounter",0.7499999981250001,0.49999999916666665,0.5999999940000001,3,1,3,6,32.0
V18.0XXA,"Pedal cycle driver injured in noncollision transport accident in nontraffic accident, initial encounter",0.3333333322222222,0.1999999996,0.24999999468750006,1,2,4,5,25.0
V18.4XXA,"Pedal cycle driver injured in noncollision transport accident in traffic accident, initial encounter",0.0,0.0,0.0,0,0,5,5,15.0
V19.3XXA,"Pedal cyclist (driver) (passenger) injured in unspecified nontraffic accident, initial encounter",0.0,0.0,0.0,0,0,3,3,15.0
V19.88XA,"Pedal cyclist (driver) (passenger) injured in other specified transport accidents, initial encounter",0.4999999975,0.3333333322222222,0.39999999360000005,1,1,2,3,15.0
V19.9XXA,"Pedal cyclist (driver) (passenger) injured in unspecified traffic accident, initial encounter",0.0,0.0,0.0,0,0,3,3,17.0
V23.4XXA,"Motorcycle driver injured in collision with car, pick-up truck or van in traffic accident, initial encounter",0.0,0.0,0.0,0,2,9,9,32.0
V27.4XXA,"Motorcycle driver injured in collision with fixed or stationary object in traffic accident, initial encounter",0.0,0.0,0.0,0,0,1,1,8.0
V28.4XXA,"Motorcycle driver injured in noncollision transport accident in traffic accident, initial encounter",0.0,0.0,0.0,0,0,3,3,11.0
V29.40XA,"Motorcycle driver injured in collision with unspecified motor vehicles in traffic accident, initial encounter",0.0,0.0,0.0,0,0,1,1,8.0
V29.88XA,"Motorcycle rider (driver) (passenger) injured in other specified transport accidents, initial encounter",0.0,0.0,0.0,0,0,2,2,11.0
V29.9XXA,"Motorcycle rider (driver) (passenger) injured in unspecified traffic accident, initial encounter",0.0,0.0,0.0,0,0,4,4,20.0
V29.9XXD,"Motorcycle rider (driver) (passenger) injured in unspecified traffic accident, subsequent encounter",0.0,0.0,0.0,0,1,1,1,8.0
V29.9XXS,"Motorcycle rider (driver) (passenger) injured in unspecified traffic accident, sequela",0.0,0.0,0.0,0,0,3,3,14.0
V43.52XA,"Car driver injured in collision with other type car in traffic accident, initial encounter",0.0,0.0,0.0,0,1,18,18,90.0
V43.62XA,"Car passenger injured in collision with other type car in traffic accident, initial encounter",0.0,0.0,0.0,0,0,4,4,18.0
V47.0XXA,"Car driver injured in collision with fixed or stationary object in nontraffic accident, initial encounter",0.0,0.0,0.0,0,0,4,4,19.0
V47.52XA,"Driver of other type car injured in collision with fixed or stationary object in traffic accident, initial encounter",0.0,0.0,0.0,0,0,4,4,18.0
V47.5XXA,"Car driver injured in collision with fixed or stationary object in traffic accident, initial encounter",0.0,0.0,0.0,0,0,16,16,56.0
V47.6XXA,"Car passenger injured in collision with fixed or stationary object in traffic accident, initial encounter",0.0,0.0,0.0,0,0,3,3,13.0
V48.0XXA,"Car driver injured in noncollision transport accident in nontraffic accident, initial encounter",0.0,0.0,0.0,0,0,2,2,8.0
V48.4XXA,"Person boarding or alighting a car injured in noncollision transport accident, initial encounter",0.0,0.0,0.0,0,0,2,2,12.0
V48.5XXA,"Car driver injured in noncollision transport accident in traffic accident, initial encounter",0.0,0.0,0.0,0,0,3,3,13.0
V49.40XA,"Driver injured in collision with unspecified motor vehicles in traffic accident, initial encounter",0.0,0.0,0.0,0,0,6,6,30.0
V49.49XA,"Driver injured in collision with other motor vehicles in traffic accident, initial encounter",0.0,0.0,0.0,0,0,4,4,17.0
V49.50XA,"Passenger injured in collision with unspecified motor vehicles in traffic accident, initial encounter",0.0,0.0,0.0,0,0,3,3,12.0
V49.88XA,"Car occupant (driver) (passenger) injured in other specified transport accidents, initial encounter",0.0,0.0,0.0,0,0,5,5,24.0
V49.9XXA,"Car occupant (driver) (passenger) injured in unspecified traffic accident, initial encounter",0.0,0.0,0.0,0,0,9,9,44.0
V49.9XXD,"Car occupant (driver) (passenger) injured in unspecified traffic accident, subsequent encounter",0.0,0.0,0.0,0,0,2,2,9.0
V49.9XXS,"Car occupant (driver) (passenger) injured in unspecified traffic accident, sequela",0.0,0.0,0.0,0,0,3,3,12.0
V80.010A,"Animal-rider injured by fall from or being thrown from horse in noncollision accident, initial encounter",0.7999999984,0.9999999975,0.8888888819753088,4,1,0,4,18.0
V86.59XA,"Driver of other special all-terrain or other off-road motor vehicle injured in nontraffic accident, initial encounter",0.0,0.0,0.0,0,0,1,1,8.0
V89.2XXA,"Person injured in unspecified motor-vehicle accident, traffic, initial encounter",0.0,0.0,0.0,0,0,19,19,96.0
V89.2XXD,"Person injured in unspecified motor-vehicle accident, traffic, subsequent encounter",0.0,0.0,0.0,0,0,4,4,21.0
V89.2XXS,"Person injured in unspecified motor-vehicle accident, traffic, sequela",0.2857142853061225,0.15384615372781063,0.1999999952500001,2,5,11,13,73.0
W00.0XXA,"Fall on same level due to ice and snow, initial encounter",0.763157894536011,0.6444444443012346,0.6987951755900712,29,9,16,45,114.0
W00.1XXA,"Fall from stairs and steps due to ice and snow, initial encounter",0.49999999875,0.49999999875,0.4999999937500001,2,2,2,4,19.0
W00.9XXA,"Unspecified fall due to ice and snow, initial encounter",0.05263157891966759,0.4999999975,0.09523809342403629,1,18,1,2,8.0
W01.0XXA,"Fall on same level from slipping, tripping and stumbling without subsequent striking against object, initial encounter",0.5123966941725292,0.35227272725271175,0.41750841265177024,62,59,114,176,780.0
W01.0XXD,"Fall on same level from slipping, tripping and stumbling without subsequent striking against object, subsequent encounter",0.0,0.0,0.0,0,0,5,5,22.0
W01.10XA,"Fall on same level from slipping, tripping and stumbling with subsequent striking against unspecified object, initial encounter",0.0,0.0,0.0,0,0,11,11,55.0
W01.190A,"Fall on same level from slipping, tripping and stumbling with subsequent striking against furniture, initial encounter",0.0,0.0,0.0,0,0,10,10,52.0
W01.198A,"Fall on same level from slipping, tripping and stumbling with subsequent striking against other object, initial encounter",0.0,0.0,0.0,0,0,28,28,120.0
W03.XXXA,"Other fall on same level due to collision with another person, initial encounter",0.0,0.0,0.0,0,0,4,4,20.0
W05.0XXA,"Fall from non-moving wheelchair, initial encounter",0.47826086935727785,0.7857142851530612,0.5945945895690286,11,12,3,14,73.0
W06.XXXA,"Fall from bed, initial encounter",0.5882352940311419,0.6153846152899409,0.6015037543105887,40,28,25,65,261.0
W07.XXXA,"Fall from chair, initial encounter",0.5555555553497942,0.6521739127599243,0.599999994792,15,12,8,23,101.0
W08.XXXA,"Fall from other furniture, initial encounter",0.0,0.0,0.0,0,0,5,5,22.0
W10.1XXA,"Fall (on)(from) sidewalk curb, initial encounter",0.5999999988,0.37499999953124996,0.46153845609467453,3,2,5,8,37.0
W10.2XXA,"Fall (on)(from) incline, initial encounter",0.0,0.0,0.0,0,0,2,2,11.0
W10.8XXA,"Fall (on) (from) other stairs and steps, initial encounter",0.2580645160457856,0.18604651158464033,0.21621621128926233,8,23,35,43,216.0
W10.9XXA,"Fall (on) (from) unspecified stairs and steps, initial encounter",0.5391304347357279,0.7469879517172304,0.6262626213299665,62,53,21,83,395.0
W10.9XXD,"Fall (on) (from) unspecified stairs and steps, subsequent encounter",0.0,0.0,0.0,0,0,3,3,15.0
W11.XXXA,"Fall on and from ladder, initial encounter",0.7857142854336735,0.9166666662847222,0.8461538408579883,22,6,2,24,114.0
W11.XXXD,"Fall on and from ladder, subsequent encounter",0.0,0.0,0.0,0,0,3,3,11.0
W12.XXXA,"Fall on and from scaffolding, initial encounter",0.999999995,0.999999995,0.9999999900000001,2,0,0,2,11.0
W13.2XXA,"Fall from, out of or through roof, initial encounter",0.7999999984,0.7999999984,0.7999999934,4,1,1,5,25.0
W13.4XXA,"Fall from, out of or through window, initial encounter",0.0,0.0,0.0,0,0,4,4,8.0
W13.8XXA,"Fall from, out of or through other building or structure, initial encounter",0.0,0.0,0.0,0,0,2,2,9.0
W14.XXXA,"Fall from tree, initial encounter",0.4999999975,0.4999999975,0.4999999925000001,1,1,1,2,10.0
W17.81XA,"Fall down embankment (hill), initial encounter",0.0,0.0,0.0,0,0,1,1,8.0
W17.89XA,"Other fall from one level to another, initial encounter",0.5142857141387756,0.4390243901368233,0.4736842054328255,18,17,23,41,171.0
W17.89XD,"Other fall from one level to another, subsequent encounter",0.0,0.0,0.0,0,0,1,1,8.0
W18.00XA,"Striking against unspecified object with subsequent fall, initial encounter",0.0,0.0,0.0,0,0,2,2,10.0
W18.09XA,"Striking against other object with subsequent fall, initial encounter",0.0,0.0,0.0,0,0,17,17,85.0
W18.11XA,"Fall from or off toilet without subsequent striking against object, initial encounter",0.28571428551020406,0.3999999996,0.33333332819444444,4,10,6,10,46.0
W18.12XA,"Fall from or off toilet with subsequent striking against object, initial encounter",0.0,0.0,0.0,0,0,5,5,23.0
W18.2XXA,"Fall in (into) shower or empty bathtub, initial encounter",0.45454545413223135,0.49999999949999996,0.4761904707482993,5,6,5,10,48.0
W18.30XA,"Fall on same level, unspecified, initial encounter",0.26666666648888887,0.02209944751259119,0.04081632511297381,4,11,177,181,752.0
W18.30XD,"Fall on same level, unspecified, subsequent encounter",0.0,0.0,0.0,0,0,5,5,24.0
W18.31XA,"Fall on same level due to stepping on an object, initial encounter",0.0,0.0,0.0,0,1,3,3,15.0
W18.39XA,"Other fall on same level, initial encounter",0.9999999900000002,0.010309278349452652,0.020408163059142025,1,0,96,97,455.0
W18.39XD,"Other fall on same level, subsequent encounter",0.0,0.0,0.0,0,0,1,1,8.0
W18.49XA,"Other slipping, tripping and stumbling without falling, initial encounter",0.0,0.0,0.0,0,0,1,1,8.0
W19.XXXA,"Unspecified fall, initial encounter",0.4588235293577855,0.1368421052583564,0.21081080726033605,39,46,246,285,1250.0
W19.XXXD,"Unspecified fall, subsequent encounter",0.0,0.0,0.0,0,0,51,51,218.0
W19.XXXS,"Unspecified fall, sequela",0.0,0.0,0.0,0,1,13,13,36.0
W20.8XXA,"Other cause of strike by thrown, projected or falling object, initial encounter",0.0,0.0,0.0,0,0,8,8,35.0
W22.03XA,"Walked into furniture, initial encounter",0.0,0.0,0.0,0,0,1,1,8.0
W22.09XA,"Striking against other stationary object, initial encounter",0.0,0.0,0.0,0,0,4,4,19.0
W22.11XA,"Striking against or struck by driver side automobile airbag, initial encounter",0.0,0.0,0.0,0,0,2,2,9.0
W22.8XXA,"Striking against or struck by other objects, initial encounter",0.0,0.0,0.0,0,3,22,22,99.0
W22.8XXS,"Striking against or struck by other objects, sequela",0.0,0.0,0.0,0,0,2,2,8.0
W23.0XXA,"Caught, crushed, jammed, or pinched between moving objects, initial encounter",0.0,0.0,0.0,0,0,2,2,8.0
W23.1XXA,"Caught, crushed, jammed, or pinched between stationary objects, initial encounter",0.0,0.0,0.0,0,0,2,2,9.0
W25.XXXA,"Contact with sharp glass, initial encounter",0.0,0.0,0.0,0,1,3,3,15.0
W26.0XXA,"Contact with knife, initial encounter",0.0,0.0,0.0,0,0,3,3,12.0
W26.8XXA,"Contact with other sharp object(s), not elsewhere classified, initial encounter",0.0,0.0,0.0,0,0,2,2,11.0
W31.2XXA,"Contact with powered woodworking and forming machines, initial encounter",0.8571428559183674,0.6666666659259258,0.749999994140625,6,1,3,9,41.0
W31.89XA,"Contact with other specified machinery, initial encounter",0.0,0.0,0.0,0,0,5,5,27.0
W32.0XXA,"Accidental handgun discharge, initial encounter",0.4999999975,0.9999999900000002,0.6666666577777778,1,1,0,1,8.0
W34.00XA,"Accidental discharge from unspecified firearms or gun, initial encounter",0.0,0.0,0.0,0,0,3,3,14.0
W34.00XS,"Accidental discharge from unspecified firearms or gun, sequela",0.1999999996,0.1999999996,0.19999999460000012,1,4,4,5,19.0
W45.8XXA,"Other foreign body or object entering through skin, initial encounter",0.0,0.0,0.0,0,0,4,4,22.0
W50.0XXA,"Accidental hit or strike by another person, initial encounter",0.0,0.0,0.0,0,3,2,2,10.0
W54.0XXA,"Bitten by dog, initial encounter",0.45454545413223135,0.9999999980000001,0.6249999949218751,5,6,0,5,26.0
W55.01XA,"Bitten by cat, initial encounter",0.7777777769135802,0.8749999989062499,0.8235294058131488,7,2,1,8,31.0
W57.XXXA,"Bitten or stung by nonvenomous insect and other nonvenomous arthropods, initial encounter",0.3999999992,0.33333333277777777,0.36363635801652905,2,3,4,6,27.0
W88.1XXA,"Exposure to radioactive isotopes, initial encounter",0.0,0.0,0.0,0,0,6,6,21.0
W88.1XXS,"Exposure to radioactive isotopes, sequela",0.0,0.0,0.0,0,0,3,3,17.0
X2A5312,"Cerebral Embolic Filtration, Dual Filter in Innominate Artery and Left Common Carotid Artery, Percutaneous Approach, New Technology Group 2",0.0,0.0,0.0,0,0,2,2,10.0
X2RF332,"Replacement of Aortic Valve using Zooplastic Tissue, Rapid Deployment Technique, Percutaneous Approach, New Technology Group 2",0.0,0.0,0.0,0,4,3,3,17.0
X31.XXXA,"Exposure to excessive natural cold, initial encounter",0.4999999975,0.249999999375,0.33333332777777785,1,1,3,4,22.0
X50.0XXA,"Overexertion from strenuous movement or load, initial encounter",0.249999999375,0.16666666638888888,0.1999999948000001,1,3,5,6,29.0
X50.1XXA,"Overexertion from prolonged static or awkward postures, initial encounter",0.0,0.0,0.0,0,0,8,8,35.0
X50.9XXA,"Other and unspecified overexertion or strenuous movements or postures, initial encounter",0.0,0.0,0.0,0,0,3,3,15.0
X58.XXXA,"Exposure to other specified factors, initial encounter",0.35245901636455257,0.18376068375283072,0.24157302918918072,43,79,191,234,1061.0
X58.XXXD,"Exposure to other specified factors, subsequent encounter",0.3333333329629629,0.06976744184424012,0.1153846124778107,3,6,40,43,207.0
X58.XXXS,"Exposure to other specified factors, sequela",0.0882352940916955,0.07894736840027701,0.0833333283256176,3,31,35,38,128.0
X78.1XXA,"Intentional self-harm by knife, initial encounter",0.3333333322222222,0.1999999996,0.24999999468750006,1,2,4,5,27.0
X78.8XXA,"Intentional self-harm by other sharp object, initial encounter",0.0,0.0,0.0,0,1,5,5,24.0
X78.9XXA,"Intentional self-harm by unspecified sharp object, initial encounter",0.0,0.0,0.0,0,0,2,2,10.0
X80.XXXA,"Intentional self-harm by jumping from a high place, initial encounter",0.0,0.0,0.0,0,0,3,3,11.0
X83.8XXA,"Intentional self-harm by other specified means, initial encounter",0.0,0.0,0.0,0,1,7,7,33.0
X95.9XXA,"Assault by unspecified firearm discharge, initial encounter",0.6363636357851239,0.9999999985714286,0.7777777721604938,7,4,0,7,34.0
X95.9XXS,"Assault by unspecified firearm discharge, sequela",0.0,0.0,0.0,0,0,2,2,11.0
X99.1XXA,"Assault by knife, initial encounter",0.571428570612245,0.7999999984,0.6666666606944446,4,3,1,5,24.0
X99.9XXA,"Assault by unspecified sharp object, initial encounter",0.0,0.0,0.0,0,0,1,1,8.0
XW04351,"Introduction of Blinatumomab Antineoplastic Immunotherapy into Central Vein, Percutaneous Approach, New Technology Group 1",0.0,0.0,0.0,0,0,2,2,9.0
XW043B3,"Introduction of Cytarabine and Daunorubicin Liposome Antineoplastic into Central Vein, Percutaneous Approach, New Technology Group 3",0.0,0.0,0.0,0,0,2,2,10.0
XW043C3,"Introduction of Engineered Autologous Chimeric Antigen Receptor T-cell Immunotherapy into Central Vein, Percutaneous Approach, New Technology Group 3",0.4999999975,0.4999999975,0.4999999925000001,1,1,1,2,11.0
XW0DXR5,"Introduction of Venetoclax Antineoplastic into Mouth and Pharynx, External Approach, New Technology Group 5",0.0,0.0,0.0,0,0,1,1,8.0
Y00.XXXA,"Assault by blunt object, initial encounter",0.0,0.0,0.0,0,0,2,2,11.0
Y04.0XXA,"Assault by unarmed brawl or fight, initial encounter",0.3529411762629758,0.4999999995833333,0.41379309831153394,6,11,6,12,61.0
Y04.2XXA,"Assault by strike against or bumped into by another person, initial encounter",0.3333333322222222,0.0999999999,0.15384615005917168,1,2,9,10,50.0
Y04.8XXA,"Assault by other bodily force, initial encounter",0.0,0.0,0.0,0,0,2,2,10.0
Y07.03,"Male partner, perpetrator of maltreatment and neglect",0.0,0.0,0.0,0,1,2,2,11.0
Y08.89XA,"Assault by other specified means, initial encounter",0.0,0.0,0.0,0,1,3,3,12.0
Y09,Assault by unspecified means,0.9999999900000002,0.14285714265306124,0.24999999718750004,1,0,6,7,34.0
Y33.XXXA,"Other specified events, undetermined intent, initial encounter",0.0,0.0,0.0,0,0,2,2,8.0
Y63.6,"Underdosing and nonadministration of necessary drug, medicament or biological substance",0.0,0.0,0.0,0,0,2,2,9.0
Y65.8,Other specified misadventures during surgical and medical care,0.0,0.0,0.0,0,4,15,15,74.0
Y71.0,Diagnostic and monitoring cardiovascular devices associated with adverse incidents,0.0,0.0,0.0,0,3,3,3,12.0
Y71.1,Therapeutic (nonsurgical) and rehabilitative cardiovascular devices associated with adverse incidents,0.0,0.0,0.0,0,0,13,13,64.0
Y71.2,"Prosthetic and other implants, materials and accessory cardiovascular devices associated with adverse incidents",0.0,0.0,0.0,0,0,14,14,69.0
Y71.3,"Surgical instruments, materials and cardiovascular devices (including sutures) associated with adverse incidents",0.0,0.0,0.0,0,0,16,16,74.0
Y71.8,"Miscellaneous cardiovascular devices associated with adverse incidents, not elsewhere classified",0.0,0.0,0.0,0,0,15,15,72.0
Y73.1,Therapeutic (nonsurgical) and rehabilitative gastroenterology and urology devices associated with adverse incidents,0.0,0.0,0.0,0,0,15,15,70.0
Y73.2,"Prosthetic and other implants, materials and accessory gastroenterology and urology devices associated with adverse incidents",0.0,0.0,0.0,0,0,6,6,30.0
Y73.3,"Surgical instruments, materials and gastroenterology and urology devices (including sutures) associated with adverse incidents",0.0,0.0,0.0,0,0,11,11,45.0
Y73.8,"Miscellaneous gastroenterology and urology devices associated with adverse incidents, not elsewhere classified",0.0,0.0,0.0,0,0,20,20,89.0
Y75.1,Therapeutic (nonsurgical) and rehabilitative neurological devices associated with adverse incidents,0.0,0.0,0.0,0,0,2,2,7.0
Y75.3,"Surgical instruments, materials and neurological devices (including sutures) associated with adverse incidents",0.0,0.0,0.0,0,0,2,2,11.0
Y79.1,Therapeutic (nonsurgical) and rehabilitative orthopedic devices associated with adverse incidents,0.0,0.0,0.0,0,0,2,2,10.0
Y79.2,"Prosthetic and other implants, materials and accessory orthopedic devices associated with adverse incidents",0.4999999975,0.07142857137755101,0.12499999765625001,1,1,13,14,72.0
Y79.3,"Surgical instruments, materials and orthopedic devices (including sutures) associated with adverse incidents",0.0,0.0,0.0,0,0,12,12,62.0
Y79.8,"Miscellaneous orthopedic devices associated with adverse incidents, not elsewhere classified",0.0,0.0,0.0,0,0,2,2,8.0
Y81.3,"Surgical instruments, materials and general- and plastic-surgery devices (including sutures) associated with adverse incidents",0.0,0.0,0.0,0,0,4,4,15.0
Y82.8,Other medical devices associated with adverse incidents,0.0,0.0,0.0,0,1,35,35,161.0
Y83.0,"Surgical operation with transplant of whole organ as the cause of abnormal reaction of the patient, or of later complication, without mention of misadventure at the time of the procedure",0.4805194805038792,0.6166666666409722,0.5401459804587352,148,160,92,240,851.0
Y83.1,"Surgical operation with implant of artificial internal device as the cause of abnormal reaction of the patient, or of later complication, without mention of misadventure at the time of the procedure",0.24761904759546488,0.1011673151711608,0.14364640471337886,26,79,231,257,1164.0
Y83.2,"Surgical operation with anastomosis, bypass or graft as the cause of abnormal reaction of the patient, or of later complication, without mention of misadventure at the time of the procedure",0.40897097624250733,0.43055555554359565,0.4194857866022365,155,224,205,360,1642.0
Y83.3,"Surgical operation with formation of external stoma as the cause of abnormal reaction of the patient, or of later complication, without mention of misadventure at the time of the procedure",0.2272727272210744,0.18518518515089163,0.20408162766347365,10,34,44,54,241.0
Y83.4,"Other reconstructive surgery as the cause of abnormal reaction of the patient, or of later complication, without mention of misadventure at the time of the procedure",0.0,0.0,0.0,0,4,77,77,296.0
Y83.5,"Amputation of limb(s) as the cause of abnormal reaction of the patient, or of later complication, without mention of misadventure at the time of the procedure",0.4509803920684352,0.534883720805841,0.4893616970597556,23,28,20,43,221.0
Y83.6,"Removal of other organ (partial) (total) as the cause of abnormal reaction of the patient, or of later complication, without mention of misadventure at the time of the procedure",0.2588235293813149,0.1486486486386048,0.1888411970660724,22,63,126,148,678.0
Y83.8,"Other surgical procedures as the cause of abnormal reaction of the patient, or of later complication, without mention of misadventure at the time of the procedure",0.37248322147026036,0.27577639751210214,0.31691648332944605,222,374,583,805,3660.0
Y83.9,"Surgical procedure, unspecified as the cause of abnormal reaction of the patient, or of later complication, without mention of misadventure at the time of the procedure",0.0,0.0,0.0,0,0,42,42,176.0
Y84.0,"Cardiac catheterization as the cause of abnormal reaction of the patient, or of later complication, without mention of misadventure at the time of the procedure",0.40677966094800344,0.3809523808919123,0.3934426178916958,24,35,39,63,256.0
Y84.1,"Kidney dialysis as the cause of abnormal reaction of the patient, or of later complication, without mention of misadventure at the time of the procedure",0.0,0.0,0.0,0,0,14,14,66.0
Y84.2,"Radiological procedure and radiotherapy as the cause of abnormal reaction of the patient, or of later complication, without mention of misadventure at the time of the procedure",0.43999999997066663,0.6285714285115647,0.517647053938639,66,84,39,105,392.0
Y84.4,"Aspiration of fluid as the cause of abnormal reaction of the patient, or of later complication, without mention of misadventure at the time of the procedure",0.5999999993999999,0.3157894735180055,0.4137930986444709,6,4,13,19,90.0
Y84.6,"Urinary catheterization as the cause of abnormal reaction of the patient, or of later complication, without mention of misadventure at the time of the procedure",0.49107142852758295,0.43650793647329306,0.4621848689280419,55,57,71,126,548.0
Y84.8,"Other medical procedures as the cause of abnormal reaction of the patient, or of later complication, without mention of misadventure at the time of the procedure",0.40532544377499036,0.28842105262550694,0.33702336536739247,137,201,338,475,2194.0
Y84.9,"Medical procedure, unspecified as the cause of abnormal reaction of the patient, or of later complication, without mention of misadventure at the time of the procedure",0.0,0.0,0.0,0,0,24,24,99.0
Y90.0,Blood alcohol level of less than 20 mg/100 ml,0.0,0.0,0.0,0,0,6,6,14.0
Y90.1,Blood alcohol level of 20-39 mg/100 ml,0.0,0.0,0.0,0,0,2,2,9.0
Y90.2,Blood alcohol level of 40-59 mg/100 ml,0.0,0.0,0.0,0,0,1,1,8.0
Y90.5,Blood alcohol level of 100-119 mg/100 ml,0.0,0.0,0.0,0,0,2,2,10.0
Y90.6,Blood alcohol level of 120-199 mg/100 ml,0.0,0.0,0.0,0,0,8,8,40.0
Y90.7,Blood alcohol level of 200-239 mg/100 ml,0.0,0.0,0.0,0,0,5,5,26.0
Y90.8,Blood alcohol level of 240 mg/100 ml or more,0.0,0.0,0.0,0,0,16,16,82.0
Y90.9,"Presence of alcohol in blood, level not specified",0.0,0.0,0.0,0,0,5,5,24.0
Y92.000,Kitchen of unspecified non-institutional (private) residence as the place of occurrence of the external cause,0.23076923059171597,0.149999999925,0.18181817693296612,3,10,17,20,95.0
Y92.002,Bathroom of unspecified non-institutional (private) residence single-family (private) house as the place of occurrence of the external cause,0.39393939387970617,0.4727272726413223,0.4297520610859914,26,40,29,55,262.0
Y92.003,Bedroom of unspecified non-institutional (private) residence as the place of occurrence of the external cause,0.3692307691739645,0.479999999904,0.4173912993603025,24,41,26,50,208.0
Y92.007,Garden or yard of unspecified non-institutional (private) residence as the place of occurrence of the external cause,0.0,0.0,0.0,0,0,12,12,61.0
Y92.008,Other place in unspecified non-institutional (private) residence as the place of occurrence of the external cause,0.0,0.0,0.0,0,0,43,43,217.0
Y92.009,Unspecified place in unspecified non-institutional (private) residence as the place of occurrence of the external cause,0.3384615384355029,0.053140096617715696,0.09185803523066938,44,86,784,828,3427.0
Y92.010,Kitchen of single-family (private) house as the place of occurrence of the external cause,0.0,0.0,0.0,0,0,8,8,37.0
Y92.012,Bathroom of single-family (private) house as the place of occurrence of the external cause,0.0,0.0,0.0,0,1,22,22,108.0
Y92.013,Bedroom of single-family (private) house as the place of occurrence of the external cause,0.0,0.0,0.0,0,0,12,12,54.0
Y92.014,Private driveway to single-family (private) house as the place of occurrence of the external cause,0.0,0.0,0.0,0,0,3,3,8.0
Y92.015,Private garage of single-family (private) house as the place of occurrence of the external cause,0.0,0.0,0.0,0,0,2,2,9.0
Y92.017,Garden or yard in single-family (private) house as the place of occurrence of the external cause,0.0,0.0,0.0,0,0,4,4,18.0
Y92.018,Other place in single-family (private) house as the place of occurrence of the external cause,0.0,0.0,0.0,0,0,66,66,324.0
Y92.019,Unspecified place in single-family (private) house as the place of occurrence of the external cause,0.0,0.0,0.0,0,0,113,113,494.0
Y92.030,Kitchen in apartment as the place of occurrence of the external cause,0.0,0.0,0.0,0,0,3,3,18.0
Y92.031,Bathroom in apartment as the place of occurrence of the external cause,0.0,0.0,0.0,0,0,9,9,40.0
Y92.032,Bedroom in apartment as the place of occurrence of the external cause,0.0,0.0,0.0,0,0,6,6,28.0
Y92.038,Other place in apartment as the place of occurrence of the external cause,0.0,0.0,0.0,0,0,31,31,154.0
Y92.039,Unspecified place in apartment as the place of occurrence of the external cause,0.0,0.0,0.0,0,0,31,31,148.0
Y92.049,Unspecified place in boarding-house as the place of occurrence of the external cause,0.0,0.0,0.0,0,0,2,2,7.0
Y92.091,Bathroom in other non-institutional residence as the place of occurrence of the external cause,0.0,0.0,0.0,0,0,10,10,40.0
Y92.092,Bedroom in other non-institutional residence as the place of occurrence of the external cause,0.0,0.0,0.0,0,0,7,7,34.0
Y92.096,Garden or yard of other non-institutional residence as the place of occurrence of the external cause,0.0,0.0,0.0,0,0,3,3,18.0
Y92.098,Other place in other non-institutional residence as the place of occurrence of the external cause,0.0,0.0,0.0,0,0,14,14,67.0
Y92.099,Unspecified place in other non-institutional residence as the place of occurrence of the external cause,0.0,0.0,0.0,0,1,37,37,184.0
Y92.10,Unspecified residential institution as the place of occurrence of the external cause,0.0,0.0,0.0,0,0,1,1,8.0
Y92.121,Bathroom in nursing home as the place of occurrence of the external cause,0.4999999975,0.08333333326388888,0.14285714020408163,1,1,11,12,45.0
Y92.122,Bedroom in nursing home as the place of occurrence of the external cause,0.9999999900000002,0.05555555552469135,0.1052631567867036,1,0,17,18,71.0
Y92.128,Other place in nursing home as the place of occurrence of the external cause,0.0,0.0,0.0,0,0,14,14,53.0
Y92.129,Unspecified place in nursing home as the place of occurrence of the external cause,0.4285714284183673,0.12765957445450432,0.1967213079064768,12,16,82,94,468.0
Y92.143,Cell of prison as the place of occurrence of the external cause,0.0,0.0,0.0,0,0,4,4,10.0
Y92.149,Unspecified place in prison as the place of occurrence of the external cause,0.3999999992,0.1999999998,0.2666666618666667,2,3,8,10,38.0
Y92.192,Bathroom in other specified residential institution as the place of occurrence of the external cause,0.0,0.0,0.0,0,0,2,2,9.0
Y92.199,Unspecified place in other specified residential institution as the place of occurrence of the external cause,0.0,0.0,0.0,0,0,24,24,144.0
Y92.214,College as the place of occurrence of the external cause,0.0,0.0,0.0,0,0,3,3,18.0
Y92.22,Religious institution as the place of occurrence of the external cause,0.0,0.0,0.0,0,0,2,2,8.0
Y92.230,Patient room in hospital as the place of occurrence of the external cause,0.3238255033502714,0.205976520808901,0.25179386347633653,193,403,744,937,4096.0
Y92.231,Patient bathroom in hospital as the place of occurrence of the external cause,0.0,0.0,0.0,0,0,13,13,67.0
Y92.234,Operating room of hospital as the place of occurrence of the external cause,0.4235294117148789,0.18090452260397463,0.2535211225483535,36,49,163,199,897.0
Y92.238,Other place in hospital as the place of occurrence of the external cause,0.15789473675900276,0.016483516482610795,0.029850744553847775,3,16,179,182,899.0
Y92.239,Unspecified place in hospital as the place of occurrence of the external cause,0.26907630521007725,0.07219827586129096,0.11384876471645372,67,182,861,928,4401.0
Y92.29,Other specified public building as the place of occurrence of the external cause,0.0,0.0,0.0,0,0,3,3,14.0
Y92.39,Other specified sports and athletic area as the place of occurrence of the external cause,0.0,0.0,0.0,0,3,12,12,57.0
Y92.410,Unspecified street and highway as the place of occurrence of the external cause,0.5299145298692381,0.5391304347357279,0.5344827535749852,62,55,53,115,518.0
Y92.411,Interstate highway as the place of occurrence of the external cause,0.0,0.0,0.0,0,0,6,6,30.0
Y92.413,State road as the place of occurrence of the external cause,0.0,0.0,0.0,0,0,4,4,17.0
Y92.414,Local residential or business street as the place of occurrence of the external cause,0.0,0.0,0.0,0,0,9,9,42.0
Y92.480,Sidewalk as the place of occurrence of the external cause,0.6666666659259258,0.19354838703433921,0.29999999636249997,6,3,25,31,126.0
Y92.481,Parking lot as the place of occurrence of the external cause,0.3333333329629629,0.29999999969999996,0.31578946836565097,3,6,7,10,50.0
Y92.488,Other paved roadways as the place of occurrence of the external cause,0.0,0.0,0.0,0,0,12,12,57.0
Y92.511,Restaurant or cafe as the place of occurrence of the external cause,0.0,0.0,0.0,0,0,9,9,33.0
Y92.512,"Supermarket, store or market as the place of occurrence of the external cause",0.4999999975,0.07692307686390532,0.13333333084444446,1,1,12,13,33.0
Y92.522,Railway station as the place of occurrence of the external cause,0.0,0.0,0.0,0,0,4,4,18.0
Y92.530,Ambulatory surgery center as the place of occurrence of the external cause,0.0,0.0,0.0,0,0,7,7,37.0
Y92.531,Health care provider office as the place of occurrence of the external cause,0.0,0.0,0.0,0,0,8,8,41.0
Y92.538,Other ambulatory health services establishments as the place of occurrence of the external cause,0.0,0.0,0.0,0,0,22,22,85.0
Y92.59,Other trade areas as the place of occurrence of the external cause,0.0,0.0,0.0,0,0,7,7,37.0
Y92.61,Building [any] under construction as the place of occurrence of the external cause,0.0,0.0,0.0,0,0,2,2,11.0
Y92.69,Other specified industrial and construction area as the place of occurrence of the external cause,0.6249999992187499,0.3846153843195266,0.4761904710204082,5,3,8,13,64.0
Y92.810,Car as the place of occurrence of the external cause,0.0,0.0,0.0,0,0,3,3,11.0
Y92.814,Boat as the place of occurrence of the external cause,0.9999999900000002,0.4999999975,0.6666666577777778,1,0,1,2,8.0
Y92.821,Forest as the place of occurrence of the external cause,0.0,0.0,0.0,0,0,2,2,8.0
Y92.828,Other wilderness area as the place of occurrence of the external cause,0.999999995,0.6666666644444444,0.799999992,2,0,1,3,13.0
Y92.830,Public park as the place of occurrence of the external cause,0.0,0.0,0.0,0,0,5,5,21.0
Y92.832,Beach as the place of occurrence of the external cause,0.0,0.0,0.0,0,0,2,2,11.0
Y92.838,Other recreation area as the place of occurrence of the external cause,0.0,0.0,0.0,0,0,7,7,34.0
Y92.89,Other specified places as the place of occurrence of the external cause,0.0,0.0,0.0,0,1,198,198,876.0
Y92.9,Unspecified place or not applicable,0.3281544256105078,0.3672286617472749,0.34659372947453115,697,1427,1201,1898,8326.0
Y93.01,"Activity, walking, marching and hiking",0.0,0.0,0.0,0,0,5,5,22.0
Y93.23,"Activity, snow (alpine) (downhill) skiing, snowboarding, sledding, tobogganing and snow tubing",0.0,0.0,0.0,0,2,3,3,7.0
Y93.55,"Activity, bike riding",0.0,0.0,0.0,0,0,3,3,13.0
Y93.89,"Activity, other specified",0.0,0.0,0.0,0,0,6,6,30.0
Y93.9,"Activity, unspecified",0.0,0.0,0.0,0,0,13,13,64.0
Y93.E1,"Activity, personal bathing and showering",0.0,0.0,0.0,0,0,2,2,8.0
Y93.H3,"Activity, building and construction",0.0,0.0,0.0,0,0,2,2,10.0
Y95,Nosocomial condition,0.0,0.0,0.0,0,0,30,30,136.0
Y99.0,Civilian activity done for income or pay,0.0,0.0,0.0,0,2,6,6,29.0
Y99.9,Unspecified external cause status,0.0,0.0,0.0,0,0,5,5,26.0
Z00.6,Encounter for examination for normal comparison and control in clinical research program,0.6712962962652177,0.25217391303909265,0.36662452193721723,145,71,430,575,2549.0
Z01.810,Encounter for preprocedural cardiovascular examination,0.0,0.0,0.0,0,0,1,1,8.0
Z01.818,Encounter for other preprocedural examination,0.0,0.0,0.0,0,0,1,1,8.0
Z03.89,Encounter for observation for other suspected diseases and conditions ruled out,0.0,0.0,0.0,0,0,4,4,13.0
Z09,Encounter for follow-up examination after completed treatment for conditions other than malignant neoplasm,0.0,0.0,0.0,0,0,35,35,101.0
Z11.1,Encounter for screening for respiratory tuberculosis,0.0,0.0,0.0,0,0,2,2,8.0
Z12.11,Encounter for screening for malignant neoplasm of colon,0.3214285713137755,0.6923076917751478,0.4390243856989888,9,19,4,13,64.0
Z14.1,Cystic fibrosis carrier,0.3333333322222222,0.14285714265306124,0.1999999954000001,1,2,6,7,38.0
Z14.8,Genetic carrier of other disease,0.0,0.0,0.0,0,14,8,8,41.0
Z15.01,Genetic susceptibility to malignant neoplasm of breast,0.6818181815082645,0.6249999997395833,0.6521739077693763,15,7,9,24,70.0
Z15.02,Genetic susceptibility to malignant neoplasm of ovary,0.9999999900000002,0.4999999975,0.6666666577777778,1,0,1,2,8.0
Z15.09,Genetic susceptibility to other malignant neoplasm,0.0,0.0,0.0,0,0,7,7,32.0
Z16.11,Resistance to penicillins,0.999999995,0.05555555554012345,0.10526315684210527,2,0,34,36,132.0
Z16.12,Extended spectrum beta lactamase (ESBL) resistance,0.0,0.0,0.0,0,0,8,8,30.0
Z16.19,Resistance to other specified beta lactam antibiotics,0.0,0.0,0.0,0,1,17,17,71.0
Z16.20,Resistance to unspecified antibiotic,0.0,0.0,0.0,0,0,1,1,8.0
Z16.21,Resistance to vancomycin,0.3194444444000772,0.5476190474886621,0.403508767205294,23,49,19,42,212.0
Z16.22,Resistance to vancomycin related antibiotics,0.0,0.0,0.0,0,2,11,11,57.0
Z16.23,Resistance to quinolones and fluoroquinolones,0.0,0.0,0.0,0,6,18,18,66.0
Z16.24,Resistance to multiple antibiotics,0.5277777776311728,0.3518518517866941,0.4222222173283951,19,17,35,54,261.0
Z16.29,Resistance to other single specified antibiotic,0.0,0.0,0.0,0,0,26,26,105.0
Z16.30,Resistance to unspecified antimicrobial drugs,0.0,0.0,0.0,0,0,6,6,28.0
Z16.35,Resistance to multiple antimicrobial drugs,0.4999999975,0.16666666638888888,0.24999999562500003,1,1,5,6,29.0
Z16.39,Resistance to other specified antimicrobial drug,0.0,0.0,0.0,0,1,14,14,71.0
Z17.0,Estrogen receptor positive status [ER+],0.3839285714114318,0.9148936169239476,0.5408804989462443,86,138,8,94,445.0
Z17.1,Estrogen receptor negative status [ER-],0.3333333331944444,0.3333333331944444,0.3333333281944445,8,16,16,24,118.0
Z18.10,"Retained metal fragments, unspecified",0.0,0.0,0.0,0,0,2,2,8.0
Z18.89,Other specified retained foreign body fragments,0.0,0.0,0.0,0,0,6,6,15.0
Z19.2,Hormone resistant malignancy status,0.0,0.0,0.0,0,0,1,1,8.0
Z20.1,Contact with and (suspected) exposure to tuberculosis,0.4999999975,0.3333333322222222,0.39999999360000005,1,1,2,3,16.0
Z20.5,Contact with and (suspected) exposure to viral hepatitis,0.49999999875,0.49999999875,0.4999999937500001,2,2,2,4,22.0
Z20.6,Contact with and (suspected) exposure to human immunodeficiency virus [HIV],0.9999999900000002,0.3333333322222222,0.49999999375000004,1,0,2,3,12.0
Z20.828,Contact with and (suspected) exposure to other viral communicable diseases,0.0,0.0,0.0,0,3,6,6,28.0
Z20.89,Contact with and (suspected) exposure to other communicable diseases,0.0,0.0,0.0,0,0,2,2,9.0
Z21,Asymptomatic human immunodeficiency virus [HIV] infection status,0.7295373665220805,0.9276018099127782,0.816733062767972,205,76,16,221,950.0
Z22.1,Carrier of other intestinal infectious diseases,0.0,0.0,0.0,0,0,2,2,7.0
Z22.321,Carrier or suspected carrier of Methicillin susceptible Staphylococcus aureus,0.0,0.0,0.0,0,0,5,5,26.0
Z22.322,Carrier or suspected carrier of Methicillin resistant Staphylococcus aureus,0.0,0.0,0.0,0,4,15,15,69.0
Z22.39,Carrier of other specified bacterial diseases,0.5454545449586776,0.18749999994140626,0.2790697635045971,6,5,26,32,117.0
Z22.4,Carrier of infections with a predominantly sexual mode of transmission,0.0,0.0,0.0,0,0,4,4,21.0
Z22.51,Carrier of viral hepatitis B,0.0,0.0,0.0,0,0,2,2,10.0
Z22.7,Latent tuberculosis,0.0,0.0,0.0,0,0,3,3,12.0
Z22.8,Carrier of other infectious diseases,0.0,0.0,0.0,0,0,4,4,18.0
Z23,Encounter for immunization,0.0,0.0,0.0,0,0,881,881,4234.0
Z28.09,Immunization not carried out because of other contraindication,0.0,0.0,0.0,0,0,2,2,9.0
Z28.21,Immunization not carried out because of patient refusal,0.0,0.0,0.0,0,0,5,5,26.0
Z29.8,Encounter for other specified prophylactic measures,0.0,0.0,0.0,0,0,3,3,12.0
Z30.2,Encounter for sterilization,0.8333333319444445,0.7142857132653061,0.7692307630769232,5,1,2,7,32.0
Z30.430,Encounter for insertion of intrauterine contraceptive device,0.49999999916666665,0.5999999988,0.5454545395041324,3,3,2,5,18.0
Z30.432,Encounter for removal of intrauterine contraceptive device,0.999999995,0.6666666644444444,0.799999992,2,0,1,3,12.0
Z33.1,"Pregnant state, incidental",0.4999999975,0.249999999375,0.33333332777777785,1,1,3,4,18.0
Z33.2,Encounter for elective termination of pregnancy,0.6666666644444444,0.49999999875,0.5714285648979592,2,1,2,4,12.0
Z37.0,Single live birth,0.8504672896401433,0.9381443298001914,0.8921568576696465,91,16,6,97,408.0
Z37.1,Single stillbirth,0.49999999875,0.3999999992,0.4444444385185186,2,2,3,5,20.0
Z37.2,"Twins, both liveborn",0.4285714282653061,0.8571428559183674,0.5714285664399094,6,8,1,7,36.0
Z39.0,Encounter for care and examination of mother immediately after delivery,0.0,0.0,0.0,0,0,2,2,11.0
Z3A.00,Weeks of gestation of pregnancy not specified,0.0,0.0,0.0,0,0,2,2,9.0
Z3A.01,Less than 8 weeks gestation of pregnancy,0.5384615380473372,0.6999999992999999,0.6086956467296786,7,6,3,10,47.0
Z3A.08,8 weeks gestation of pregnancy,0.6666666644444444,0.49999999875,0.5714285648979592,2,1,2,4,20.0
Z3A.09,9 weeks gestation of pregnancy,0.0,0.0,0.0,0,0,3,3,15.0
Z3A.10,10 weeks gestation of pregnancy,0.0,0.0,0.0,0,0,8,8,15.0
Z3A.11,11 weeks gestation of pregnancy,0.0,0.0,0.0,0,0,2,2,12.0
Z3A.12,12 weeks gestation of pregnancy,0.9999999966666667,0.9999999966666667,0.9999999916666666,3,0,0,3,14.0
Z3A.13,13 weeks gestation of pregnancy,0.0,0.0,0.0,0,0,2,2,12.0
Z3A.14,14 weeks gestation of pregnancy,0.0,0.0,0.0,0,0,2,2,11.0
Z3A.15,15 weeks gestation of pregnancy,0.9999999966666667,0.9999999966666667,0.9999999916666666,3,0,0,3,13.0
Z3A.16,16 weeks gestation of pregnancy,0.4999999975,0.4999999975,0.4999999925000001,1,1,1,2,11.0
Z3A.17,17 weeks gestation of pregnancy,0.6666666644444444,0.6666666644444444,0.6666666594444445,2,1,1,3,14.0
Z3A.18,18 weeks gestation of pregnancy,0.0,0.0,0.0,0,1,3,3,13.0
Z3A.19,19 weeks gestation of pregnancy,0.4999999975,0.1999999996,0.28571428081632655,1,1,4,5,23.0
Z3A.20,20 weeks gestation of pregnancy,0.7499999981250001,0.4285714279591837,0.5454545398347109,3,1,4,7,18.0
Z3A.21,21 weeks gestation of pregnancy,0.0,0.0,0.0,0,0,3,3,14.0
Z3A.22,22 weeks gestation of pregnancy,0.1999999996,0.249999999375,0.2222222167901236,1,4,3,4,22.0
Z3A.23,23 weeks gestation of pregnancy,0.7142857132653061,0.8333333319444445,0.7692307630769232,5,2,1,6,31.0
Z3A.24,24 weeks gestation of pregnancy,0.7999999984,0.3999999996,0.5333333281777778,4,1,6,10,25.0
Z3A.25,25 weeks gestation of pregnancy,0.9999999980000001,0.7142857132653061,0.8333333270833335,5,0,2,7,34.0
Z3A.26,26 weeks gestation of pregnancy,0.9999999975,0.49999999937499995,0.6666666611111112,4,0,4,8,30.0
Z3A.27,27 weeks gestation of pregnancy,0.0,0.0,0.0,0,1,8,8,32.0
Z3A.28,28 weeks gestation of pregnancy,0.49999999916666665,0.37499999953124996,0.4285714230612245,3,3,5,8,36.0
Z3A.29,29 weeks gestation of pregnancy,0.0,0.0,0.0,0,0,8,8,35.0
Z3A.30,30 weeks gestation of pregnancy,0.0,0.0,0.0,0,0,11,11,47.0
Z3A.31,31 weeks gestation of pregnancy,0.0,0.0,0.0,0,0,10,10,43.0
Z3A.32,32 weeks gestation of pregnancy,0.4999999975,0.0999999999,0.16666666361111113,1,1,9,10,49.0
Z3A.33,33 weeks gestation of pregnancy,0.8333333326388889,0.7692307686390532,0.799999994368,10,2,3,13,69.0
Z3A.34,34 weeks gestation of pregnancy,0.7777777769135802,0.3333333331746032,0.4666666621555556,7,2,14,21,51.0
Z3A.35,35 weeks gestation of pregnancy,0.8888888879012344,0.38095238077097504,0.5333333287777778,8,1,13,21,57.0
Z3A.36,36 weeks gestation of pregnancy,0.0,0.0,0.0,0,0,11,11,45.0
Z3A.37,37 weeks gestation of pregnancy,0.2727272724793388,0.19999999986666667,0.23076922571005928,3,8,12,15,61.0
Z3A.38,38 weeks gestation of pregnancy,0.0,0.0,0.0,0,5,8,8,50.0
Z3A.39,39 weeks gestation of pregnancy,0.14285714265306124,0.05555555552469135,0.0799999959040002,1,6,17,18,64.0
Z3A.40,40 weeks gestation of pregnancy,0.6666666644444444,0.2222222219753086,0.3333333290277778,2,1,7,9,35.0
Z3A.41,41 weeks gestation of pregnancy,0.9999999900000002,0.3333333322222222,0.49999999375000004,1,0,2,3,15.0
Z40.01,Encounter for prophylactic removal of breast,0.41666666649305556,0.9090909082644627,0.5714285667918367,10,14,1,11,38.0
Z40.02,Encounter for prophylactic removal of ovary(s),0.0,0.0,0.0,0,0,2,2,8.0
Z40.09,Encounter for prophylactic removal of other organ,0.0,0.0,0.0,0,0,2,2,7.0
Z40.8,Encounter for other prophylactic surgery,0.0,0.0,0.0,0,0,2,2,11.0
Z41.1,Encounter for cosmetic surgery,0.9999999900000002,0.3333333322222222,0.49999999375000004,1,0,2,3,16.0
Z42.1,Encounter for breast reconstruction following mastectomy,0.41666666631944443,0.6249999992187499,0.4999999947,5,7,3,8,38.0
Z42.8,Encounter for other plastic and reconstructive surgery following medical procedure or healed injury,0.16666666638888888,0.249999999375,0.1999999948000001,1,5,3,4,21.0
Z43.0,Encounter for attention to tracheostomy,0.1999999996,0.0624999999609375,0.09523809151927451,1,4,15,16,79.0
Z43.1,Encounter for attention to gastrostomy,0.249999999375,0.05882352937716263,0.09523809206349215,1,3,16,17,81.0
Z43.2,Encounter for attention to ileostomy,0.7368421051338874,0.8936170210864645,0.8076923025832101,42,15,5,47,207.0
Z43.3,Encounter for attention to colostomy,0.49999999975,0.7692307686390532,0.6060606009182736,10,10,3,13,66.0
Z43.4,Encounter for attention to other artificial openings of digestive tract,0.4999999975,0.0999999999,0.16666666361111113,1,1,9,10,42.0
Z43.5,Encounter for attention to cystostomy,0.0,0.0,0.0,0,0,1,1,8.0
Z43.6,Encounter for attention to other artificial openings of urinary tract,0.0,0.0,0.0,0,0,6,6,21.0
Z45.010,Encounter for checking and testing of cardiac pacemaker pulse generator [battery],0.0,0.0,0.0,0,0,12,12,47.0
Z45.018,Encounter for adjustment and management of other part of cardiac pacemaker,0.3896103895597909,0.31249999996744793,0.3468208042687695,30,47,66,96,468.0
Z45.02,Encounter for adjustment and management of automatic implantable cardiac defibrillator,0.3564356435290658,0.4235294117148789,0.38709676918892366,36,65,49,85,353.0
Z45.09,Encounter for adjustment and management of other cardiac device,0.0,0.0,0.0,0,0,3,3,16.0
Z45.2,Encounter for adjustment and management of vascular access device,0.0,0.0,0.0,0,0,2,2,8.0
Z45.89,Encounter for adjustment and management of other implanted devices,0.0,0.0,0.0,0,0,2,2,8.0
Z46.6,Encounter for fitting and adjustment of urinary device,0.0,0.0,0.0,0,0,2,2,10.0
Z46.89,Encounter for fitting and adjustment of other specified devices,0.0,0.0,0.0,0,0,2,2,11.0
Z47.1,Aftercare following joint replacement surgery,0.0,0.0,0.0,0,0,2,2,10.0
Z47.2,Encounter for removal of internal fixation device,0.0,0.0,0.0,0,0,5,5,14.0
Z47.32,Aftercare following explantation of hip joint prosthesis,0.0,0.0,0.0,0,0,4,4,20.0
Z47.33,Aftercare following explantation of knee joint prosthesis,0.3999999992,0.49999999875,0.4444444385185186,2,3,2,4,20.0
Z47.89,Encounter for other orthopedic aftercare,0.0,0.0,0.0,0,0,4,4,18.0
Z48.01,Encounter for change or removal of surgical wound dressing,0.0,0.0,0.0,0,0,5,5,20.0
Z48.03,Encounter for change or removal of drains,0.0,0.0,0.0,0,0,3,3,12.0
Z48.1,Encounter for planned postprocedural wound closure,0.3333333322222222,0.12499999984374999,0.18181817752066123,1,2,7,8,37.0
Z48.3,Aftercare following surgery for neoplasm,0.0,0.0,0.0,0,0,3,3,12.0
Z48.811,Encounter for surgical aftercare following surgery on the nervous system,0.0,0.0,0.0,0,0,2,2,8.0
Z48.812,Encounter for surgical aftercare following surgery on the circulatory system,0.0,0.0,0.0,0,0,3,3,12.0
Z48.815,Encounter for surgical aftercare following surgery on the digestive system,0.0,0.0,0.0,0,0,3,3,15.0
Z48.89,Encounter for other specified surgical aftercare,0.0,0.0,0.0,0,0,2,2,11.0
Z51.0,Encounter for antineoplastic radiation therapy,0.0,0.0,0.0,0,3,6,6,22.0
Z51.11,Encounter for antineoplastic chemotherapy,0.8404255318925419,0.9212827988069596,0.8789986041654979,316,60,27,343,1598.0
Z51.12,Encounter for antineoplastic immunotherapy,0.5555555549382716,0.5555555549382716,0.5555555499382716,5,4,4,9,50.0
Z51.5,Encounter for palliative care,0.7438356164281666,0.7397820163386951,0.741803273678428,543,187,191,734,3236.0
Z51.6,Encounter for desensitization to allergens,0.09090909086776859,0.124999999921875,0.10526315296398914,2,20,14,16,102.0
Z51.81,Encounter for therapeutic drug level monitoring,0.0,0.0,0.0,0,0,9,9,45.0
Z51.89,Encounter for other specified aftercare,0.0,0.0,0.0,0,0,2,2,9.0
Z52.4,Kidney donor,0.999999995,0.999999995,0.9999999900000001,2,0,0,2,11.0
Z53.09,Procedure and treatment not carried out because of other contraindication,0.0,0.0,0.0,0,0,63,63,221.0
Z53.1,Procedure and treatment not carried out because of patient's decision for reasons of belief and group pressure,0.0,0.0,0.0,0,0,4,4,18.0
Z53.20,Procedure and treatment not carried out because of patient's decision for unspecified reasons,0.0,0.0,0.0,0,0,5,5,26.0
Z53.21,Procedure and treatment not carried out due to patient leaving prior to being seen by health care provider,0.0,0.0,0.0,0,1,18,18,64.0
Z53.29,Procedure and treatment not carried out because of patient's decision for other reasons,0.0,0.0,0.0,0,0,46,46,228.0
Z53.31,Laparoscopic surgical procedure converted to open procedure,0.49999999984375,0.37209302316928067,0.4266666616604445,16,16,27,43,196.0
Z53.32,Thoracoscopic surgical procedure converted to open procedure,0.3333333322222222,0.3333333322222222,0.33333332722222225,1,2,2,3,17.0
Z53.8,Procedure and treatment not carried out for other reasons,0.0,0.0,0.0,0,0,27,27,128.0
Z55.0,Illiteracy and low-level literacy,0.0,0.0,0.0,0,0,4,4,7.0
Z56.0,"Unemployment, unspecified",0.0,0.0,0.0,0,0,22,22,99.0
Z57.31,Occupational exposure to environmental tobacco smoke,0.0,0.0,0.0,0,0,1,1,8.0
Z57.4,Occupational exposure to toxic agents in agriculture,0.0,0.0,0.0,0,0,2,2,9.0
Z57.5,Occupational exposure to toxic agents in other industries,0.0,0.0,0.0,0,0,2,2,8.0
Z59.0,Homelessness,0.7700534758946496,0.599999999975,0.6744730629611309,144,43,96,240,1046.0
Z59.7,Insufficient social insurance and welfare support,0.0,0.0,0.0,0,0,2,2,10.0
Z59.8,Other problems related to housing and economic circumstances,0.0,0.0,0.0,0,0,10,10,49.0
Z59.9,"Problem related to housing and economic circumstances, unspecified",0.0,0.0,0.0,0,0,5,5,19.0
Z60.2,Problems related to living alone,0.0,0.0,0.0,0,0,9,9,31.0
Z60.8,Other problems related to social environment,0.0,0.0,0.0,0,0,3,3,16.0
Z62.810,Personal history of physical and sexual abuse in childhood,0.3333333329629629,0.08571428568979592,0.13636363304752072,3,6,32,35,116.0
Z62.811,Personal history of psychological abuse in childhood,0.0,0.0,0.0,0,0,4,4,19.0
Z62.819,Personal history of unspecified abuse in childhood,0.0,0.0,0.0,0,0,2,2,9.0
Z63.0,Problems in relationship with spouse or partner,0.0,0.0,0.0,0,0,3,3,12.0
Z63.4,Disappearance and death of family member,0.0,0.0,0.0,0,0,9,9,43.0
Z63.5,Disruption of family by separation and divorce,0.0,0.0,0.0,0,0,3,3,18.0
Z63.6,Dependent relative needing care at home,0.0,0.0,0.0,0,0,2,2,7.0
Z63.79,Other stressful life events affecting family and household,0.0,0.0,0.0,0,0,3,3,15.0
Z63.8,Other specified problems related to primary support group,0.0,0.0,0.0,0,0,3,3,18.0
Z65.1,Imprisonment and other incarceration,0.0,0.0,0.0,0,2,2,2,10.0
Z65.3,Problems related to other legal circumstances,0.0,0.0,0.0,0,0,4,4,12.0
Z66,Do not resuscitate,0.7767277022990152,0.7579250720417411,0.7672111968632523,1315,378,420,1735,7874.0
Z68.1,"Body mass index (BMI) 19.9 or less, adult",0.456395348823942,0.4025641025537804,0.42779291053931656,157,187,233,390,1903.0
Z68.20,"Body mass index (BMI) 20.0-20.9, adult",0.0,0.0,0.0,0,0,110,110,525.0
Z68.21,"Body mass index (BMI) 21.0-21.9, adult",0.0,0.0,0.0,0,0,122,122,470.0
Z68.22,"Body mass index (BMI) 22.0-22.9, adult",0.0,0.0,0.0,0,0,107,107,518.0
Z68.23,"Body mass index (BMI) 23.0-23.9, adult",0.0,0.0,0.0,0,0,122,122,535.0
Z68.24,"Body mass index (BMI) 24.0-24.9, adult",0.0,0.0,0.0,0,0,116,116,479.0
Z68.25,"Body mass index (BMI) 25.0-25.9, adult",0.0,0.0,0.0,0,0,112,112,390.0
Z68.26,"Body mass index (BMI) 26.0-26.9, adult",0.0,0.0,0.0,0,0,86,86,366.0
Z68.27,"Body mass index (BMI) 27.0-27.9, adult",0.0,0.0,0.0,0,0,85,85,411.0
Z68.28,"Body mass index (BMI) 28.0-28.9, adult",0.0,0.0,0.0,0,0,90,90,424.0
Z68.29,"Body mass index (BMI) 29.0-29.9, adult",0.0,0.0,0.0,0,0,92,92,458.0
Z68.30,"Body mass index (BMI) 30.0-30.9, adult",0.0,0.0,0.0,0,0,151,151,599.0
Z68.31,"Body mass index (BMI) 31.0-31.9, adult",0.0,0.0,0.0,0,0,160,160,698.0
Z68.32,"Body mass index (BMI) 32.0-32.9, adult",0.0,0.0,0.0,0,0,174,174,740.0
Z68.33,"Body mass index (BMI) 33.0-33.9, adult",0.0,0.0,0.0,0,0,145,145,669.0
Z68.34,"Body mass index (BMI) 34.0-34.9, adult",0.0,0.0,0.0,0,0,153,153,650.0
Z68.35,"Body mass index (BMI) 35.0-35.9, adult",0.0,0.0,0.0,0,0,140,140,693.0
Z68.36,"Body mass index (BMI) 36.0-36.9, adult",0.0,0.0,0.0,0,0,139,139,682.0
Z68.37,"Body mass index (BMI) 37.0-37.9, adult",0.0,0.0,0.0,0,0,160,160,668.0
Z68.38,"Body mass index (BMI) 38.0-38.9, adult",0.0,0.0,0.0,0,0,130,130,581.0
Z68.39,"Body mass index (BMI) 39.0-39.9, adult",0.0,0.0,0.0,0,0,149,149,546.0
Z68.41,"Body mass index (BMI) 40.0-44.9, adult",0.2580645160457856,0.016736401673290033,0.031434183530710515,8,23,470,478,2108.0
Z68.42,"Body mass index (BMI) 45.0-49.9, adult",0.24999999968749997,0.007042253520878793,0.01369862960311505,2,6,282,284,1049.0
Z68.43,"Body mass index (BMI) 50.0-59.9, adult",0.27777777772633744,0.09374999999414062,0.14018691210149367,15,39,145,160,917.0
Z68.44,"Body mass index (BMI) 60.0-69.9, adult",0.22727272716942148,0.11627906974040021,0.1538461493207102,5,17,38,43,210.0
Z68.45,"Body mass index (BMI) 70 or greater, adult",0.0,0.0,0.0,0,0,29,29,88.0
Z71.3,Dietary counseling and surveillance,0.0,0.0,0.0,0,0,4,4,19.0
Z71.6,Tobacco abuse counseling,0.0,0.0,0.0,0,0,10,10,41.0
Z72.0,Tobacco use,0.0,0.0,0.0,0,0,430,430,1913.0
Z72.4,Inappropriate diet and eating habits,0.0,0.0,0.0,0,0,2,2,7.0
Z72.51,High risk heterosexual behavior,0.0,0.0,0.0,0,0,2,2,9.0
Z72.820,Sleep deprivation,0.49999999875,0.49999999875,0.4999999937500001,2,2,2,4,19.0
Z72.89,Other problems related to lifestyle,0.571428570612245,0.030769230766863904,0.05839415960573287,4,3,126,130,519.0
Z73.3,"Stress, not elsewhere classified",0.0,0.0,0.0,0,3,3,3,14.0
Z74.01,Bed confinement status,0.5333333332148148,0.27906976740941053,0.3664122091742906,24,21,62,86,338.0
Z74.09,Other reduced mobility,0.0,0.0,0.0,0,0,2,2,11.0
Z74.2,Need for assistance at home and no other household member able to render care,0.0,0.0,0.0,0,0,2,2,10.0
Z75.1,Person awaiting admission to adequate facility elsewhere,0.0,0.0,0.0,0,0,14,14,71.0
Z76.5,Malingerer [conscious simulation],0.0,0.0,0.0,0,0,7,7,36.0
Z76.82,Awaiting organ transplant status,0.6210526315135735,0.4244604316241395,0.5042734994071884,59,36,80,139,654.0
Z77.090,Contact with and (suspected) exposure to asbestos,0.4374999997265625,0.24999999991071428,0.3181818134090909,7,9,21,28,140.0
Z77.22,Contact with and (suspected) exposure to environmental tobacco smoke (acute) (chronic),0.3333333322222222,0.04166666664930555,0.07407407204389578,1,2,23,24,109.0
Z78.0,Asymptomatic menopausal state,0.9999999900000002,0.16666666638888888,0.2857142824489796,1,0,5,6,28.0
Z78.1,Physical restraint status,0.4752475247430644,0.3864734299454674,0.4262877392728469,240,265,381,621,2934.0
Z79.01,Long term (current) use of anticoagulants,0.6847977684773892,0.784972022378957,0.7314711309609121,1964,904,538,2502,11142.0
Z79.02,Long term (current) use of antithrombotics/antiplatelets,0.4660014781948781,0.7314385150769639,0.569300220976753,1261,1445,463,1724,7681.0
Z79.1,Long term (current) use of non-steroidal anti-inflammatories (NSAID),0.0,0.0,0.0,0,0,8,8,40.0
Z79.2,Long term (current) use of antibiotics,0.0,0.0,0.0,0,0,16,16,69.0
Z79.3,Long term (current) use of hormonal contraceptives,0.0,0.0,0.0,0,0,3,3,13.0
Z79.4,Long term (current) use of insulin,0.7826377295466356,0.9022324865246257,0.8381905904092857,2344,651,254,2598,11006.0
Z79.51,Long term (current) use of inhaled steroids,0.0,0.0,0.0,0,0,19,19,95.0
Z79.52,Long term (current) use of systemic steroids,0.24999999979166665,0.015624999999186198,0.02941176359573245,3,9,189,192,816.0
Z79.810,Long term (current) use of selective estrogen receptor modulators (SERMs),0.0,0.0,0.0,0,0,2,2,11.0
Z79.811,Long term (current) use of aromatase inhibitors,0.0,0.0,0.0,0,0,2,2,9.0
Z79.82,Long term (current) use of aspirin,0.0,0.0,0.0,0,0,503,503,2045.0
Z79.84,Long term (current) use of oral hypoglycemic drugs,0.4999999975,0.0030674846624825923,0.00609756085403034,1,1,325,326,1476.0
Z79.890,Hormone replacement therapy,0.0,0.0,0.0,0,0,8,8,38.0
Z79.891,Long term (current) use of opiate analgesic,0.0,0.0,0.0,0,0,55,55,222.0
Z79.899,Other long term (current) drug therapy,0.0,0.0,0.0,0,0,160,160,696.0
Z80.0,Family history of malignant neoplasm of digestive organs,0.3220338982505027,0.07851239669097056,0.1262458440158498,19,40,223,242,1074.0
Z80.1,"Family history of malignant neoplasm of trachea, bronchus and lung",0.35294117644752016,0.4186046511303407,0.38297871841330916,54,99,75,129,642.0
Z80.2,Family history of malignant neoplasm of other respiratory and intrathoracic organs,0.0,0.0,0.0,0,0,3,3,13.0
Z80.3,Family history of malignant neoplasm of breast,0.3999999999636364,0.23036649213453578,0.29235879932936726,44,66,147,191,866.0
Z80.41,Family history of malignant neoplasm of ovary,0.1874999999609375,0.21951219506841166,0.2022471859967177,9,39,32,41,159.0
Z80.42,Family history of malignant neoplasm of prostate,0.4117647056401384,0.07954545453641529,0.13333333059410435,7,10,81,88,293.0
Z80.43,Family history of malignant neoplasm of testis,0.9999999900000002,0.4999999975,0.6666666577777778,1,0,1,2,9.0
Z80.49,Family history of malignant neoplasm of other genital organs,0.0,0.0,0.0,0,0,24,24,119.0
Z80.51,Family history of malignant neoplasm of kidney,0.2857142855782313,0.3529411762629758,0.3157894685734073,6,15,11,17,87.0
Z80.52,Family history of malignant neoplasm of bladder,0.19230769223372782,0.29411764688581316,0.23255813464575453,5,21,12,17,72.0
Z80.6,Family history of leukemia,0.14285714265306124,0.03333333332222222,0.05405405095690302,1,6,29,30,146.0
Z80.7,"Family history of other malignant neoplasms of lymphoid, hematopoietic and related tissues",0.07142857137755101,0.019607843133410227,0.030769227379882025,1,13,50,51,175.0
Z80.8,Family history of malignant neoplasm of other organs or systems,0.16666666652777776,0.022727272724690085,0.03999999788000012,2,10,86,88,441.0
Z80.9,"Family history of malignant neoplasm, unspecified",0.0,0.0,0.0,0,0,18,18,77.0
Z81.1,Family history of alcohol abuse and dependence,0.0,0.0,0.0,0,0,32,32,154.0
Z81.2,Family history of tobacco abuse and dependence,0.0,0.0,0.0,0,0,2,2,9.0
Z81.3,Family history of other psychoactive substance abuse and dependence,0.0,0.0,0.0,0,0,6,6,28.0
Z81.4,Family history of other substance abuse and dependence,0.0,0.0,0.0,0,0,1,1,8.0
Z81.8,Family history of other mental and behavioral disorders,0.1624999999796875,0.1999999999692308,0.17931033985636163,13,67,52,65,291.0
Z82.0,Family history of epilepsy and other diseases of the nervous system,0.0,0.0,0.0,0,0,7,7,34.0
Z82.3,Family history of stroke,0.3999999992,0.028985507242176016,0.054054052779401056,2,3,67,69,317.0
Z82.41,Family history of sudden cardiac death,0.0,0.0,0.0,0,1,14,14,54.0
Z82.49,Family history of ischemic heart disease and other diseases of the circulatory system,0.4155124653624512,0.2803738317704603,0.3348214237525162,150,211,385,535,2361.0
Z82.5,Family history of asthma and other chronic lower respiratory diseases,0.0,0.0,0.0,0,0,8,8,33.0
Z82.61,Family history of arthritis,0.0,0.0,0.0,0,0,2,2,11.0
Z82.71,Family history of polycystic kidney,0.0,0.0,0.0,0,0,2,2,8.0
Z83.2,Family history of diseases of the blood and blood-forming organs and certain disorders involving the immune mechanism,0.0,0.0,0.0,0,0,16,16,49.0
Z83.3,Family history of diabetes mellitus,0.0,0.0,0.0,0,1,90,90,409.0
Z83.49,"Family history of other endocrine, nutritional and metabolic diseases",0.0,0.0,0.0,0,0,5,5,24.0
Z83.6,Family history of other diseases of the respiratory system,0.0,0.0,0.0,0,0,7,7,24.0
Z83.71,Family history of colonic polyps,0.0,0.0,0.0,0,0,2,2,9.0
Z83.79,Family history of other diseases of the digestive system,0.0,0.0,0.0,0,0,14,14,69.0
Z84.1,Family history of disorders of kidney and ureter,0.0,0.0,0.0,0,0,12,12,63.0
Z84.89,Family history of other specified conditions,0.0,0.0,0.0,0,0,9,9,43.0
Z85.00,Personal history of malignant neoplasm of unspecified digestive organ,0.0,0.0,0.0,0,0,2,2,11.0
Z85.01,Personal history of malignant neoplasm of esophagus,0.6956521737618148,0.8421052629362881,0.7619047567687075,32,14,6,38,185.0
Z85.028,Personal history of other malignant neoplasm of stomach,0.7999999994666667,0.5714285711564626,0.6666666614351853,12,3,9,21,102.0
Z85.038,Personal history of other malignant neoplasm of large intestine,0.8083623693098131,0.8467153284362512,0.8270944691264961,232,55,42,274,1184.0
Z85.048,"Personal history of other malignant neoplasm of rectum, rectosigmoid junction, and anus",0.6601941746931851,0.7906976743266632,0.7195767145410265,68,35,18,86,413.0
Z85.05,Personal history of malignant neoplasm of liver,0.644230769168824,0.6767676766993165,0.6600985171054867,67,37,32,99,460.0
Z85.060,Personal history of malignant carcinoid tumor of small intestine,0.0,0.0,0.0,0,0,3,3,16.0
Z85.068,Personal history of other malignant neoplasm of small intestine,0.4210526313573407,0.666666666111111,0.5161290271800208,8,11,4,12,34.0
Z85.07,Personal history of malignant neoplasm of pancreas,0.6315789472022161,0.558139534753921,0.5925925874653255,24,14,19,43,185.0
Z85.09,Personal history of malignant neoplasm of other digestive organs,0.1379310344351962,0.30769230745562126,0.1904761861111112,4,25,9,13,52.0
Z85.110,Personal history of malignant carcinoid tumor of bronchus and lung,0.9999999900000002,0.1999999996,0.33333332944444444,1,0,4,5,26.0
Z85.118,Personal history of other malignant neoplasm of bronchus and lung,0.7031249999725342,0.8256880733566198,0.7594936658861651,180,76,38,218,874.0
Z85.21,Personal history of malignant neoplasm of larynx,0.7777777774897119,0.8076923073816568,0.7924528248914205,21,6,5,26,108.0
Z85.22,"Personal history of malignant neoplasm of nasal cavities, middle ear, and accessory sinuses",0.0,0.0,0.0,0,1,3,3,13.0
Z85.3,Personal history of malignant neoplasm of breast,0.7510980966215066,0.8621848739350894,0.802816896419594,513,170,82,595,2866.0
Z85.41,Personal history of malignant neoplasm of cervix uteri,0.8266666665564445,0.7209302324743105,0.7701863303313916,62,13,24,86,242.0
Z85.42,Personal history of malignant neoplasm of other parts of uterus,0.6624999999585938,0.84799999993216,0.7438596441460142,106,54,19,125,487.0
Z85.43,Personal history of malignant neoplasm of ovary,0.7142857141836735,0.8333333331944445,0.769230764142012,50,20,10,60,299.0
Z85.44,Personal history of malignant neoplasm of other female genital organs,0.24999999968749997,0.13333333324444444,0.17391303879017025,2,6,13,15,75.0
Z85.46,Personal history of malignant neoplasm of prostate,0.8178294573484917,0.8701030927655649,0.8431568381447923,422,94,63,485,2353.0
Z85.47,Personal history of malignant neoplasm of testis,0.5624999998242187,0.6923076920414201,0.6206896500118906,18,14,8,26,124.0
Z85.50,Personal history of malignant neoplasm of unspecified urinary tract organ,0.0,0.0,0.0,0,0,2,2,10.0
Z85.51,Personal history of malignant neoplasm of bladder,0.6666666666296296,0.7999999999466666,0.7272727222699724,120,60,30,150,825.0
Z85.528,Personal history of other malignant neoplasm of kidney,0.7370892018433292,0.9127906976213493,0.8155844105987519,157,56,15,172,786.0
Z85.53,Personal history of malignant neoplasm of renal pelvis,0.0,0.0,0.0,0,0,7,7,33.0
Z85.54,Personal history of malignant neoplasm of ureter,0.5999999988,0.5999999988,0.5999999938,3,2,2,5,17.0
Z85.59,Personal history of malignant neoplasm of other urinary tract organ,0.999999995,0.3999999992,0.5714285657142857,2,0,3,5,12.0
Z85.6,Personal history of leukemia,0.999999995,0.05555555554012345,0.10526315684210527,2,0,34,36,117.0
Z85.71,Personal history of Hodgkin lymphoma,0.6444444443728395,0.8923076921704143,0.7483870918077004,58,32,7,65,203.0
Z85.72,Personal history of non-Hodgkin lymphomas,0.4444444444091711,0.5957446807876868,0.5090909041504132,56,70,38,94,499.0
Z85.79,"Personal history of other malignant neoplasms of lymphoid, hematopoietic and related tissues",0.4999999975,0.0624999999609375,0.1111111090123457,1,1,15,16,76.0
Z85.810,Personal history of malignant neoplasm of tongue,0.874999999453125,0.874999999453125,0.874999994453125,14,2,2,16,81.0
Z85.818,"Personal history of malignant neoplasm of other sites of lip, oral cavity, and pharynx",0.1666666666111111,0.29411764688581316,0.21276595273879592,5,25,12,17,85.0
Z85.819,"Personal history of malignant neoplasm of unspecified site of lip, oral cavity, and pharynx",0.2222222220987654,0.24999999984375,0.23529411252595164,4,14,12,16,47.0
Z85.820,Personal history of malignant melanoma of skin,0.6967213114468557,0.8173076922683986,0.7522123843789649,170,74,38,208,941.0
Z85.821,Personal history of Merkel cell carcinoma,0.0,0.0,0.0,0,0,2,2,11.0
Z85.828,Personal history of other malignant neoplasm of skin,0.6647807637812619,0.7253086419641156,0.693726932268613,470,237,178,648,2970.0
Z85.830,Personal history of malignant neoplasm of bone,0.4285714282653061,0.374999999765625,0.3999999947555556,6,8,10,16,67.0
Z85.831,Personal history of malignant neoplasm of soft tissue,0.5714285710204081,0.5714285710204081,0.5714285660204083,8,6,6,14,70.0
Z85.840,Personal history of malignant neoplasm of eye,0.0,0.0,0.0,0,1,4,4,17.0
Z85.841,Personal history of malignant neoplasm of brain,0.4444444441975308,0.3076923075739645,0.3636363586363637,8,10,18,26,81.0
Z85.848,Personal history of malignant neoplasm of other parts of nervous tissue,0.0,0.0,0.0,0,2,1,1,8.0
Z85.850,Personal history of malignant neoplasm of thyroid,0.9177215189292581,0.8579881656297048,0.8868501478566152,145,13,24,169,543.0
Z85.89,Personal history of malignant neoplasm of other organs and systems,0.4210526313573407,0.10666666665244445,0.17021276269579003,8,11,67,75,268.0
Z85.9,"Personal history of malignant neoplasm, unspecified",0.0,0.0,0.0,0,0,9,9,42.0
Z86.000,Personal history of in-situ neoplasm of breast,0.0,0.0,0.0,0,6,20,20,56.0
Z86.008,Personal history of in-situ neoplasm of other site,0.0,0.0,0.0,0,0,3,3,15.0
Z86.010,Personal history of colonic polyps,0.4999999995833333,0.0320855614956104,0.06030150639832329,6,6,181,187,882.0
Z86.011,Personal history of benign neoplasm of the brain,0.0,0.0,0.0,0,0,11,11,57.0
Z86.018,Personal history of other benign neoplasm,0.0,0.0,0.0,0,1,8,8,41.0
Z86.03,Personal history of neoplasm of uncertain behavior,0.0,0.0,0.0,0,0,2,2,9.0
Z86.11,Personal history of tuberculosis,0.44680851054323223,0.4999999998809524,0.47191010726928423,21,26,21,42,210.0
Z86.12,Personal history of poliomyelitis,0.41666666631944443,0.45454545413223135,0.4347826033270321,5,7,6,11,55.0
Z86.13,Personal history of malaria,0.4999999975,0.4999999975,0.4999999925000001,1,1,1,2,11.0
Z86.14,Personal history of Methicillin resistant Staphylococcus aureus infection,0.3333333331944444,0.13559322031600116,0.1927710801799972,8,16,51,59,271.0
Z86.19,Personal history of other infectious and parasitic diseases,0.3636363633057851,0.01834862385236933,0.034934496898991266,4,7,214,218,1049.0
Z86.2,Personal history of diseases of the blood and blood-forming organs and certain disorders involving the immune mechanism,0.0,0.0,0.0,0,0,4,4,18.0
Z86.39,"Personal history of other endocrine, nutritional and metabolic disease",0.0,0.0,0.0,0,0,8,8,27.0
Z86.59,Personal history of other mental and behavioral disorders,0.0,0.0,0.0,0,0,8,8,30.0
Z86.61,Personal history of infections of the central nervous system,0.4444444439506172,0.2352941175086505,0.3076923029289941,4,5,13,17,76.0
Z86.69,Personal history of other diseases of the nervous system and sense organs,0.0,0.0,0.0,0,0,16,16,58.0
Z86.711,Personal history of pulmonary embolism,0.8251028806499475,0.9041713641386226,0.8628294732152642,802,170,85,887,3608.0
Z86.718,Personal history of other venous thrombosis and embolism,0.7524091919884922,0.8113509192581028,0.7807692257703286,1015,334,236,1251,5507.0
Z86.72,Personal history of thrombophlebitis,0.0,0.0,0.0,0,1,4,4,19.0
Z86.73,"Personal history of transient ischemic attack (TIA), and cerebral infarction without residual deficits",0.6823855755847269,0.7616099071148483,0.7198244280748912,984,458,308,1292,5802.0
Z86.74,Personal history of sudden cardiac arrest,0.4724409448632897,0.7792207791701804,0.5882352893891774,120,134,34,154,631.0
Z86.79,Personal history of other diseases of the circulatory system,0.0,0.0,0.0,0,0,47,47,189.0
Z87.01,Personal history of pneumonia (recurrent),0.09090909082644627,0.011363636362345043,0.02020201822263054,1,10,87,88,372.0
Z87.09,Personal history of other diseases of the respiratory system,0.0,0.0,0.0,0,0,3,3,13.0
Z87.11,Personal history of peptic ulcer disease,0.30303030293847566,0.0833333333263889,0.13071895084796456,10,23,110,120,596.0
Z87.19,Personal history of other diseases of the digestive system,0.0,0.0,0.0,0,0,62,62,285.0
Z87.310,Personal history of (healed) osteoporosis fracture,0.0,0.0,0.0,0,0,25,25,116.0
Z87.311,Personal history of (healed) other pathological fracture,0.0,0.0,0.0,0,0,19,19,94.0
Z87.39,Personal history of other diseases of the musculoskeletal system and connective tissue,0.0,0.0,0.0,0,0,5,5,10.0
Z87.42,Personal history of other diseases of the female genital tract,0.0,0.0,0.0,0,0,3,3,18.0
Z87.440,Personal history of urinary (tract) infections,0.41514360312232,0.5145631067794639,0.4595375672982308,159,224,150,309,1224.0
Z87.442,Personal history of urinary calculi,0.3124999998046875,0.0375939849595794,0.06711409203369223,5,11,128,133,594.0
Z87.59,"Personal history of other complications of pregnancy, childbirth and the puerperium",0.0,0.0,0.0,0,0,2,2,8.0
Z87.74,Personal history of (corrected) congenital malformations of heart and circulatory system,0.2857142853061225,0.124999999921875,0.1739130390926277,2,5,14,16,52.0
Z87.81,Personal history of (healed) traumatic fracture,0.0,0.0,0.0,0,1,44,44,154.0
Z87.820,Personal history of traumatic brain injury,0.56115107909632,0.6446280991202787,0.5999999949778108,78,61,43,121,578.0
Z87.828,Personal history of other (healed) physical injury and trauma,0.0,0.0,0.0,0,0,6,6,30.0
Z87.890,Personal history of sex reassignment,0.0,0.0,0.0,0,0,5,5,25.0
Z87.891,Personal history of nicotine dependence,0.5141206675216398,0.5361445783123558,0.5249016988021252,3204,3028,2772,5976,26428.0
Z87.892,Personal history of anaphylaxis,0.0,0.0,0.0,0,0,3,3,16.0
Z87.898,Personal history of other specified conditions,0.0,0.0,0.0,0,0,39,39,148.0
Z88.0,Allergy status to penicillin,0.3333333322222222,0.027027027019722424,0.04999999858750004,1,2,36,37,156.0
Z88.1,Allergy status to other antibiotic agents status,0.0,0.0,0.0,0,2,24,24,107.0
Z88.2,Allergy status to sulfonamides status,0.0,0.0,0.0,0,0,15,15,61.0
Z88.3,Allergy status to other anti-infective agents status,0.0,0.0,0.0,0,0,2,2,11.0
Z88.5,Allergy status to narcotic agent status,0.0,0.0,0.0,0,0,14,14,59.0
Z88.6,Allergy status to analgesic agent status,0.7142857132653061,0.49999999949999996,0.5882352885813149,5,2,5,10,48.0
Z88.8,"Allergy status to other drugs, medicaments and biological substances status",0.5666666664777777,0.274193548342872,0.36956521291587907,17,13,45,62,307.0
Z89.021,Acquired absence of right finger(s),0.26666666648888887,0.30769230745562126,0.28571428053571435,4,11,9,13,63.0
Z89.022,Acquired absence of left finger(s),0.6363636357851239,0.49999999964285713,0.559999994624,7,4,7,14,53.0
Z89.029,Acquired absence of unspecified finger(s),0.0,0.0,0.0,0,0,3,3,14.0
Z89.411,Acquired absence of right great toe,0.28571428563265305,0.30303030293847566,0.2941176419766437,10,25,23,33,162.0
Z89.412,Acquired absence of left great toe,0.5454545449586776,0.19999999993333334,0.2926829227602618,6,5,24,30,152.0
Z89.421,Acquired absence of other right toe(s),0.4347826086011342,0.2857142856734694,0.34482758136147446,20,26,50,70,350.0
Z89.422,Acquired absence of other left toe(s),0.353846153791716,0.37096774187565035,0.3622047193551987,23,42,39,62,310.0
Z89.429,"Acquired absence of other toe(s), unspecified side",0.0,0.0,0.0,0,2,15,15,53.0
Z89.431,Acquired absence of right foot,0.39999999973333333,0.3157894735180055,0.35294117133217995,6,9,13,19,94.0
Z89.432,Acquired absence of left foot,0.3124999998046875,0.3571428568877551,0.3333333281333334,5,11,9,14,96.0
Z89.511,Acquired absence of right leg below knee,0.7662337661342554,0.9365079363592844,0.8428571377867348,59,18,4,63,307.0
Z89.512,Acquired absence of left leg below knee,0.738461538347929,0.9230769228994082,0.8205128154342903,48,17,4,52,259.0
Z89.611,Acquired absence of right leg above knee,0.639999999872,0.9411764703114187,0.761904756904762,32,18,2,34,96.0
Z89.612,Acquired absence of left leg above knee,0.7826086953119092,0.8571428567346938,0.8181818128202479,18,5,3,21,104.0
Z90.01,Acquired absence of eye,0.0,0.0,0.0,0,1,3,3,13.0
Z90.02,Acquired absence of larynx,0.1999999998,0.999999995,0.33333333000000004,2,8,0,2,9.0
Z90.10,Acquired absence of unspecified breast and nipple,0.0,0.0,0.0,0,3,16,16,75.0
Z90.11,Acquired absence of right breast and nipple,0.48717948705456937,0.42222222212839505,0.45238094729875283,19,20,26,45,131.0
Z90.12,Acquired absence of left breast and nipple,0.21874999993164063,0.19999999994285714,0.20895521882824694,7,25,28,35,155.0
Z90.13,Acquired absence of bilateral breasts and nipples,0.4482758619143876,0.46428571411989794,0.45614034571868267,13,16,15,28,139.0
Z90.2,Acquired absence of lung [part of],0.29729729721694664,0.18965517238109394,0.231578942563989,11,26,47,58,252.0
Z90.3,Acquired absence of stomach [part of],0.14285714265306124,0.04166666664930555,0.06451612549427699,1,6,23,24,119.0
Z90.410,Acquired total absence of pancreas,0.999999995,0.1999999998,0.33333333000000004,2,0,8,10,49.0
Z90.411,Acquired partial absence of pancreas,0.4999999975,0.039999999984,0.07407407264746231,1,1,24,25,116.0
Z90.49,Acquired absence of other specified parts of digestive tract,0.35483870963926467,0.09593023255535087,0.15102974492634938,33,60,311,344,1472.0
Z90.5,Acquired absence of kidney,0.5606694560434866,0.8589743589192965,0.6784810078446403,134,105,22,156,619.0
Z90.6,Acquired absence of other parts of urinary tract,0.14285714265306124,0.049999999975,0.07407407017832666,1,6,19,20,76.0
Z90.710,Acquired absence of both cervix and uterus,0.20833333324652778,0.039682539679390276,0.06666666396977788,5,19,121,126,450.0
Z90.711,Acquired absence of uterus with remaining cervical stump,0.0,0.0,0.0,0,0,2,2,12.0
Z90.721,"Acquired absence of ovaries, unilateral",0.0,0.0,0.0,0,0,8,8,37.0
Z90.722,"Acquired absence of ovaries, bilateral",0.249999999375,0.0322580645057232,0.057142855085714345,1,3,30,31,150.0
Z90.79,Acquired absence of other genital organ(s),0.249999999375,0.014084507040269789,0.026666665649777814,1,3,70,71,310.0
Z90.81,Acquired absence of spleen,0.5454545452892562,0.27272727268595043,0.3636363591184574,18,15,48,66,326.0
Z91.013,Allergy to seafood,0.0,0.0,0.0,0,0,5,5,26.0
Z91.018,Allergy to other foods,0.0,0.0,0.0,0,0,5,5,23.0
Z91.040,Latex allergy status,0.0,0.0,0.0,0,0,4,4,21.0
Z91.041,Radiographic dye allergy status,0.3333333322222222,0.06666666662222222,0.1111111082098766,1,2,14,15,78.0
Z91.048,Other nonmedicinal substance allergy status,0.0,0.0,0.0,0,0,2,2,9.0
Z91.09,"Other allergy status, other than to drugs and biological substances",0.0,0.0,0.0,0,0,3,3,16.0
Z91.11,Patient's noncompliance with dietary regimen,0.30136986297241514,0.3728813558690032,0.33333332833907264,22,51,37,59,268.0
Z91.120,Patient's intentional underdosing of medication regimen due to financial hardship,0.0,0.0,0.0,0,4,13,13,64.0
Z91.128,Patient's intentional underdosing of medication regimen for other reason,0.0,0.0,0.0,0,4,114,114,387.0
Z91.130,Patient's unintentional underdosing of medication regimen due to age-related debility,0.0,0.0,0.0,0,0,3,3,13.0
Z91.138,Patient's unintentional underdosing of medication regimen for other reason,0.0,0.0,0.0,0,1,40,40,199.0
Z91.14,Patient's other noncompliance with medication regimen,0.4345454545375537,0.609693877535467,0.5074309930067481,239,311,153,392,1750.0
Z91.15,Patient's noncompliance with renal dialysis,0.4324324323155588,0.7999999996,0.5614035040196984,16,21,4,20,98.0
Z91.19,Patient's noncompliance with other medical treatment and regimen,0.3684210525669437,0.15671641789875249,0.21989528374770434,21,36,113,134,500.0
Z91.410,Personal history of adult physical and sexual abuse,0.0,0.0,0.0,0,5,22,22,97.0
Z91.411,Personal history of adult psychological abuse,0.0,0.0,0.0,0,0,2,2,9.0
Z91.419,Personal history of unspecified adult abuse,0.0,0.0,0.0,0,0,2,2,11.0
Z91.5,Personal history of self-harm,0.37267080743026887,0.43478260866414614,0.40133778764488093,60,101,78,138,678.0
Z91.81,History of falling,0.5510204081530423,0.5059625212860994,0.5275310784810661,297,242,290,587,2628.0
Z91.83,Wandering in diseases classified elsewhere,0.0,0.0,0.0,0,1,8,8,38.0
Z92.21,Personal history of antineoplastic chemotherapy,0.49206349198538674,0.08222811670869422,0.1409090884490703,31,32,346,377,1693.0
Z92.3,Personal history of irradiation,0.4428571427938776,0.07828282828085144,0.13304720774171566,31,39,365,396,1901.0
Z92.82,Status post administration of tPA (rtPA) in a different facility within the last 24 hours prior to admission to current facility,0.6760563379329498,0.959999999808,0.7933884247715322,48,23,2,50,251.0
Z93.0,Tracheostomy status,0.5905511810558621,0.9259259258116141,0.7211538413290497,75,52,6,81,328.0
Z93.1,Gastrostomy status,0.6129032257782072,0.7348066297936571,0.6683417035500366,133,84,48,181,640.0
Z93.2,Ileostomy status,0.5977011493909367,0.8455284552158108,0.7003366954369735,104,70,19,123,530.0
Z93.3,Colostomy status,0.578571428530102,0.7714285713551021,0.6612244848439817,81,59,24,105,495.0
Z93.4,Other artificial openings of gastrointestinal tract status,0.5909090906404958,0.39393939382001836,0.47272726775537194,13,9,20,33,145.0
Z93.50,Unspecified cystostomy status,0.0,0.0,0.0,0,0,5,5,25.0
Z93.51,Cutaneous-vesicostomy status,0.0,0.0,0.0,0,0,4,4,17.0
Z93.59,Other cystostomy status,0.0,0.0,0.0,0,0,2,2,12.0
Z93.6,Other artificial openings of urinary tract status,0.4672897195824963,0.7352941175389274,0.5714285666115919,50,57,18,68,321.0
Z93.8,Other artificial opening status,0.0,0.0,0.0,0,0,4,4,20.0
Z94.0,Kidney transplant status,0.6918767506808998,0.898181818149157,0.7816455646796888,247,110,28,275,1181.0
Z94.1,Heart transplant status,0.8333333328703704,0.8823529406574394,0.8571428516571429,15,3,2,17,25.0
Z94.4,Liver transplant status,0.7128712870934222,0.9350649350042165,0.8089887590903927,144,58,10,154,705.0
Z94.7,Corneal transplant status,0.5882352937716263,0.7692307686390532,0.6666666613111112,10,7,3,13,71.0
Z94.81,Bone marrow transplant status,0.3999999998,0.470588235017301,0.43243242723155584,8,12,9,17,66.0
Z94.83,Pancreas transplant status,0.7692307690828403,0.99999999975,0.8695652122873346,40,12,0,40,254.0
Z94.84,Stem cells transplant status,0.7037037036515774,0.6884057970515648,0.6959706909203129,95,40,43,138,521.0
Z94.89,Other transplanted organ and tissue status,0.0,0.0,0.0,0,0,5,5,26.0
Z95.0,Presence of cardiac pacemaker,0.7261029411631231,0.8719646798924511,0.7923771264199418,395,149,58,453,2102.0
Z95.1,Presence of aortocoronary bypass graft,0.8807588075801197,0.9365994236221269,0.9078212240465472,975,132,66,1041,4478.0
Z95.2,Presence of prosthetic heart valve,0.5735294117506488,0.7572815533735507,0.6527196603490836,234,174,75,309,1490.0
Z95.3,Presence of xenogenic heart valve,0.4193548386758585,0.3687943262149791,0.39245282517963687,52,72,89,141,601.0
Z95.4,Presence of other heart-valve replacement,0.0,0.0,0.0,0,0,52,52,259.0
Z95.5,Presence of coronary angioplasty implant and graft,0.7466843501276745,0.8654880860809725,0.8017087881862716,1126,382,175,1301,5576.0
Z95.810,Presence of automatic (implantable) cardiac defibrillator,0.5590551180955629,0.8765432098404714,0.6826923029149717,213,168,30,243,1056.0
Z95.811,Presence of heart assist device,0.4487179486604208,0.9999999997142857,0.6194690221630511,35,43,0,35,97.0
Z95.818,Presence of other cardiac implants and grafts,0.4999999975,0.04347826085066162,0.079999998464,1,1,22,23,80.0
Z95.820,Peripheral vascular angioplasty status with implants and grafts,0.47826086935727785,0.10280373830814919,0.16923076629230774,11,12,96,107,375.0
Z95.828,Presence of other vascular implants and grafts,0.0,0.0,0.0,0,0,54,54,267.0
Z96.0,Presence of urogenital implants,0.0,0.0,0.0,0,0,14,14,71.0
Z96.1,Presence of intraocular lens,0.9999999900000002,0.02222222221728395,0.04347826042533081,1,0,44,45,150.0
Z96.21,Cochlear implant status,0.0,0.0,0.0,0,2,2,2,9.0
Z96.41,Presence of insulin pump (external) (internal),0.7142857142256903,0.8854166665744359,0.7906976694022716,85,34,11,96,403.0
Z96.611,Presence of right artificial shoulder joint,0.5312499998339844,0.6071428569260204,0.5666666615,17,15,11,28,139.0
Z96.612,Presence of left artificial shoulder joint,0.6904761903117914,0.7073170729982153,0.6987951755552331,29,13,12,41,115.0
Z96.619,Presence of unspecified artificial shoulder joint,0.0,0.0,0.0,0,0,5,5,14.0
Z96.641,Presence of right artificial hip joint,0.5828877005035888,0.5291262135665472,0.5547073741183173,109,78,97,206,888.0
Z96.642,Presence of left artificial hip joint,0.5813953487921398,0.48701298698136275,0.5300353306906067,75,54,79,154,617.0
Z96.643,"Presence of artificial hip joint, bilateral",0.610687022854146,0.6837606837022427,0.6451612852864854,80,51,37,117,560.0
Z96.649,Presence of unspecified artificial hip joint,0.14285714265306124,0.027027027019722424,0.04545454275826462,1,6,36,37,172.0
Z96.651,Presence of right artificial knee joint,0.5510204081407747,0.6164383561362357,0.5818965467147555,135,110,84,219,984.0
Z96.652,Presence of left artificial knee joint,0.6540880502733277,0.5810055865597203,0.6153846103657085,104,55,75,179,791.0
Z96.653,"Presence of artificial knee joint, bilateral",0.7168141592603179,0.6352941176221453,0.6735966685868405,162,64,93,255,1128.0
Z96.659,Presence of unspecified artificial knee joint,0.2816901408053958,0.444444444345679,0.3448275813986326,20,51,25,45,178.0
Z96.698,Presence of other orthopedic joint implants,0.0,0.0,0.0,0,0,2,2,11.0
Z96.7,Presence of other bone and tendon implants,0.0,0.0,0.0,0,0,3,3,16.0
Z96.89,Presence of other specified functional implants,0.6666666644444444,0.07142857140306122,0.12903225623309053,2,1,26,28,121.0
Z97.0,Presence of artificial eye,0.0,0.0,0.0,0,4,4,4,18.0
Z97.5,Presence of (intrauterine) contraceptive device,0.0,0.0,0.0,0,5,11,11,42.0
Z97.8,Presence of other specified devices,0.0,0.0,0.0,0,0,3,3,18.0
Z98.0,Intestinal bypass and anastomosis status,0.0,0.0,0.0,0,0,60,60,298.0
Z98.1,Arthrodesis status,0.3734939758811148,0.291079812192907,0.32717677606226636,62,104,151,213,924.0
Z98.2,Presence of cerebrospinal fluid drainage device,0.545454545399449,0.89999999985,0.6792452782342472,54,45,6,60,237.0
Z98.41,"Cataract extraction status, right eye",0.0,0.0,0.0,0,0,6,6,27.0
Z98.42,"Cataract extraction status, left eye",0.0,0.0,0.0,0,0,6,6,27.0
Z98.49,"Cataract extraction status, unspecified eye",0.0,0.0,0.0,0,0,6,6,32.0
Z98.51,Tubal ligation status,0.0,0.0,0.0,0,0,9,9,43.0
Z98.61,Coronary angioplasty status,0.24576271184357945,0.17469879517019887,0.2042253472411229,29,89,137,166,726.0
Z98.62,Peripheral vascular angioplasty status,0.0,0.0,0.0,0,0,14,14,58.0
Z98.84,Bariatric surgery status,0.694444444426908,0.8258258258010263,0.7544581568822127,275,121,58,333,1448.0
Z98.89,Other specified postprocedural states,0.0,0.0,0.0,0,0,25,25,124.0
Z98.890,Other specified postprocedural states,0.9999999900000002,0.017241379307372177,0.03389830474001724,1,0,57,58,281.0
Z99.11,Dependence on respirator [ventilator] status,0.36842105253462604,0.4666666665111111,0.4117647008304499,14,24,16,30,144.0
Z99.2,Dependence on renal dialysis,0.8927536231754674,0.9535603715022668,0.9221556836143731,616,74,30,646,2768.0
Z99.3,Dependence on wheelchair,0.6030150753465822,0.45283018866215735,0.5172413743892131,120,79,145,265,1150.0
Z99.81,Dependence on supplemental oxygen,0.7597535934135574,0.729783037460951,0.744466795791874,370,117,137,507,2003.0
